ISO-10303-21;
HEADER;
/* Generated by software containing ST-Developer
 * from STEP Tools, Inc. (www.steptools.com) 
 */

FILE_DESCRIPTION(
/* description */ (''),
/* implementation_level */ '2;1');

FILE_NAME(
/* name */ 'receiver_heat_stake.step',
/* time_stamp */ '2026-10-03T13:54:11+08:00',
/* author */ (''),
/* organization */ (''),
/* preprocessor_version */ 'ST-DEVELOPER v20.2',
/* originating_system */ 'Autodesk Translation Framework v15.15.0.0',
/* authorisation */ '');

FILE_SCHEMA (('AUTOMOTIVE_DESIGN { 1 0 10303 214 3 1 1 }'));
ENDSEC;

DATA;
#10=MECHANICAL_DESIGN_GEOMETRIC_PRESENTATION_REPRESENTATION('',(#13),#3162);
#11=SHAPE_REPRESENTATION_RELATIONSHIP('SRR','None',#3169,#12);
#12=ADVANCED_BREP_SHAPE_REPRESENTATION('',(#14),#3161);
#13=STYLED_ITEM('',(#3179),#14);
#14=MANIFOLD_SOLID_BREP('Receiver_heat_stake_optimized',#1970);
#15=ELLIPSE('',#2001,2.26274169979695,1.6);
#16=CYLINDRICAL_SURFACE('',#1987,2.9);
#17=CYLINDRICAL_SURFACE('',#1993,2.9);
#18=CYLINDRICAL_SURFACE('',#1999,1.6);
#19=CYLINDRICAL_SURFACE('',#2004,1.6);
#20=CYLINDRICAL_SURFACE('',#2019,1.6);
#21=CYLINDRICAL_SURFACE('',#2027,1.1);
#22=CYLINDRICAL_SURFACE('',#2030,1.1);
#23=CYLINDRICAL_SURFACE('',#2033,1.1);
#24=CYLINDRICAL_SURFACE('',#2036,1.1);
#25=CYLINDRICAL_SURFACE('',#2066,7.5);
#26=FACE_BOUND('',#141,.T.);
#27=FACE_BOUND('',#145,.T.);
#28=FACE_BOUND('',#156,.T.);
#29=FACE_BOUND('',#157,.T.);
#30=FACE_BOUND('',#158,.T.);
#31=FACE_BOUND('',#159,.T.);
#32=FACE_BOUND('',#160,.T.);
#33=FACE_BOUND('',#161,.T.);
#34=FACE_BOUND('',#165,.T.);
#35=FACE_BOUND('',#174,.T.);
#36=FACE_BOUND('',#215,.T.);
#37=FACE_BOUND('',#217,.T.);
#38=FACE_BOUND('',#219,.T.);
#39=FACE_BOUND('',#250,.T.);
#40=FACE_BOUND('',#251,.T.);
#41=FACE_OUTER_BOUND('',#140,.T.);
#42=FACE_OUTER_BOUND('',#142,.T.);
#43=FACE_OUTER_BOUND('',#143,.T.);
#44=FACE_OUTER_BOUND('',#144,.T.);
#45=FACE_OUTER_BOUND('',#146,.T.);
#46=FACE_OUTER_BOUND('',#147,.T.);
#47=FACE_OUTER_BOUND('',#148,.T.);
#48=FACE_OUTER_BOUND('',#149,.T.);
#49=FACE_OUTER_BOUND('',#150,.T.);
#50=FACE_OUTER_BOUND('',#151,.T.);
#51=FACE_OUTER_BOUND('',#152,.T.);
#52=FACE_OUTER_BOUND('',#153,.T.);
#53=FACE_OUTER_BOUND('',#154,.T.);
#54=FACE_OUTER_BOUND('',#155,.T.);
#55=FACE_OUTER_BOUND('',#162,.T.);
#56=FACE_OUTER_BOUND('',#163,.T.);
#57=FACE_OUTER_BOUND('',#164,.T.);
#58=FACE_OUTER_BOUND('',#166,.T.);
#59=FACE_OUTER_BOUND('',#167,.T.);
#60=FACE_OUTER_BOUND('',#168,.T.);
#61=FACE_OUTER_BOUND('',#169,.T.);
#62=FACE_OUTER_BOUND('',#170,.T.);
#63=FACE_OUTER_BOUND('',#171,.T.);
#64=FACE_OUTER_BOUND('',#172,.T.);
#65=FACE_OUTER_BOUND('',#173,.T.);
#66=FACE_OUTER_BOUND('',#175,.T.);
#67=FACE_OUTER_BOUND('',#176,.T.);
#68=FACE_OUTER_BOUND('',#177,.T.);
#69=FACE_OUTER_BOUND('',#178,.T.);
#70=FACE_OUTER_BOUND('',#179,.T.);
#71=FACE_OUTER_BOUND('',#180,.T.);
#72=FACE_OUTER_BOUND('',#181,.T.);
#73=FACE_OUTER_BOUND('',#182,.T.);
#74=FACE_OUTER_BOUND('',#183,.T.);
#75=FACE_OUTER_BOUND('',#184,.T.);
#76=FACE_OUTER_BOUND('',#185,.T.);
#77=FACE_OUTER_BOUND('',#186,.T.);
#78=FACE_OUTER_BOUND('',#187,.T.);
#79=FACE_OUTER_BOUND('',#188,.T.);
#80=FACE_OUTER_BOUND('',#189,.T.);
#81=FACE_OUTER_BOUND('',#190,.T.);
#82=FACE_OUTER_BOUND('',#191,.T.);
#83=FACE_OUTER_BOUND('',#192,.T.);
#84=FACE_OUTER_BOUND('',#193,.T.);
#85=FACE_OUTER_BOUND('',#194,.T.);
#86=FACE_OUTER_BOUND('',#195,.T.);
#87=FACE_OUTER_BOUND('',#196,.T.);
#88=FACE_OUTER_BOUND('',#197,.T.);
#89=FACE_OUTER_BOUND('',#198,.T.);
#90=FACE_OUTER_BOUND('',#199,.T.);
#91=FACE_OUTER_BOUND('',#200,.T.);
#92=FACE_OUTER_BOUND('',#201,.T.);
#93=FACE_OUTER_BOUND('',#202,.T.);
#94=FACE_OUTER_BOUND('',#203,.T.);
#95=FACE_OUTER_BOUND('',#204,.T.);
#96=FACE_OUTER_BOUND('',#205,.T.);
#97=FACE_OUTER_BOUND('',#206,.T.);
#98=FACE_OUTER_BOUND('',#207,.T.);
#99=FACE_OUTER_BOUND('',#208,.T.);
#100=FACE_OUTER_BOUND('',#209,.T.);
#101=FACE_OUTER_BOUND('',#210,.T.);
#102=FACE_OUTER_BOUND('',#211,.T.);
#103=FACE_OUTER_BOUND('',#212,.T.);
#104=FACE_OUTER_BOUND('',#213,.T.);
#105=FACE_OUTER_BOUND('',#214,.T.);
#106=FACE_OUTER_BOUND('',#216,.T.);
#107=FACE_OUTER_BOUND('',#218,.T.);
#108=FACE_OUTER_BOUND('',#220,.T.);
#109=FACE_OUTER_BOUND('',#221,.T.);
#110=FACE_OUTER_BOUND('',#222,.T.);
#111=FACE_OUTER_BOUND('',#223,.T.);
#112=FACE_OUTER_BOUND('',#224,.T.);
#113=FACE_OUTER_BOUND('',#225,.T.);
#114=FACE_OUTER_BOUND('',#226,.T.);
#115=FACE_OUTER_BOUND('',#227,.T.);
#116=FACE_OUTER_BOUND('',#228,.T.);
#117=FACE_OUTER_BOUND('',#229,.T.);
#118=FACE_OUTER_BOUND('',#230,.T.);
#119=FACE_OUTER_BOUND('',#231,.T.);
#120=FACE_OUTER_BOUND('',#232,.T.);
#121=FACE_OUTER_BOUND('',#233,.T.);
#122=FACE_OUTER_BOUND('',#234,.T.);
#123=FACE_OUTER_BOUND('',#235,.T.);
#124=FACE_OUTER_BOUND('',#236,.T.);
#125=FACE_OUTER_BOUND('',#237,.T.);
#126=FACE_OUTER_BOUND('',#238,.T.);
#127=FACE_OUTER_BOUND('',#239,.T.);
#128=FACE_OUTER_BOUND('',#240,.T.);
#129=FACE_OUTER_BOUND('',#241,.T.);
#130=FACE_OUTER_BOUND('',#242,.T.);
#131=FACE_OUTER_BOUND('',#243,.T.);
#132=FACE_OUTER_BOUND('',#244,.T.);
#133=FACE_OUTER_BOUND('',#245,.T.);
#134=FACE_OUTER_BOUND('',#246,.T.);
#135=FACE_OUTER_BOUND('',#247,.T.);
#136=FACE_OUTER_BOUND('',#248,.T.);
#137=FACE_OUTER_BOUND('',#249,.T.);
#138=FACE_OUTER_BOUND('',#252,.T.);
#139=FACE_OUTER_BOUND('',#253,.T.);
#140=EDGE_LOOP('',(#1234,#1235));
#141=EDGE_LOOP('',(#1236));
#142=EDGE_LOOP('',(#1237,#1238,#1239,#1240));
#143=EDGE_LOOP('',(#1241,#1242,#1243,#1244,#1245,#1246,#1247,#1248,#1249,
#1250));
#144=EDGE_LOOP('',(#1251,#1252,#1253));
#145=EDGE_LOOP('',(#1254));
#146=EDGE_LOOP('',(#1255,#1256,#1257,#1258,#1259,#1260));
#147=EDGE_LOOP('',(#1261,#1262));
#148=EDGE_LOOP('',(#1263,#1264,#1265,#1266,#1267,#1268,#1269,#1270));
#149=EDGE_LOOP('',(#1271,#1272,#1273,#1274,#1275));
#150=EDGE_LOOP('',(#1276,#1277,#1278,#1279));
#151=EDGE_LOOP('',(#1280,#1281,#1282,#1283,#1284,#1285));
#152=EDGE_LOOP('',(#1286,#1287,#1288,#1289));
#153=EDGE_LOOP('',(#1290,#1291,#1292,#1293));
#154=EDGE_LOOP('',(#1294,#1295,#1296,#1297));
#155=EDGE_LOOP('',(#1298,#1299,#1300,#1301,#1302,#1303,#1304,#1305,#1306,
#1307,#1308,#1309,#1310,#1311,#1312,#1313,#1314,#1315,#1316,#1317));
#156=EDGE_LOOP('',(#1318,#1319,#1320,#1321,#1322,#1323,#1324));
#157=EDGE_LOOP('',(#1325,#1326,#1327,#1328));
#158=EDGE_LOOP('',(#1329));
#159=EDGE_LOOP('',(#1330));
#160=EDGE_LOOP('',(#1331));
#161=EDGE_LOOP('',(#1332));
#162=EDGE_LOOP('',(#1333,#1334,#1335,#1336));
#163=EDGE_LOOP('',(#1337,#1338,#1339,#1340,#1341,#1342));
#164=EDGE_LOOP('',(#1343,#1344,#1345,#1346));
#165=EDGE_LOOP('',(#1347));
#166=EDGE_LOOP('',(#1348,#1349,#1350,#1351,#1352,#1353));
#167=EDGE_LOOP('',(#1354,#1355,#1356,#1357,#1358,#1359,#1360,#1361));
#168=EDGE_LOOP('',(#1362,#1363,#1364,#1365));
#169=EDGE_LOOP('',(#1366,#1367,#1368,#1369,#1370,#1371,#1372,#1373,#1374,
#1375,#1376,#1377));
#170=EDGE_LOOP('',(#1378,#1379,#1380,#1381));
#171=EDGE_LOOP('',(#1382,#1383,#1384,#1385,#1386,#1387));
#172=EDGE_LOOP('',(#1388,#1389,#1390,#1391));
#173=EDGE_LOOP('',(#1392,#1393,#1394,#1395));
#174=EDGE_LOOP('',(#1396));
#175=EDGE_LOOP('',(#1397,#1398,#1399,#1400,#1401,#1402,#1403,#1404,#1405,
#1406));
#176=EDGE_LOOP('',(#1407,#1408,#1409,#1410));
#177=EDGE_LOOP('',(#1411));
#178=EDGE_LOOP('',(#1412,#1413,#1414,#1415));
#179=EDGE_LOOP('',(#1416));
#180=EDGE_LOOP('',(#1417,#1418,#1419,#1420));
#181=EDGE_LOOP('',(#1421));
#182=EDGE_LOOP('',(#1422,#1423,#1424,#1425));
#183=EDGE_LOOP('',(#1426));
#184=EDGE_LOOP('',(#1427,#1428,#1429,#1430));
#185=EDGE_LOOP('',(#1431,#1432,#1433,#1434));
#186=EDGE_LOOP('',(#1435,#1436,#1437,#1438));
#187=EDGE_LOOP('',(#1439,#1440,#1441,#1442));
#188=EDGE_LOOP('',(#1443,#1444,#1445,#1446));
#189=EDGE_LOOP('',(#1447,#1448));
#190=EDGE_LOOP('',(#1449,#1450,#1451,#1452));
#191=EDGE_LOOP('',(#1453,#1454,#1455,#1456,#1457,#1458));
#192=EDGE_LOOP('',(#1459,#1460,#1461,#1462));
#193=EDGE_LOOP('',(#1463,#1464,#1465,#1466));
#194=EDGE_LOOP('',(#1467,#1468,#1469,#1470));
#195=EDGE_LOOP('',(#1471,#1472,#1473,#1474,#1475,#1476,#1477,#1478));
#196=EDGE_LOOP('',(#1479,#1480,#1481,#1482));
#197=EDGE_LOOP('',(#1483,#1484,#1485,#1486));
#198=EDGE_LOOP('',(#1487,#1488,#1489,#1490,#1491,#1492));
#199=EDGE_LOOP('',(#1493,#1494,#1495,#1496));
#200=EDGE_LOOP('',(#1497,#1498,#1499,#1500));
#201=EDGE_LOOP('',(#1501,#1502,#1503,#1504,#1505,#1506,#1507,#1508));
#202=EDGE_LOOP('',(#1509,#1510,#1511,#1512));
#203=EDGE_LOOP('',(#1513,#1514,#1515,#1516));
#204=EDGE_LOOP('',(#1517,#1518,#1519,#1520));
#205=EDGE_LOOP('',(#1521,#1522,#1523,#1524,#1525,#1526,#1527,#1528));
#206=EDGE_LOOP('',(#1529,#1530,#1531,#1532,#1533,#1534));
#207=EDGE_LOOP('',(#1535,#1536,#1537,#1538));
#208=EDGE_LOOP('',(#1539,#1540,#1541,#1542));
#209=EDGE_LOOP('',(#1543,#1544,#1545,#1546,#1547,#1548,#1549,#1550,#1551,
#1552,#1553,#1554,#1555,#1556,#1557,#1558,#1559,#1560,#1561,#1562,#1563,
#1564,#1565,#1566));
#210=EDGE_LOOP('',(#1567,#1568,#1569,#1570,#1571,#1572));
#211=EDGE_LOOP('',(#1573,#1574,#1575,#1576));
#212=EDGE_LOOP('',(#1577,#1578,#1579,#1580,#1581,#1582));
#213=EDGE_LOOP('',(#1583,#1584,#1585,#1586));
#214=EDGE_LOOP('',(#1587,#1588,#1589,#1590,#1591,#1592,#1593,#1594));
#215=EDGE_LOOP('',(#1595,#1596,#1597,#1598));
#216=EDGE_LOOP('',(#1599,#1600,#1601,#1602,#1603,#1604,#1605,#1606,#1607,
#1608,#1609,#1610));
#217=EDGE_LOOP('',(#1611));
#218=EDGE_LOOP('',(#1612,#1613,#1614,#1615,#1616,#1617,#1618,#1619));
#219=EDGE_LOOP('',(#1620,#1621,#1622,#1623));
#220=EDGE_LOOP('',(#1624,#1625,#1626,#1627));
#221=EDGE_LOOP('',(#1628,#1629,#1630,#1631));
#222=EDGE_LOOP('',(#1632,#1633,#1634,#1635));
#223=EDGE_LOOP('',(#1636,#1637,#1638,#1639));
#224=EDGE_LOOP('',(#1640,#1641,#1642,#1643));
#225=EDGE_LOOP('',(#1644,#1645,#1646,#1647));
#226=EDGE_LOOP('',(#1648,#1649,#1650,#1651));
#227=EDGE_LOOP('',(#1652,#1653,#1654,#1655));
#228=EDGE_LOOP('',(#1656,#1657,#1658,#1659,#1660,#1661,#1662,#1663,#1664,
#1665,#1666,#1667,#1668,#1669,#1670,#1671));
#229=EDGE_LOOP('',(#1672,#1673,#1674,#1675));
#230=EDGE_LOOP('',(#1676,#1677,#1678,#1679,#1680,#1681,#1682,#1683));
#231=EDGE_LOOP('',(#1684,#1685,#1686,#1687));
#232=EDGE_LOOP('',(#1688,#1689,#1690,#1691));
#233=EDGE_LOOP('',(#1692,#1693,#1694));
#234=EDGE_LOOP('',(#1695,#1696,#1697));
#235=EDGE_LOOP('',(#1698,#1699,#1700,#1701));
#236=EDGE_LOOP('',(#1702,#1703,#1704,#1705));
#237=EDGE_LOOP('',(#1706,#1707,#1708,#1709));
#238=EDGE_LOOP('',(#1710,#1711,#1712,#1713));
#239=EDGE_LOOP('',(#1714,#1715,#1716,#1717));
#240=EDGE_LOOP('',(#1718,#1719,#1720,#1721));
#241=EDGE_LOOP('',(#1722,#1723,#1724,#1725,#1726,#1727,#1728,#1729));
#242=EDGE_LOOP('',(#1730,#1731,#1732,#1733));
#243=EDGE_LOOP('',(#1734,#1735,#1736,#1737));
#244=EDGE_LOOP('',(#1738,#1739,#1740,#1741));
#245=EDGE_LOOP('',(#1742,#1743,#1744,#1745,#1746,#1747,#1748,#1749));
#246=EDGE_LOOP('',(#1750,#1751,#1752));
#247=EDGE_LOOP('',(#1753,#1754,#1755));
#248=EDGE_LOOP('',(#1756,#1757,#1758,#1759));
#249=EDGE_LOOP('',(#1760,#1761,#1762,#1763,#1764,#1765,#1766,#1767));
#250=EDGE_LOOP('',(#1768,#1769,#1770));
#251=EDGE_LOOP('',(#1771,#1772,#1773));
#252=EDGE_LOOP('',(#1774,#1775,#1776,#1777));
#253=EDGE_LOOP('',(#1778,#1779,#1780,#1781));
#254=CIRCLE('',#1985,2.9);
#255=CIRCLE('',#1986,1.6);
#256=CIRCLE('',#1988,2.9);
#257=CIRCLE('',#1991,2.9);
#258=CIRCLE('',#1992,1.6);
#259=CIRCLE('',#1994,2.9);
#260=CIRCLE('',#1995,2.9);
#261=CIRCLE('',#2000,1.6);
#262=CIRCLE('',#2005,1.6);
#263=CIRCLE('',#2008,7.5);
#264=CIRCLE('',#2009,7.5);
#265=CIRCLE('',#2010,1.1);
#266=CIRCLE('',#2011,1.1);
#267=CIRCLE('',#2012,1.1);
#268=CIRCLE('',#2013,1.1);
#269=CIRCLE('',#2020,1.6);
#270=CIRCLE('',#2028,1.1);
#271=CIRCLE('',#2031,1.1);
#272=CIRCLE('',#2034,1.1);
#273=CIRCLE('',#2037,1.1);
#274=CIRCLE('',#2045,7.5);
#275=CIRCLE('',#2067,7.5);
#276=LINE('',#2607,#527);
#277=LINE('',#2613,#528);
#278=LINE('',#2616,#529);
#279=LINE('',#2619,#530);
#280=LINE('',#2621,#531);
#281=LINE('',#2623,#532);
#282=LINE('',#2625,#533);
#283=LINE('',#2627,#534);
#284=LINE('',#2629,#535);
#285=LINE('',#2630,#536);
#286=LINE('',#2634,#537);
#287=LINE('',#2637,#538);
#288=LINE('',#2642,#539);
#289=LINE('',#2646,#540);
#290=LINE('',#2649,#541);
#291=LINE('',#2651,#542);
#292=LINE('',#2654,#543);
#293=LINE('',#2656,#544);
#294=LINE('',#2658,#545);
#295=LINE('',#2660,#546);
#296=LINE('',#2662,#547);
#297=LINE('',#2663,#548);
#298=LINE('',#2666,#549);
#299=LINE('',#2668,#550);
#300=LINE('',#2669,#551);
#301=LINE('',#2675,#552);
#302=LINE('',#2678,#553);
#303=LINE('',#2681,#554);
#304=LINE('',#2683,#555);
#305=LINE('',#2685,#556);
#306=LINE('',#2687,#557);
#307=LINE('',#2688,#558);
#308=LINE('',#2691,#559);
#309=LINE('',#2692,#560);
#310=LINE('',#2695,#561);
#311=LINE('',#2700,#562);
#312=LINE('',#2702,#563);
#313=LINE('',#2704,#564);
#314=LINE('',#2705,#565);
#315=LINE('',#2709,#566);
#316=LINE('',#2711,#567);
#317=LINE('',#2713,#568);
#318=LINE('',#2715,#569);
#319=LINE('',#2717,#570);
#320=LINE('',#2718,#571);
#321=LINE('',#2720,#572);
#322=LINE('',#2722,#573);
#323=LINE('',#2724,#574);
#324=LINE('',#2725,#575);
#325=LINE('',#2727,#576);
#326=LINE('',#2729,#577);
#327=LINE('',#2731,#578);
#328=LINE('',#2733,#579);
#329=LINE('',#2735,#580);
#330=LINE('',#2737,#581);
#331=LINE('',#2738,#582);
#332=LINE('',#2741,#583);
#333=LINE('',#2743,#584);
#334=LINE('',#2745,#585);
#335=LINE('',#2747,#586);
#336=LINE('',#2749,#587);
#337=LINE('',#2755,#588);
#338=LINE('',#2757,#589);
#339=LINE('',#2759,#590);
#340=LINE('',#2760,#591);
#341=LINE('',#2770,#592);
#342=LINE('',#2771,#593);
#343=LINE('',#2773,#594);
#344=LINE('',#2774,#595);
#345=LINE('',#2775,#596);
#346=LINE('',#2778,#597);
#347=LINE('',#2781,#598);
#348=LINE('',#2783,#599);
#349=LINE('',#2785,#600);
#350=LINE('',#2787,#601);
#351=LINE('',#2788,#602);
#352=LINE('',#2791,#603);
#353=LINE('',#2795,#604);
#354=LINE('',#2797,#605);
#355=LINE('',#2799,#606);
#356=LINE('',#2801,#607);
#357=LINE('',#2802,#608);
#358=LINE('',#2806,#609);
#359=LINE('',#2808,#610);
#360=LINE('',#2810,#611);
#361=LINE('',#2811,#612);
#362=LINE('',#2813,#613);
#363=LINE('',#2814,#614);
#364=LINE('',#2816,#615);
#365=LINE('',#2817,#616);
#366=LINE('',#2821,#617);
#367=LINE('',#2823,#618);
#368=LINE('',#2825,#619);
#369=LINE('',#2826,#620);
#370=LINE('',#2829,#621);
#371=LINE('',#2834,#622);
#372=LINE('',#2839,#623);
#373=LINE('',#2844,#624);
#374=LINE('',#2850,#625);
#375=LINE('',#2851,#626);
#376=LINE('',#2852,#627);
#377=LINE('',#2855,#628);
#378=LINE('',#2856,#629);
#379=LINE('',#2859,#630);
#380=LINE('',#2860,#631);
#381=LINE('',#2862,#632);
#382=LINE('',#2866,#633);
#383=LINE('',#2870,#634);
#384=LINE('',#2871,#635);
#385=LINE('',#2872,#636);
#386=LINE('',#2875,#637);
#387=LINE('',#2876,#638);
#388=LINE('',#2879,#639);
#389=LINE('',#2880,#640);
#390=LINE('',#2882,#641);
#391=LINE('',#2886,#642);
#392=LINE('',#2887,#643);
#393=LINE('',#2891,#644);
#394=LINE('',#2892,#645);
#395=LINE('',#2893,#646);
#396=LINE('',#2895,#647);
#397=LINE('',#2898,#648);
#398=LINE('',#2900,#649);
#399=LINE('',#2902,#650);
#400=LINE('',#2903,#651);
#401=LINE('',#2906,#652);
#402=LINE('',#2907,#653);
#403=LINE('',#2911,#654);
#404=LINE('',#2913,#655);
#405=LINE('',#2915,#656);
#406=LINE('',#2916,#657);
#407=LINE('',#2919,#658);
#408=LINE('',#2921,#659);
#409=LINE('',#2923,#660);
#410=LINE('',#2924,#661);
#411=LINE('',#2927,#662);
#412=LINE('',#2929,#663);
#413=LINE('',#2930,#664);
#414=LINE('',#2933,#665);
#415=LINE('',#2935,#666);
#416=LINE('',#2936,#667);
#417=LINE('',#2939,#668);
#418=LINE('',#2941,#669);
#419=LINE('',#2942,#670);
#420=LINE('',#2945,#671);
#421=LINE('',#2947,#672);
#422=LINE('',#2949,#673);
#423=LINE('',#2951,#674);
#424=LINE('',#2952,#675);
#425=LINE('',#2955,#676);
#426=LINE('',#2957,#677);
#427=LINE('',#2958,#678);
#428=LINE('',#2961,#679);
#429=LINE('',#2962,#680);
#430=LINE('',#2964,#681);
#431=LINE('',#2966,#682);
#432=LINE('',#2968,#683);
#433=LINE('',#2970,#684);
#434=LINE('',#2971,#685);
#435=LINE('',#2973,#686);
#436=LINE('',#2975,#687);
#437=LINE('',#2977,#688);
#438=LINE('',#2979,#689);
#439=LINE('',#2981,#690);
#440=LINE('',#2983,#691);
#441=LINE('',#2985,#692);
#442=LINE('',#2987,#693);
#443=LINE('',#2988,#694);
#444=LINE('',#2991,#695);
#445=LINE('',#2996,#696);
#446=LINE('',#2998,#697);
#447=LINE('',#3000,#698);
#448=LINE('',#3001,#699);
#449=LINE('',#3003,#700);
#450=LINE('',#3005,#701);
#451=LINE('',#3007,#702);
#452=LINE('',#3008,#703);
#453=LINE('',#3011,#704);
#454=LINE('',#3013,#705);
#455=LINE('',#3014,#706);
#456=LINE('',#3017,#707);
#457=LINE('',#3019,#708);
#458=LINE('',#3021,#709);
#459=LINE('',#3023,#710);
#460=LINE('',#3024,#711);
#461=LINE('',#3027,#712);
#462=LINE('',#3029,#713);
#463=LINE('',#3031,#714);
#464=LINE('',#3032,#715);
#465=LINE('',#3035,#716);
#466=LINE('',#3037,#717);
#467=LINE('',#3039,#718);
#468=LINE('',#3041,#719);
#469=LINE('',#3043,#720);
#470=LINE('',#3045,#721);
#471=LINE('',#3046,#722);
#472=LINE('',#3047,#723);
#473=LINE('',#3050,#724);
#474=LINE('',#3052,#725);
#475=LINE('',#3053,#726);
#476=LINE('',#3054,#727);
#477=LINE('',#3057,#728);
#478=LINE('',#3059,#729);
#479=LINE('',#3061,#730);
#480=LINE('',#3062,#731);
#481=LINE('',#3065,#732);
#482=LINE('',#3067,#733);
#483=LINE('',#3068,#734);
#484=LINE('',#3071,#735);
#485=LINE('',#3072,#736);
#486=LINE('',#3075,#737);
#487=LINE('',#3076,#738);
#488=LINE('',#3078,#739);
#489=LINE('',#3082,#740);
#490=LINE('',#3084,#741);
#491=LINE('',#3085,#742);
#492=LINE('',#3088,#743);
#493=LINE('',#3090,#744);
#494=LINE('',#3091,#745);
#495=LINE('',#3093,#746);
#496=LINE('',#3096,#747);
#497=LINE('',#3097,#748);
#498=LINE('',#3098,#749);
#499=LINE('',#3100,#750);
#500=LINE('',#3101,#751);
#501=LINE('',#3102,#752);
#502=LINE('',#3104,#753);
#503=LINE('',#3107,#754);
#504=LINE('',#3108,#755);
#505=LINE('',#3110,#756);
#506=LINE('',#3114,#757);
#507=LINE('',#3115,#758);
#508=LINE('',#3117,#759);
#509=LINE('',#3120,#760);
#510=LINE('',#3122,#761);
#511=LINE('',#3123,#762);
#512=LINE('',#3126,#763);
#513=LINE('',#3127,#764);
#514=LINE('',#3130,#765);
#515=LINE('',#3131,#766);
#516=LINE('',#3133,#767);
#517=LINE('',#3136,#768);
#518=LINE('',#3139,#769);
#519=LINE('',#3140,#770);
#520=LINE('',#3141,#771);
#521=LINE('',#3143,#772);
#522=LINE('',#3146,#773);
#523=LINE('',#3151,#774);
#524=LINE('',#3152,#775);
#525=LINE('',#3154,#776);
#526=LINE('',#3156,#777);
#527=VECTOR('',#2110,10.);
#528=VECTOR('',#2117,10.);
#529=VECTOR('',#2120,10.);
#530=VECTOR('',#2123,10.);
#531=VECTOR('',#2124,10.);
#532=VECTOR('',#2125,10.);
#533=VECTOR('',#2126,10.);
#534=VECTOR('',#2127,10.);
#535=VECTOR('',#2128,10.);
#536=VECTOR('',#2129,10.);
#537=VECTOR('',#2132,10.);
#538=VECTOR('',#2135,10.);
#539=VECTOR('',#2140,10.);
#540=VECTOR('',#2143,10.);
#541=VECTOR('',#2146,10.);
#542=VECTOR('',#2149,10.);
#543=VECTOR('',#2152,10.);
#544=VECTOR('',#2153,10.);
#545=VECTOR('',#2154,10.);
#546=VECTOR('',#2155,10.);
#547=VECTOR('',#2156,10.);
#548=VECTOR('',#2157,10.);
#549=VECTOR('',#2160,10.);
#550=VECTOR('',#2161,10.);
#551=VECTOR('',#2162,10.);
#552=VECTOR('',#2167,10.);
#553=VECTOR('',#2170,10.);
#554=VECTOR('',#2173,10.);
#555=VECTOR('',#2174,10.);
#556=VECTOR('',#2175,10.);
#557=VECTOR('',#2176,10.);
#558=VECTOR('',#2177,10.);
#559=VECTOR('',#2180,10.);
#560=VECTOR('',#2181,10.);
#561=VECTOR('',#2184,1.6);
#562=VECTOR('',#2189,10.);
#563=VECTOR('',#2190,10.);
#564=VECTOR('',#2191,10.);
#565=VECTOR('',#2192,10.);
#566=VECTOR('',#2195,10.);
#567=VECTOR('',#2196,10.);
#568=VECTOR('',#2197,10.);
#569=VECTOR('',#2198,10.);
#570=VECTOR('',#2199,10.);
#571=VECTOR('',#2200,10.);
#572=VECTOR('',#2201,10.);
#573=VECTOR('',#2202,10.);
#574=VECTOR('',#2203,10.);
#575=VECTOR('',#2204,10.);
#576=VECTOR('',#2205,10.);
#577=VECTOR('',#2206,10.);
#578=VECTOR('',#2207,10.);
#579=VECTOR('',#2208,10.);
#580=VECTOR('',#2209,10.);
#581=VECTOR('',#2210,10.);
#582=VECTOR('',#2211,10.);
#583=VECTOR('',#2212,10.);
#584=VECTOR('',#2213,10.);
#585=VECTOR('',#2214,10.);
#586=VECTOR('',#2215,10.);
#587=VECTOR('',#2216,10.);
#588=VECTOR('',#2221,10.);
#589=VECTOR('',#2222,10.);
#590=VECTOR('',#2223,10.);
#591=VECTOR('',#2224,10.);
#592=VECTOR('',#2235,10.);
#593=VECTOR('',#2236,10.);
#594=VECTOR('',#2239,10.);
#595=VECTOR('',#2240,10.);
#596=VECTOR('',#2241,10.);
#597=VECTOR('',#2246,10.);
#598=VECTOR('',#2249,10.);
#599=VECTOR('',#2250,10.);
#600=VECTOR('',#2251,10.);
#601=VECTOR('',#2252,10.);
#602=VECTOR('',#2253,10.);
#603=VECTOR('',#2256,1.6);
#604=VECTOR('',#2261,10.);
#605=VECTOR('',#2262,10.);
#606=VECTOR('',#2263,10.);
#607=VECTOR('',#2264,10.);
#608=VECTOR('',#2265,10.);
#609=VECTOR('',#2268,10.);
#610=VECTOR('',#2269,10.);
#611=VECTOR('',#2270,10.);
#612=VECTOR('',#2271,10.);
#613=VECTOR('',#2274,10.);
#614=VECTOR('',#2275,10.);
#615=VECTOR('',#2278,10.);
#616=VECTOR('',#2279,10.);
#617=VECTOR('',#2284,10.);
#618=VECTOR('',#2285,10.);
#619=VECTOR('',#2286,10.);
#620=VECTOR('',#2287,10.);
#621=VECTOR('',#2290,1.1);
#622=VECTOR('',#2297,1.1);
#623=VECTOR('',#2304,1.1);
#624=VECTOR('',#2311,1.1);
#625=VECTOR('',#2318,10.);
#626=VECTOR('',#2319,10.);
#627=VECTOR('',#2320,10.);
#628=VECTOR('',#2323,10.);
#629=VECTOR('',#2324,10.);
#630=VECTOR('',#2327,10.);
#631=VECTOR('',#2328,10.);
#632=VECTOR('',#2331,10.);
#633=VECTOR('',#2338,10.);
#634=VECTOR('',#2341,10.);
#635=VECTOR('',#2342,10.);
#636=VECTOR('',#2343,10.);
#637=VECTOR('',#2346,10.);
#638=VECTOR('',#2347,10.);
#639=VECTOR('',#2350,10.);
#640=VECTOR('',#2351,10.);
#641=VECTOR('',#2354,10.);
#642=VECTOR('',#2359,10.);
#643=VECTOR('',#2360,10.);
#644=VECTOR('',#2363,10.);
#645=VECTOR('',#2364,10.);
#646=VECTOR('',#2365,10.);
#647=VECTOR('',#2368,10.);
#648=VECTOR('',#2371,10.);
#649=VECTOR('',#2372,10.);
#650=VECTOR('',#2373,10.);
#651=VECTOR('',#2374,10.);
#652=VECTOR('',#2377,10.);
#653=VECTOR('',#2378,10.);
#654=VECTOR('',#2381,10.);
#655=VECTOR('',#2382,10.);
#656=VECTOR('',#2383,10.);
#657=VECTOR('',#2384,10.);
#658=VECTOR('',#2387,10.);
#659=VECTOR('',#2388,10.);
#660=VECTOR('',#2389,10.);
#661=VECTOR('',#2390,10.);
#662=VECTOR('',#2393,10.);
#663=VECTOR('',#2394,10.);
#664=VECTOR('',#2395,10.);
#665=VECTOR('',#2398,10.);
#666=VECTOR('',#2399,10.);
#667=VECTOR('',#2400,10.);
#668=VECTOR('',#2403,10.);
#669=VECTOR('',#2404,10.);
#670=VECTOR('',#2405,10.);
#671=VECTOR('',#2408,10.);
#672=VECTOR('',#2409,10.);
#673=VECTOR('',#2410,10.);
#674=VECTOR('',#2411,10.);
#675=VECTOR('',#2412,10.);
#676=VECTOR('',#2415,10.);
#677=VECTOR('',#2416,10.);
#678=VECTOR('',#2417,10.);
#679=VECTOR('',#2420,10.);
#680=VECTOR('',#2421,10.);
#681=VECTOR('',#2424,10.);
#682=VECTOR('',#2427,10.);
#683=VECTOR('',#2428,10.);
#684=VECTOR('',#2429,10.);
#685=VECTOR('',#2430,10.);
#686=VECTOR('',#2431,10.);
#687=VECTOR('',#2432,10.);
#688=VECTOR('',#2433,10.);
#689=VECTOR('',#2434,10.);
#690=VECTOR('',#2435,10.);
#691=VECTOR('',#2436,10.);
#692=VECTOR('',#2437,10.);
#693=VECTOR('',#2438,10.);
#694=VECTOR('',#2439,10.);
#695=VECTOR('',#2442,7.5);
#696=VECTOR('',#2447,10.);
#697=VECTOR('',#2448,10.);
#698=VECTOR('',#2449,10.);
#699=VECTOR('',#2450,10.);
#700=VECTOR('',#2453,10.);
#701=VECTOR('',#2454,10.);
#702=VECTOR('',#2455,10.);
#703=VECTOR('',#2456,10.);
#704=VECTOR('',#2459,10.);
#705=VECTOR('',#2460,10.);
#706=VECTOR('',#2461,10.);
#707=VECTOR('',#2464,10.);
#708=VECTOR('',#2465,10.);
#709=VECTOR('',#2466,10.);
#710=VECTOR('',#2467,10.);
#711=VECTOR('',#2468,10.);
#712=VECTOR('',#2469,10.);
#713=VECTOR('',#2470,10.);
#714=VECTOR('',#2471,10.);
#715=VECTOR('',#2472,10.);
#716=VECTOR('',#2475,10.);
#717=VECTOR('',#2476,10.);
#718=VECTOR('',#2477,10.);
#719=VECTOR('',#2478,10.);
#720=VECTOR('',#2479,10.);
#721=VECTOR('',#2480,10.);
#722=VECTOR('',#2481,10.);
#723=VECTOR('',#2482,10.);
#724=VECTOR('',#2485,10.);
#725=VECTOR('',#2486,10.);
#726=VECTOR('',#2487,10.);
#727=VECTOR('',#2488,10.);
#728=VECTOR('',#2489,10.);
#729=VECTOR('',#2490,10.);
#730=VECTOR('',#2491,10.);
#731=VECTOR('',#2492,10.);
#732=VECTOR('',#2495,10.);
#733=VECTOR('',#2496,10.);
#734=VECTOR('',#2497,10.);
#735=VECTOR('',#2500,10.);
#736=VECTOR('',#2501,10.);
#737=VECTOR('',#2504,10.);
#738=VECTOR('',#2505,10.);
#739=VECTOR('',#2508,10.);
#740=VECTOR('',#2513,10.);
#741=VECTOR('',#2514,10.);
#742=VECTOR('',#2515,10.);
#743=VECTOR('',#2518,10.);
#744=VECTOR('',#2519,10.);
#745=VECTOR('',#2520,10.);
#746=VECTOR('',#2523,10.);
#747=VECTOR('',#2526,10.);
#748=VECTOR('',#2527,10.);
#749=VECTOR('',#2528,10.);
#750=VECTOR('',#2529,10.);
#751=VECTOR('',#2530,10.);
#752=VECTOR('',#2531,10.);
#753=VECTOR('',#2534,10.);
#754=VECTOR('',#2537,10.);
#755=VECTOR('',#2538,10.);
#756=VECTOR('',#2541,10.);
#757=VECTOR('',#2546,10.);
#758=VECTOR('',#2547,10.);
#759=VECTOR('',#2550,10.);
#760=VECTOR('',#2553,10.);
#761=VECTOR('',#2554,10.);
#762=VECTOR('',#2555,10.);
#763=VECTOR('',#2558,10.);
#764=VECTOR('',#2559,10.);
#765=VECTOR('',#2562,10.);
#766=VECTOR('',#2563,10.);
#767=VECTOR('',#2566,10.);
#768=VECTOR('',#2571,10.);
#769=VECTOR('',#2574,10.);
#770=VECTOR('',#2575,10.);
#771=VECTOR('',#2576,10.);
#772=VECTOR('',#2579,10.);
#773=VECTOR('',#2584,10.);
#774=VECTOR('',#2591,10.);
#775=VECTOR('',#2592,10.);
#776=VECTOR('',#2595,10.);
#777=VECTOR('',#2598,10.);
#778=VERTEX_POINT('',#2605);
#779=VERTEX_POINT('',#2606);
#780=VERTEX_POINT('',#2609);
#781=VERTEX_POINT('',#2612);
#782=VERTEX_POINT('',#2614);
#783=VERTEX_POINT('',#2618);
#784=VERTEX_POINT('',#2620);
#785=VERTEX_POINT('',#2622);
#786=VERTEX_POINT('',#2624);
#787=VERTEX_POINT('',#2626);
#788=VERTEX_POINT('',#2628);
#789=VERTEX_POINT('',#2632);
#790=VERTEX_POINT('',#2633);
#791=VERTEX_POINT('',#2635);
#792=VERTEX_POINT('',#2638);
#793=VERTEX_POINT('',#2641);
#794=VERTEX_POINT('',#2643);
#795=VERTEX_POINT('',#2645);
#796=VERTEX_POINT('',#2647);
#797=VERTEX_POINT('',#2653);
#798=VERTEX_POINT('',#2655);
#799=VERTEX_POINT('',#2657);
#800=VERTEX_POINT('',#2659);
#801=VERTEX_POINT('',#2661);
#802=VERTEX_POINT('',#2665);
#803=VERTEX_POINT('',#2667);
#804=VERTEX_POINT('',#2671);
#805=VERTEX_POINT('',#2672);
#806=VERTEX_POINT('',#2674);
#807=VERTEX_POINT('',#2676);
#808=VERTEX_POINT('',#2680);
#809=VERTEX_POINT('',#2682);
#810=VERTEX_POINT('',#2684);
#811=VERTEX_POINT('',#2686);
#812=VERTEX_POINT('',#2690);
#813=VERTEX_POINT('',#2694);
#814=VERTEX_POINT('',#2698);
#815=VERTEX_POINT('',#2699);
#816=VERTEX_POINT('',#2701);
#817=VERTEX_POINT('',#2703);
#818=VERTEX_POINT('',#2707);
#819=VERTEX_POINT('',#2708);
#820=VERTEX_POINT('',#2710);
#821=VERTEX_POINT('',#2712);
#822=VERTEX_POINT('',#2714);
#823=VERTEX_POINT('',#2716);
#824=VERTEX_POINT('',#2719);
#825=VERTEX_POINT('',#2721);
#826=VERTEX_POINT('',#2723);
#827=VERTEX_POINT('',#2726);
#828=VERTEX_POINT('',#2728);
#829=VERTEX_POINT('',#2730);
#830=VERTEX_POINT('',#2732);
#831=VERTEX_POINT('',#2734);
#832=VERTEX_POINT('',#2736);
#833=VERTEX_POINT('',#2739);
#834=VERTEX_POINT('',#2740);
#835=VERTEX_POINT('',#2742);
#836=VERTEX_POINT('',#2744);
#837=VERTEX_POINT('',#2746);
#838=VERTEX_POINT('',#2748);
#839=VERTEX_POINT('',#2750);
#840=VERTEX_POINT('',#2753);
#841=VERTEX_POINT('',#2754);
#842=VERTEX_POINT('',#2756);
#843=VERTEX_POINT('',#2758);
#844=VERTEX_POINT('',#2761);
#845=VERTEX_POINT('',#2763);
#846=VERTEX_POINT('',#2765);
#847=VERTEX_POINT('',#2767);
#848=VERTEX_POINT('',#2780);
#849=VERTEX_POINT('',#2782);
#850=VERTEX_POINT('',#2784);
#851=VERTEX_POINT('',#2786);
#852=VERTEX_POINT('',#2790);
#853=VERTEX_POINT('',#2794);
#854=VERTEX_POINT('',#2796);
#855=VERTEX_POINT('',#2798);
#856=VERTEX_POINT('',#2800);
#857=VERTEX_POINT('',#2804);
#858=VERTEX_POINT('',#2805);
#859=VERTEX_POINT('',#2807);
#860=VERTEX_POINT('',#2809);
#861=VERTEX_POINT('',#2820);
#862=VERTEX_POINT('',#2822);
#863=VERTEX_POINT('',#2824);
#864=VERTEX_POINT('',#2828);
#865=VERTEX_POINT('',#2833);
#866=VERTEX_POINT('',#2838);
#867=VERTEX_POINT('',#2843);
#868=VERTEX_POINT('',#2848);
#869=VERTEX_POINT('',#2849);
#870=VERTEX_POINT('',#2854);
#871=VERTEX_POINT('',#2858);
#872=VERTEX_POINT('',#2868);
#873=VERTEX_POINT('',#2869);
#874=VERTEX_POINT('',#2874);
#875=VERTEX_POINT('',#2878);
#876=VERTEX_POINT('',#2885);
#877=VERTEX_POINT('',#2889);
#878=VERTEX_POINT('',#2890);
#879=VERTEX_POINT('',#2897);
#880=VERTEX_POINT('',#2899);
#881=VERTEX_POINT('',#2901);
#882=VERTEX_POINT('',#2905);
#883=VERTEX_POINT('',#2909);
#884=VERTEX_POINT('',#2910);
#885=VERTEX_POINT('',#2912);
#886=VERTEX_POINT('',#2914);
#887=VERTEX_POINT('',#2918);
#888=VERTEX_POINT('',#2920);
#889=VERTEX_POINT('',#2922);
#890=VERTEX_POINT('',#2926);
#891=VERTEX_POINT('',#2928);
#892=VERTEX_POINT('',#2932);
#893=VERTEX_POINT('',#2934);
#894=VERTEX_POINT('',#2938);
#895=VERTEX_POINT('',#2940);
#896=VERTEX_POINT('',#2944);
#897=VERTEX_POINT('',#2946);
#898=VERTEX_POINT('',#2948);
#899=VERTEX_POINT('',#2950);
#900=VERTEX_POINT('',#2954);
#901=VERTEX_POINT('',#2956);
#902=VERTEX_POINT('',#2960);
#903=VERTEX_POINT('',#2967);
#904=VERTEX_POINT('',#2969);
#905=VERTEX_POINT('',#2972);
#906=VERTEX_POINT('',#2974);
#907=VERTEX_POINT('',#2976);
#908=VERTEX_POINT('',#2978);
#909=VERTEX_POINT('',#2980);
#910=VERTEX_POINT('',#2982);
#911=VERTEX_POINT('',#2984);
#912=VERTEX_POINT('',#2986);
#913=VERTEX_POINT('',#2990);
#914=VERTEX_POINT('',#2994);
#915=VERTEX_POINT('',#2995);
#916=VERTEX_POINT('',#2997);
#917=VERTEX_POINT('',#2999);
#918=VERTEX_POINT('',#3004);
#919=VERTEX_POINT('',#3006);
#920=VERTEX_POINT('',#3010);
#921=VERTEX_POINT('',#3012);
#922=VERTEX_POINT('',#3016);
#923=VERTEX_POINT('',#3018);
#924=VERTEX_POINT('',#3020);
#925=VERTEX_POINT('',#3022);
#926=VERTEX_POINT('',#3025);
#927=VERTEX_POINT('',#3026);
#928=VERTEX_POINT('',#3028);
#929=VERTEX_POINT('',#3030);
#930=VERTEX_POINT('',#3034);
#931=VERTEX_POINT('',#3036);
#932=VERTEX_POINT('',#3038);
#933=VERTEX_POINT('',#3040);
#934=VERTEX_POINT('',#3042);
#935=VERTEX_POINT('',#3044);
#936=VERTEX_POINT('',#3049);
#937=VERTEX_POINT('',#3051);
#938=VERTEX_POINT('',#3055);
#939=VERTEX_POINT('',#3056);
#940=VERTEX_POINT('',#3058);
#941=VERTEX_POINT('',#3060);
#942=VERTEX_POINT('',#3064);
#943=VERTEX_POINT('',#3066);
#944=VERTEX_POINT('',#3070);
#945=VERTEX_POINT('',#3074);
#946=VERTEX_POINT('',#3081);
#947=VERTEX_POINT('',#3083);
#948=VERTEX_POINT('',#3087);
#949=VERTEX_POINT('',#3089);
#950=VERTEX_POINT('',#3095);
#951=VERTEX_POINT('',#3099);
#952=VERTEX_POINT('',#3106);
#953=VERTEX_POINT('',#3113);
#954=VERTEX_POINT('',#3119);
#955=VERTEX_POINT('',#3121);
#956=VERTEX_POINT('',#3125);
#957=VERTEX_POINT('',#3129);
#958=VERTEX_POINT('',#3138);
#959=VERTEX_POINT('',#3150);
#960=EDGE_CURVE('',#778,#779,#276,.T.);
#961=EDGE_CURVE('',#779,#778,#254,.T.);
#962=EDGE_CURVE('',#780,#780,#255,.T.);
#963=EDGE_CURVE('',#781,#778,#277,.T.);
#964=EDGE_CURVE('',#782,#781,#256,.T.);
#965=EDGE_CURVE('',#779,#782,#278,.T.);
#966=EDGE_CURVE('',#782,#783,#279,.T.);
#967=EDGE_CURVE('',#784,#783,#280,.T.);
#968=EDGE_CURVE('',#785,#784,#281,.T.);
#969=EDGE_CURVE('',#785,#786,#282,.T.);
#970=EDGE_CURVE('',#786,#787,#283,.T.);
#971=EDGE_CURVE('',#787,#788,#284,.T.);
#972=EDGE_CURVE('',#788,#781,#285,.T.);
#973=EDGE_CURVE('',#789,#790,#286,.T.);
#974=EDGE_CURVE('',#791,#789,#257,.T.);
#975=EDGE_CURVE('',#790,#791,#287,.T.);
#976=EDGE_CURVE('',#792,#792,#258,.T.);
#977=EDGE_CURVE('',#793,#789,#288,.T.);
#978=EDGE_CURVE('',#794,#793,#259,.T.);
#979=EDGE_CURVE('',#795,#794,#289,.T.);
#980=EDGE_CURVE('',#796,#795,#260,.T.);
#981=EDGE_CURVE('',#791,#796,#290,.T.);
#982=EDGE_CURVE('',#794,#793,#291,.T.);
#983=EDGE_CURVE('',#796,#797,#292,.T.);
#984=EDGE_CURVE('',#797,#798,#293,.T.);
#985=EDGE_CURVE('',#798,#799,#294,.T.);
#986=EDGE_CURVE('',#799,#800,#295,.T.);
#987=EDGE_CURVE('',#801,#800,#296,.T.);
#988=EDGE_CURVE('',#790,#801,#297,.T.);
#989=EDGE_CURVE('',#802,#795,#298,.T.);
#990=EDGE_CURVE('',#802,#803,#299,.T.);
#991=EDGE_CURVE('',#803,#797,#300,.T.);
#992=EDGE_CURVE('',#804,#805,#261,.T.);
#993=EDGE_CURVE('',#806,#804,#301,.T.);
#994=EDGE_CURVE('',#807,#806,#15,.T.);
#995=EDGE_CURVE('',#805,#807,#302,.T.);
#996=EDGE_CURVE('',#808,#806,#303,.T.);
#997=EDGE_CURVE('',#808,#809,#304,.T.);
#998=EDGE_CURVE('',#809,#810,#305,.T.);
#999=EDGE_CURVE('',#811,#810,#306,.T.);
#1000=EDGE_CURVE('',#807,#811,#307,.T.);
#1001=EDGE_CURVE('',#804,#812,#308,.T.);
#1002=EDGE_CURVE('',#812,#808,#309,.T.);
#1003=EDGE_CURVE('',#780,#813,#310,.T.);
#1004=EDGE_CURVE('',#813,#813,#262,.T.);
#1005=EDGE_CURVE('',#814,#815,#311,.T.);
#1006=EDGE_CURVE('',#816,#814,#312,.T.);
#1007=EDGE_CURVE('',#817,#816,#313,.T.);
#1008=EDGE_CURVE('',#815,#817,#314,.T.);
#1009=EDGE_CURVE('',#818,#819,#315,.T.);
#1010=EDGE_CURVE('',#819,#820,#316,.T.);
#1011=EDGE_CURVE('',#820,#821,#317,.T.);
#1012=EDGE_CURVE('',#822,#821,#318,.T.);
#1013=EDGE_CURVE('',#823,#822,#319,.T.);
#1014=EDGE_CURVE('',#809,#823,#320,.T.);
#1015=EDGE_CURVE('',#812,#824,#321,.T.);
#1016=EDGE_CURVE('',#824,#825,#322,.T.);
#1017=EDGE_CURVE('',#825,#826,#323,.T.);
#1018=EDGE_CURVE('',#803,#826,#324,.T.);
#1019=EDGE_CURVE('',#827,#802,#325,.T.);
#1020=EDGE_CURVE('',#828,#827,#326,.T.);
#1021=EDGE_CURVE('',#829,#828,#327,.T.);
#1022=EDGE_CURVE('',#830,#829,#328,.T.);
#1023=EDGE_CURVE('',#831,#830,#329,.T.);
#1024=EDGE_CURVE('',#832,#831,#330,.T.);
#1025=EDGE_CURVE('',#818,#832,#331,.T.);
#1026=EDGE_CURVE('',#833,#834,#332,.T.);
#1027=EDGE_CURVE('',#834,#835,#333,.T.);
#1028=EDGE_CURVE('',#835,#836,#334,.T.);
#1029=EDGE_CURVE('',#836,#837,#335,.T.);
#1030=EDGE_CURVE('',#837,#838,#336,.T.);
#1031=EDGE_CURVE('',#838,#839,#263,.T.);
#1032=EDGE_CURVE('',#839,#833,#264,.T.);
#1033=EDGE_CURVE('',#840,#841,#337,.T.);
#1034=EDGE_CURVE('',#841,#842,#338,.T.);
#1035=EDGE_CURVE('',#842,#843,#339,.T.);
#1036=EDGE_CURVE('',#843,#840,#340,.T.);
#1037=EDGE_CURVE('',#844,#844,#265,.T.);
#1038=EDGE_CURVE('',#845,#845,#266,.T.);
#1039=EDGE_CURVE('',#846,#846,#267,.T.);
#1040=EDGE_CURVE('',#847,#847,#268,.T.);
#1041=EDGE_CURVE('',#814,#786,#341,.T.);
#1042=EDGE_CURVE('',#816,#785,#342,.T.);
#1043=EDGE_CURVE('',#817,#818,#343,.T.);
#1044=EDGE_CURVE('',#832,#788,#344,.T.);
#1045=EDGE_CURVE('',#815,#787,#345,.T.);
#1046=EDGE_CURVE('',#783,#831,#346,.T.);
#1047=EDGE_CURVE('',#830,#848,#347,.T.);
#1048=EDGE_CURVE('',#848,#849,#348,.T.);
#1049=EDGE_CURVE('',#849,#850,#349,.T.);
#1050=EDGE_CURVE('',#851,#850,#350,.T.);
#1051=EDGE_CURVE('',#851,#784,#351,.T.);
#1052=EDGE_CURVE('',#792,#852,#352,.T.);
#1053=EDGE_CURVE('',#852,#852,#269,.T.);
#1054=EDGE_CURVE('',#801,#853,#353,.T.);
#1055=EDGE_CURVE('',#854,#853,#354,.T.);
#1056=EDGE_CURVE('',#855,#854,#355,.T.);
#1057=EDGE_CURVE('',#855,#856,#356,.T.);
#1058=EDGE_CURVE('',#827,#856,#357,.T.);
#1059=EDGE_CURVE('',#857,#858,#358,.T.);
#1060=EDGE_CURVE('',#859,#857,#359,.T.);
#1061=EDGE_CURVE('',#860,#859,#360,.T.);
#1062=EDGE_CURVE('',#858,#860,#361,.T.);
#1063=EDGE_CURVE('',#826,#859,#362,.T.);
#1064=EDGE_CURVE('',#857,#798,#363,.T.);
#1065=EDGE_CURVE('',#800,#860,#364,.T.);
#1066=EDGE_CURVE('',#858,#799,#365,.T.);
#1067=EDGE_CURVE('',#825,#861,#366,.T.);
#1068=EDGE_CURVE('',#862,#861,#367,.T.);
#1069=EDGE_CURVE('',#863,#862,#368,.T.);
#1070=EDGE_CURVE('',#853,#863,#369,.T.);
#1071=EDGE_CURVE('',#847,#864,#370,.T.);
#1072=EDGE_CURVE('',#864,#864,#270,.T.);
#1073=EDGE_CURVE('',#846,#865,#371,.T.);
#1074=EDGE_CURVE('',#865,#865,#271,.T.);
#1075=EDGE_CURVE('',#845,#866,#372,.T.);
#1076=EDGE_CURVE('',#866,#866,#272,.T.);
#1077=EDGE_CURVE('',#844,#867,#373,.T.);
#1078=EDGE_CURVE('',#867,#867,#273,.T.);
#1079=EDGE_CURVE('',#868,#869,#374,.T.);
#1080=EDGE_CURVE('',#869,#841,#375,.T.);
#1081=EDGE_CURVE('',#868,#840,#376,.T.);
#1082=EDGE_CURVE('',#870,#868,#377,.T.);
#1083=EDGE_CURVE('',#870,#843,#378,.T.);
#1084=EDGE_CURVE('',#871,#870,#379,.T.);
#1085=EDGE_CURVE('',#871,#842,#380,.T.);
#1086=EDGE_CURVE('',#869,#871,#381,.T.);
#1087=EDGE_CURVE('',#833,#838,#274,.T.);
#1088=EDGE_CURVE('',#838,#833,#382,.T.);
#1089=EDGE_CURVE('',#872,#873,#383,.T.);
#1090=EDGE_CURVE('',#873,#835,#384,.T.);
#1091=EDGE_CURVE('',#872,#834,#385,.T.);
#1092=EDGE_CURVE('',#874,#872,#386,.T.);
#1093=EDGE_CURVE('',#874,#837,#387,.T.);
#1094=EDGE_CURVE('',#875,#874,#388,.T.);
#1095=EDGE_CURVE('',#875,#836,#389,.T.);
#1096=EDGE_CURVE('',#873,#875,#390,.T.);
#1097=EDGE_CURVE('',#876,#851,#391,.T.);
#1098=EDGE_CURVE('',#819,#876,#392,.T.);
#1099=EDGE_CURVE('',#877,#878,#393,.T.);
#1100=EDGE_CURVE('',#821,#877,#394,.T.);
#1101=EDGE_CURVE('',#820,#878,#395,.T.);
#1102=EDGE_CURVE('',#878,#876,#396,.T.);
#1103=EDGE_CURVE('',#879,#877,#397,.T.);
#1104=EDGE_CURVE('',#880,#879,#398,.T.);
#1105=EDGE_CURVE('',#880,#881,#399,.T.);
#1106=EDGE_CURVE('',#822,#881,#400,.T.);
#1107=EDGE_CURVE('',#861,#882,#401,.T.);
#1108=EDGE_CURVE('',#824,#882,#402,.T.);
#1109=EDGE_CURVE('',#883,#884,#403,.T.);
#1110=EDGE_CURVE('',#885,#883,#404,.T.);
#1111=EDGE_CURVE('',#886,#885,#405,.T.);
#1112=EDGE_CURVE('',#886,#884,#406,.T.);
#1113=EDGE_CURVE('',#887,#805,#407,.T.);
#1114=EDGE_CURVE('',#888,#887,#408,.T.);
#1115=EDGE_CURVE('',#889,#888,#409,.T.);
#1116=EDGE_CURVE('',#882,#889,#410,.T.);
#1117=EDGE_CURVE('',#884,#890,#411,.T.);
#1118=EDGE_CURVE('',#891,#886,#412,.T.);
#1119=EDGE_CURVE('',#890,#891,#413,.T.);
#1120=EDGE_CURVE('',#892,#883,#414,.T.);
#1121=EDGE_CURVE('',#893,#892,#415,.T.);
#1122=EDGE_CURVE('',#885,#893,#416,.T.);
#1123=EDGE_CURVE('',#891,#894,#417,.T.);
#1124=EDGE_CURVE('',#895,#894,#418,.T.);
#1125=EDGE_CURVE('',#890,#895,#419,.T.);
#1126=EDGE_CURVE('',#889,#896,#420,.T.);
#1127=EDGE_CURVE('',#897,#896,#421,.T.);
#1128=EDGE_CURVE('',#897,#898,#422,.T.);
#1129=EDGE_CURVE('',#898,#899,#423,.T.);
#1130=EDGE_CURVE('',#899,#862,#424,.T.);
#1131=EDGE_CURVE('',#811,#900,#425,.T.);
#1132=EDGE_CURVE('',#900,#901,#426,.T.);
#1133=EDGE_CURVE('',#887,#901,#427,.T.);
#1134=EDGE_CURVE('',#902,#888,#428,.T.);
#1135=EDGE_CURVE('',#896,#902,#429,.T.);
#1136=EDGE_CURVE('',#901,#902,#430,.T.);
#1137=EDGE_CURVE('',#850,#854,#431,.T.);
#1138=EDGE_CURVE('',#863,#903,#432,.T.);
#1139=EDGE_CURVE('',#903,#904,#433,.T.);
#1140=EDGE_CURVE('',#904,#892,#434,.T.);
#1141=EDGE_CURVE('',#895,#905,#435,.T.);
#1142=EDGE_CURVE('',#905,#906,#436,.T.);
#1143=EDGE_CURVE('',#906,#907,#437,.T.);
#1144=EDGE_CURVE('',#907,#908,#438,.T.);
#1145=EDGE_CURVE('',#908,#909,#439,.T.);
#1146=EDGE_CURVE('',#909,#910,#440,.T.);
#1147=EDGE_CURVE('',#910,#911,#441,.T.);
#1148=EDGE_CURVE('',#911,#912,#442,.T.);
#1149=EDGE_CURVE('',#912,#879,#443,.T.);
#1150=EDGE_CURVE('',#839,#913,#444,.T.);
#1151=EDGE_CURVE('',#913,#913,#275,.T.);
#1152=EDGE_CURVE('',#914,#915,#445,.T.);
#1153=EDGE_CURVE('',#916,#914,#446,.T.);
#1154=EDGE_CURVE('',#917,#916,#447,.T.);
#1155=EDGE_CURVE('',#917,#915,#448,.T.);
#1156=EDGE_CURVE('',#907,#914,#449,.T.);
#1157=EDGE_CURVE('',#918,#906,#450,.T.);
#1158=EDGE_CURVE('',#919,#918,#451,.T.);
#1159=EDGE_CURVE('',#916,#919,#452,.T.);
#1160=EDGE_CURVE('',#920,#918,#453,.T.);
#1161=EDGE_CURVE('',#921,#920,#454,.T.);
#1162=EDGE_CURVE('',#919,#921,#455,.T.);
#1163=EDGE_CURVE('',#922,#915,#456,.T.);
#1164=EDGE_CURVE('',#923,#922,#457,.T.);
#1165=EDGE_CURVE('',#923,#924,#458,.T.);
#1166=EDGE_CURVE('',#924,#925,#459,.T.);
#1167=EDGE_CURVE('',#925,#908,#460,.T.);
#1168=EDGE_CURVE('',#926,#927,#461,.T.);
#1169=EDGE_CURVE('',#927,#928,#462,.T.);
#1170=EDGE_CURVE('',#928,#929,#463,.T.);
#1171=EDGE_CURVE('',#929,#926,#464,.T.);
#1172=EDGE_CURVE('',#921,#930,#465,.T.);
#1173=EDGE_CURVE('',#930,#931,#466,.T.);
#1174=EDGE_CURVE('',#931,#932,#467,.T.);
#1175=EDGE_CURVE('',#932,#933,#468,.T.);
#1176=EDGE_CURVE('',#933,#934,#469,.T.);
#1177=EDGE_CURVE('',#934,#935,#470,.T.);
#1178=EDGE_CURVE('',#935,#923,#471,.T.);
#1179=EDGE_CURVE('',#922,#917,#472,.T.);
#1180=EDGE_CURVE('',#936,#905,#473,.T.);
#1181=EDGE_CURVE('',#936,#937,#474,.T.);
#1182=EDGE_CURVE('',#937,#931,#475,.T.);
#1183=EDGE_CURVE('',#930,#920,#476,.T.);
#1184=EDGE_CURVE('',#938,#939,#477,.T.);
#1185=EDGE_CURVE('',#939,#940,#478,.T.);
#1186=EDGE_CURVE('',#940,#941,#479,.T.);
#1187=EDGE_CURVE('',#941,#938,#480,.T.);
#1188=EDGE_CURVE('',#927,#942,#481,.T.);
#1189=EDGE_CURVE('',#942,#943,#482,.T.);
#1190=EDGE_CURVE('',#928,#943,#483,.T.);
#1191=EDGE_CURVE('',#944,#926,#484,.T.);
#1192=EDGE_CURVE('',#942,#944,#485,.T.);
#1193=EDGE_CURVE('',#943,#945,#486,.T.);
#1194=EDGE_CURVE('',#945,#929,#487,.T.);
#1195=EDGE_CURVE('',#944,#945,#488,.T.);
#1196=EDGE_CURVE('',#946,#924,#489,.T.);
#1197=EDGE_CURVE('',#947,#946,#490,.T.);
#1198=EDGE_CURVE('',#925,#947,#491,.T.);
#1199=EDGE_CURVE('',#948,#934,#492,.T.);
#1200=EDGE_CURVE('',#949,#948,#493,.T.);
#1201=EDGE_CURVE('',#949,#935,#494,.T.);
#1202=EDGE_CURVE('',#947,#909,#495,.T.);
#1203=EDGE_CURVE('',#950,#948,#496,.T.);
#1204=EDGE_CURVE('',#933,#897,#497,.T.);
#1205=EDGE_CURVE('',#900,#810,#498,.T.);
#1206=EDGE_CURVE('',#823,#951,#499,.T.);
#1207=EDGE_CURVE('',#951,#880,#500,.T.);
#1208=EDGE_CURVE('',#912,#950,#501,.T.);
#1209=EDGE_CURVE('',#946,#910,#502,.T.);
#1210=EDGE_CURVE('',#952,#949,#503,.T.);
#1211=EDGE_CURVE('',#952,#911,#504,.T.);
#1212=EDGE_CURVE('',#950,#952,#505,.T.);
#1213=EDGE_CURVE('',#848,#953,#506,.T.);
#1214=EDGE_CURVE('',#849,#953,#507,.T.);
#1215=EDGE_CURVE('',#951,#881,#508,.T.);
#1216=EDGE_CURVE('',#954,#939,#509,.T.);
#1217=EDGE_CURVE('',#954,#955,#510,.T.);
#1218=EDGE_CURVE('',#955,#940,#511,.T.);
#1219=EDGE_CURVE('',#938,#956,#512,.T.);
#1220=EDGE_CURVE('',#956,#954,#513,.T.);
#1221=EDGE_CURVE('',#957,#955,#514,.T.);
#1222=EDGE_CURVE('',#941,#957,#515,.T.);
#1223=EDGE_CURVE('',#956,#957,#516,.T.);
#1224=EDGE_CURVE('',#898,#932,#517,.T.);
#1225=EDGE_CURVE('',#958,#893,#518,.T.);
#1226=EDGE_CURVE('',#937,#958,#519,.T.);
#1227=EDGE_CURVE('',#894,#936,#520,.T.);
#1228=EDGE_CURVE('',#958,#904,#521,.T.);
#1229=EDGE_CURVE('',#899,#903,#522,.T.);
#1230=EDGE_CURVE('',#959,#856,#523,.T.);
#1231=EDGE_CURVE('',#959,#855,#524,.T.);
#1232=EDGE_CURVE('',#828,#959,#525,.T.);
#1233=EDGE_CURVE('',#829,#953,#526,.T.);
#1234=ORIENTED_EDGE('',*,*,#960,.F.);
#1235=ORIENTED_EDGE('',*,*,#961,.F.);
#1236=ORIENTED_EDGE('',*,*,#962,.F.);
#1237=ORIENTED_EDGE('',*,*,#963,.F.);
#1238=ORIENTED_EDGE('',*,*,#964,.F.);
#1239=ORIENTED_EDGE('',*,*,#965,.F.);
#1240=ORIENTED_EDGE('',*,*,#961,.T.);
#1241=ORIENTED_EDGE('',*,*,#963,.T.);
#1242=ORIENTED_EDGE('',*,*,#960,.T.);
#1243=ORIENTED_EDGE('',*,*,#965,.T.);
#1244=ORIENTED_EDGE('',*,*,#966,.T.);
#1245=ORIENTED_EDGE('',*,*,#967,.F.);
#1246=ORIENTED_EDGE('',*,*,#968,.F.);
#1247=ORIENTED_EDGE('',*,*,#969,.T.);
#1248=ORIENTED_EDGE('',*,*,#970,.T.);
#1249=ORIENTED_EDGE('',*,*,#971,.T.);
#1250=ORIENTED_EDGE('',*,*,#972,.T.);
#1251=ORIENTED_EDGE('',*,*,#973,.F.);
#1252=ORIENTED_EDGE('',*,*,#974,.F.);
#1253=ORIENTED_EDGE('',*,*,#975,.F.);
#1254=ORIENTED_EDGE('',*,*,#976,.F.);
#1255=ORIENTED_EDGE('',*,*,#977,.F.);
#1256=ORIENTED_EDGE('',*,*,#978,.F.);
#1257=ORIENTED_EDGE('',*,*,#979,.F.);
#1258=ORIENTED_EDGE('',*,*,#980,.F.);
#1259=ORIENTED_EDGE('',*,*,#981,.F.);
#1260=ORIENTED_EDGE('',*,*,#974,.T.);
#1261=ORIENTED_EDGE('',*,*,#982,.F.);
#1262=ORIENTED_EDGE('',*,*,#978,.T.);
#1263=ORIENTED_EDGE('',*,*,#975,.T.);
#1264=ORIENTED_EDGE('',*,*,#981,.T.);
#1265=ORIENTED_EDGE('',*,*,#983,.T.);
#1266=ORIENTED_EDGE('',*,*,#984,.T.);
#1267=ORIENTED_EDGE('',*,*,#985,.T.);
#1268=ORIENTED_EDGE('',*,*,#986,.T.);
#1269=ORIENTED_EDGE('',*,*,#987,.F.);
#1270=ORIENTED_EDGE('',*,*,#988,.F.);
#1271=ORIENTED_EDGE('',*,*,#980,.T.);
#1272=ORIENTED_EDGE('',*,*,#989,.F.);
#1273=ORIENTED_EDGE('',*,*,#990,.T.);
#1274=ORIENTED_EDGE('',*,*,#991,.T.);
#1275=ORIENTED_EDGE('',*,*,#983,.F.);
#1276=ORIENTED_EDGE('',*,*,#992,.F.);
#1277=ORIENTED_EDGE('',*,*,#993,.F.);
#1278=ORIENTED_EDGE('',*,*,#994,.F.);
#1279=ORIENTED_EDGE('',*,*,#995,.F.);
#1280=ORIENTED_EDGE('',*,*,#994,.T.);
#1281=ORIENTED_EDGE('',*,*,#996,.F.);
#1282=ORIENTED_EDGE('',*,*,#997,.T.);
#1283=ORIENTED_EDGE('',*,*,#998,.T.);
#1284=ORIENTED_EDGE('',*,*,#999,.F.);
#1285=ORIENTED_EDGE('',*,*,#1000,.F.);
#1286=ORIENTED_EDGE('',*,*,#993,.T.);
#1287=ORIENTED_EDGE('',*,*,#1001,.T.);
#1288=ORIENTED_EDGE('',*,*,#1002,.T.);
#1289=ORIENTED_EDGE('',*,*,#996,.T.);
#1290=ORIENTED_EDGE('',*,*,#962,.T.);
#1291=ORIENTED_EDGE('',*,*,#1003,.T.);
#1292=ORIENTED_EDGE('',*,*,#1004,.F.);
#1293=ORIENTED_EDGE('',*,*,#1003,.F.);
#1294=ORIENTED_EDGE('',*,*,#1005,.F.);
#1295=ORIENTED_EDGE('',*,*,#1006,.F.);
#1296=ORIENTED_EDGE('',*,*,#1007,.F.);
#1297=ORIENTED_EDGE('',*,*,#1008,.F.);
#1298=ORIENTED_EDGE('',*,*,#1009,.T.);
#1299=ORIENTED_EDGE('',*,*,#1010,.T.);
#1300=ORIENTED_EDGE('',*,*,#1011,.T.);
#1301=ORIENTED_EDGE('',*,*,#1012,.F.);
#1302=ORIENTED_EDGE('',*,*,#1013,.F.);
#1303=ORIENTED_EDGE('',*,*,#1014,.F.);
#1304=ORIENTED_EDGE('',*,*,#997,.F.);
#1305=ORIENTED_EDGE('',*,*,#1002,.F.);
#1306=ORIENTED_EDGE('',*,*,#1015,.T.);
#1307=ORIENTED_EDGE('',*,*,#1016,.T.);
#1308=ORIENTED_EDGE('',*,*,#1017,.T.);
#1309=ORIENTED_EDGE('',*,*,#1018,.F.);
#1310=ORIENTED_EDGE('',*,*,#990,.F.);
#1311=ORIENTED_EDGE('',*,*,#1019,.F.);
#1312=ORIENTED_EDGE('',*,*,#1020,.F.);
#1313=ORIENTED_EDGE('',*,*,#1021,.F.);
#1314=ORIENTED_EDGE('',*,*,#1022,.F.);
#1315=ORIENTED_EDGE('',*,*,#1023,.F.);
#1316=ORIENTED_EDGE('',*,*,#1024,.F.);
#1317=ORIENTED_EDGE('',*,*,#1025,.F.);
#1318=ORIENTED_EDGE('',*,*,#1026,.T.);
#1319=ORIENTED_EDGE('',*,*,#1027,.T.);
#1320=ORIENTED_EDGE('',*,*,#1028,.T.);
#1321=ORIENTED_EDGE('',*,*,#1029,.T.);
#1322=ORIENTED_EDGE('',*,*,#1030,.T.);
#1323=ORIENTED_EDGE('',*,*,#1031,.T.);
#1324=ORIENTED_EDGE('',*,*,#1032,.T.);
#1325=ORIENTED_EDGE('',*,*,#1033,.T.);
#1326=ORIENTED_EDGE('',*,*,#1034,.T.);
#1327=ORIENTED_EDGE('',*,*,#1035,.T.);
#1328=ORIENTED_EDGE('',*,*,#1036,.T.);
#1329=ORIENTED_EDGE('',*,*,#1037,.T.);
#1330=ORIENTED_EDGE('',*,*,#1038,.T.);
#1331=ORIENTED_EDGE('',*,*,#1039,.T.);
#1332=ORIENTED_EDGE('',*,*,#1040,.T.);
#1333=ORIENTED_EDGE('',*,*,#1006,.T.);
#1334=ORIENTED_EDGE('',*,*,#1041,.T.);
#1335=ORIENTED_EDGE('',*,*,#969,.F.);
#1336=ORIENTED_EDGE('',*,*,#1042,.F.);
#1337=ORIENTED_EDGE('',*,*,#1043,.T.);
#1338=ORIENTED_EDGE('',*,*,#1025,.T.);
#1339=ORIENTED_EDGE('',*,*,#1044,.T.);
#1340=ORIENTED_EDGE('',*,*,#971,.F.);
#1341=ORIENTED_EDGE('',*,*,#1045,.F.);
#1342=ORIENTED_EDGE('',*,*,#1008,.T.);
#1343=ORIENTED_EDGE('',*,*,#1005,.T.);
#1344=ORIENTED_EDGE('',*,*,#1045,.T.);
#1345=ORIENTED_EDGE('',*,*,#970,.F.);
#1346=ORIENTED_EDGE('',*,*,#1041,.F.);
#1347=ORIENTED_EDGE('',*,*,#1004,.T.);
#1348=ORIENTED_EDGE('',*,*,#964,.T.);
#1349=ORIENTED_EDGE('',*,*,#972,.F.);
#1350=ORIENTED_EDGE('',*,*,#1044,.F.);
#1351=ORIENTED_EDGE('',*,*,#1024,.T.);
#1352=ORIENTED_EDGE('',*,*,#1046,.F.);
#1353=ORIENTED_EDGE('',*,*,#966,.F.);
#1354=ORIENTED_EDGE('',*,*,#967,.T.);
#1355=ORIENTED_EDGE('',*,*,#1046,.T.);
#1356=ORIENTED_EDGE('',*,*,#1023,.T.);
#1357=ORIENTED_EDGE('',*,*,#1047,.T.);
#1358=ORIENTED_EDGE('',*,*,#1048,.T.);
#1359=ORIENTED_EDGE('',*,*,#1049,.T.);
#1360=ORIENTED_EDGE('',*,*,#1050,.F.);
#1361=ORIENTED_EDGE('',*,*,#1051,.T.);
#1362=ORIENTED_EDGE('',*,*,#976,.T.);
#1363=ORIENTED_EDGE('',*,*,#1052,.T.);
#1364=ORIENTED_EDGE('',*,*,#1053,.F.);
#1365=ORIENTED_EDGE('',*,*,#1052,.F.);
#1366=ORIENTED_EDGE('',*,*,#973,.T.);
#1367=ORIENTED_EDGE('',*,*,#988,.T.);
#1368=ORIENTED_EDGE('',*,*,#1054,.T.);
#1369=ORIENTED_EDGE('',*,*,#1055,.F.);
#1370=ORIENTED_EDGE('',*,*,#1056,.F.);
#1371=ORIENTED_EDGE('',*,*,#1057,.T.);
#1372=ORIENTED_EDGE('',*,*,#1058,.F.);
#1373=ORIENTED_EDGE('',*,*,#1019,.T.);
#1374=ORIENTED_EDGE('',*,*,#989,.T.);
#1375=ORIENTED_EDGE('',*,*,#979,.T.);
#1376=ORIENTED_EDGE('',*,*,#982,.T.);
#1377=ORIENTED_EDGE('',*,*,#977,.T.);
#1378=ORIENTED_EDGE('',*,*,#1059,.F.);
#1379=ORIENTED_EDGE('',*,*,#1060,.F.);
#1380=ORIENTED_EDGE('',*,*,#1061,.F.);
#1381=ORIENTED_EDGE('',*,*,#1062,.F.);
#1382=ORIENTED_EDGE('',*,*,#1063,.T.);
#1383=ORIENTED_EDGE('',*,*,#1060,.T.);
#1384=ORIENTED_EDGE('',*,*,#1064,.T.);
#1385=ORIENTED_EDGE('',*,*,#984,.F.);
#1386=ORIENTED_EDGE('',*,*,#991,.F.);
#1387=ORIENTED_EDGE('',*,*,#1018,.T.);
#1388=ORIENTED_EDGE('',*,*,#1062,.T.);
#1389=ORIENTED_EDGE('',*,*,#1065,.F.);
#1390=ORIENTED_EDGE('',*,*,#986,.F.);
#1391=ORIENTED_EDGE('',*,*,#1066,.F.);
#1392=ORIENTED_EDGE('',*,*,#1059,.T.);
#1393=ORIENTED_EDGE('',*,*,#1066,.T.);
#1394=ORIENTED_EDGE('',*,*,#985,.F.);
#1395=ORIENTED_EDGE('',*,*,#1064,.F.);
#1396=ORIENTED_EDGE('',*,*,#1053,.T.);
#1397=ORIENTED_EDGE('',*,*,#987,.T.);
#1398=ORIENTED_EDGE('',*,*,#1065,.T.);
#1399=ORIENTED_EDGE('',*,*,#1061,.T.);
#1400=ORIENTED_EDGE('',*,*,#1063,.F.);
#1401=ORIENTED_EDGE('',*,*,#1017,.F.);
#1402=ORIENTED_EDGE('',*,*,#1067,.T.);
#1403=ORIENTED_EDGE('',*,*,#1068,.F.);
#1404=ORIENTED_EDGE('',*,*,#1069,.F.);
#1405=ORIENTED_EDGE('',*,*,#1070,.F.);
#1406=ORIENTED_EDGE('',*,*,#1054,.F.);
#1407=ORIENTED_EDGE('',*,*,#1040,.F.);
#1408=ORIENTED_EDGE('',*,*,#1071,.T.);
#1409=ORIENTED_EDGE('',*,*,#1072,.T.);
#1410=ORIENTED_EDGE('',*,*,#1071,.F.);
#1411=ORIENTED_EDGE('',*,*,#1072,.F.);
#1412=ORIENTED_EDGE('',*,*,#1039,.F.);
#1413=ORIENTED_EDGE('',*,*,#1073,.T.);
#1414=ORIENTED_EDGE('',*,*,#1074,.T.);
#1415=ORIENTED_EDGE('',*,*,#1073,.F.);
#1416=ORIENTED_EDGE('',*,*,#1074,.F.);
#1417=ORIENTED_EDGE('',*,*,#1038,.F.);
#1418=ORIENTED_EDGE('',*,*,#1075,.T.);
#1419=ORIENTED_EDGE('',*,*,#1076,.T.);
#1420=ORIENTED_EDGE('',*,*,#1075,.F.);
#1421=ORIENTED_EDGE('',*,*,#1076,.F.);
#1422=ORIENTED_EDGE('',*,*,#1037,.F.);
#1423=ORIENTED_EDGE('',*,*,#1077,.T.);
#1424=ORIENTED_EDGE('',*,*,#1078,.T.);
#1425=ORIENTED_EDGE('',*,*,#1077,.F.);
#1426=ORIENTED_EDGE('',*,*,#1078,.F.);
#1427=ORIENTED_EDGE('',*,*,#1079,.T.);
#1428=ORIENTED_EDGE('',*,*,#1080,.T.);
#1429=ORIENTED_EDGE('',*,*,#1033,.F.);
#1430=ORIENTED_EDGE('',*,*,#1081,.F.);
#1431=ORIENTED_EDGE('',*,*,#1082,.T.);
#1432=ORIENTED_EDGE('',*,*,#1081,.T.);
#1433=ORIENTED_EDGE('',*,*,#1036,.F.);
#1434=ORIENTED_EDGE('',*,*,#1083,.F.);
#1435=ORIENTED_EDGE('',*,*,#1084,.T.);
#1436=ORIENTED_EDGE('',*,*,#1083,.T.);
#1437=ORIENTED_EDGE('',*,*,#1035,.F.);
#1438=ORIENTED_EDGE('',*,*,#1085,.F.);
#1439=ORIENTED_EDGE('',*,*,#1086,.T.);
#1440=ORIENTED_EDGE('',*,*,#1085,.T.);
#1441=ORIENTED_EDGE('',*,*,#1034,.F.);
#1442=ORIENTED_EDGE('',*,*,#1080,.F.);
#1443=ORIENTED_EDGE('',*,*,#1086,.F.);
#1444=ORIENTED_EDGE('',*,*,#1079,.F.);
#1445=ORIENTED_EDGE('',*,*,#1082,.F.);
#1446=ORIENTED_EDGE('',*,*,#1084,.F.);
#1447=ORIENTED_EDGE('',*,*,#1087,.T.);
#1448=ORIENTED_EDGE('',*,*,#1088,.T.);
#1449=ORIENTED_EDGE('',*,*,#1089,.T.);
#1450=ORIENTED_EDGE('',*,*,#1090,.T.);
#1451=ORIENTED_EDGE('',*,*,#1027,.F.);
#1452=ORIENTED_EDGE('',*,*,#1091,.F.);
#1453=ORIENTED_EDGE('',*,*,#1092,.T.);
#1454=ORIENTED_EDGE('',*,*,#1091,.T.);
#1455=ORIENTED_EDGE('',*,*,#1026,.F.);
#1456=ORIENTED_EDGE('',*,*,#1088,.F.);
#1457=ORIENTED_EDGE('',*,*,#1030,.F.);
#1458=ORIENTED_EDGE('',*,*,#1093,.F.);
#1459=ORIENTED_EDGE('',*,*,#1094,.T.);
#1460=ORIENTED_EDGE('',*,*,#1093,.T.);
#1461=ORIENTED_EDGE('',*,*,#1029,.F.);
#1462=ORIENTED_EDGE('',*,*,#1095,.F.);
#1463=ORIENTED_EDGE('',*,*,#1096,.T.);
#1464=ORIENTED_EDGE('',*,*,#1095,.T.);
#1465=ORIENTED_EDGE('',*,*,#1028,.F.);
#1466=ORIENTED_EDGE('',*,*,#1090,.F.);
#1467=ORIENTED_EDGE('',*,*,#1096,.F.);
#1468=ORIENTED_EDGE('',*,*,#1089,.F.);
#1469=ORIENTED_EDGE('',*,*,#1092,.F.);
#1470=ORIENTED_EDGE('',*,*,#1094,.F.);
#1471=ORIENTED_EDGE('',*,*,#968,.T.);
#1472=ORIENTED_EDGE('',*,*,#1051,.F.);
#1473=ORIENTED_EDGE('',*,*,#1097,.F.);
#1474=ORIENTED_EDGE('',*,*,#1098,.F.);
#1475=ORIENTED_EDGE('',*,*,#1009,.F.);
#1476=ORIENTED_EDGE('',*,*,#1043,.F.);
#1477=ORIENTED_EDGE('',*,*,#1007,.T.);
#1478=ORIENTED_EDGE('',*,*,#1042,.T.);
#1479=ORIENTED_EDGE('',*,*,#1099,.F.);
#1480=ORIENTED_EDGE('',*,*,#1100,.F.);
#1481=ORIENTED_EDGE('',*,*,#1011,.F.);
#1482=ORIENTED_EDGE('',*,*,#1101,.T.);
#1483=ORIENTED_EDGE('',*,*,#1102,.F.);
#1484=ORIENTED_EDGE('',*,*,#1101,.F.);
#1485=ORIENTED_EDGE('',*,*,#1010,.F.);
#1486=ORIENTED_EDGE('',*,*,#1098,.T.);
#1487=ORIENTED_EDGE('',*,*,#1100,.T.);
#1488=ORIENTED_EDGE('',*,*,#1103,.F.);
#1489=ORIENTED_EDGE('',*,*,#1104,.F.);
#1490=ORIENTED_EDGE('',*,*,#1105,.T.);
#1491=ORIENTED_EDGE('',*,*,#1106,.F.);
#1492=ORIENTED_EDGE('',*,*,#1012,.T.);
#1493=ORIENTED_EDGE('',*,*,#1107,.F.);
#1494=ORIENTED_EDGE('',*,*,#1067,.F.);
#1495=ORIENTED_EDGE('',*,*,#1016,.F.);
#1496=ORIENTED_EDGE('',*,*,#1108,.T.);
#1497=ORIENTED_EDGE('',*,*,#1109,.F.);
#1498=ORIENTED_EDGE('',*,*,#1110,.F.);
#1499=ORIENTED_EDGE('',*,*,#1111,.F.);
#1500=ORIENTED_EDGE('',*,*,#1112,.T.);
#1501=ORIENTED_EDGE('',*,*,#992,.T.);
#1502=ORIENTED_EDGE('',*,*,#1113,.F.);
#1503=ORIENTED_EDGE('',*,*,#1114,.F.);
#1504=ORIENTED_EDGE('',*,*,#1115,.F.);
#1505=ORIENTED_EDGE('',*,*,#1116,.F.);
#1506=ORIENTED_EDGE('',*,*,#1108,.F.);
#1507=ORIENTED_EDGE('',*,*,#1015,.F.);
#1508=ORIENTED_EDGE('',*,*,#1001,.F.);
#1509=ORIENTED_EDGE('',*,*,#1117,.F.);
#1510=ORIENTED_EDGE('',*,*,#1112,.F.);
#1511=ORIENTED_EDGE('',*,*,#1118,.F.);
#1512=ORIENTED_EDGE('',*,*,#1119,.F.);
#1513=ORIENTED_EDGE('',*,*,#1120,.F.);
#1514=ORIENTED_EDGE('',*,*,#1121,.F.);
#1515=ORIENTED_EDGE('',*,*,#1122,.F.);
#1516=ORIENTED_EDGE('',*,*,#1110,.T.);
#1517=ORIENTED_EDGE('',*,*,#1119,.T.);
#1518=ORIENTED_EDGE('',*,*,#1123,.T.);
#1519=ORIENTED_EDGE('',*,*,#1124,.F.);
#1520=ORIENTED_EDGE('',*,*,#1125,.F.);
#1521=ORIENTED_EDGE('',*,*,#1068,.T.);
#1522=ORIENTED_EDGE('',*,*,#1107,.T.);
#1523=ORIENTED_EDGE('',*,*,#1116,.T.);
#1524=ORIENTED_EDGE('',*,*,#1126,.T.);
#1525=ORIENTED_EDGE('',*,*,#1127,.F.);
#1526=ORIENTED_EDGE('',*,*,#1128,.T.);
#1527=ORIENTED_EDGE('',*,*,#1129,.T.);
#1528=ORIENTED_EDGE('',*,*,#1130,.T.);
#1529=ORIENTED_EDGE('',*,*,#995,.T.);
#1530=ORIENTED_EDGE('',*,*,#1000,.T.);
#1531=ORIENTED_EDGE('',*,*,#1131,.T.);
#1532=ORIENTED_EDGE('',*,*,#1132,.T.);
#1533=ORIENTED_EDGE('',*,*,#1133,.F.);
#1534=ORIENTED_EDGE('',*,*,#1113,.T.);
#1535=ORIENTED_EDGE('',*,*,#1115,.T.);
#1536=ORIENTED_EDGE('',*,*,#1134,.F.);
#1537=ORIENTED_EDGE('',*,*,#1135,.F.);
#1538=ORIENTED_EDGE('',*,*,#1126,.F.);
#1539=ORIENTED_EDGE('',*,*,#1114,.T.);
#1540=ORIENTED_EDGE('',*,*,#1133,.T.);
#1541=ORIENTED_EDGE('',*,*,#1136,.T.);
#1542=ORIENTED_EDGE('',*,*,#1134,.T.);
#1543=ORIENTED_EDGE('',*,*,#1097,.T.);
#1544=ORIENTED_EDGE('',*,*,#1050,.T.);
#1545=ORIENTED_EDGE('',*,*,#1137,.T.);
#1546=ORIENTED_EDGE('',*,*,#1055,.T.);
#1547=ORIENTED_EDGE('',*,*,#1070,.T.);
#1548=ORIENTED_EDGE('',*,*,#1138,.T.);
#1549=ORIENTED_EDGE('',*,*,#1139,.T.);
#1550=ORIENTED_EDGE('',*,*,#1140,.T.);
#1551=ORIENTED_EDGE('',*,*,#1120,.T.);
#1552=ORIENTED_EDGE('',*,*,#1109,.T.);
#1553=ORIENTED_EDGE('',*,*,#1117,.T.);
#1554=ORIENTED_EDGE('',*,*,#1125,.T.);
#1555=ORIENTED_EDGE('',*,*,#1141,.T.);
#1556=ORIENTED_EDGE('',*,*,#1142,.T.);
#1557=ORIENTED_EDGE('',*,*,#1143,.T.);
#1558=ORIENTED_EDGE('',*,*,#1144,.T.);
#1559=ORIENTED_EDGE('',*,*,#1145,.T.);
#1560=ORIENTED_EDGE('',*,*,#1146,.T.);
#1561=ORIENTED_EDGE('',*,*,#1147,.T.);
#1562=ORIENTED_EDGE('',*,*,#1148,.T.);
#1563=ORIENTED_EDGE('',*,*,#1149,.T.);
#1564=ORIENTED_EDGE('',*,*,#1103,.T.);
#1565=ORIENTED_EDGE('',*,*,#1099,.T.);
#1566=ORIENTED_EDGE('',*,*,#1102,.T.);
#1567=ORIENTED_EDGE('',*,*,#1031,.F.);
#1568=ORIENTED_EDGE('',*,*,#1087,.F.);
#1569=ORIENTED_EDGE('',*,*,#1032,.F.);
#1570=ORIENTED_EDGE('',*,*,#1150,.T.);
#1571=ORIENTED_EDGE('',*,*,#1151,.F.);
#1572=ORIENTED_EDGE('',*,*,#1150,.F.);
#1573=ORIENTED_EDGE('',*,*,#1152,.F.);
#1574=ORIENTED_EDGE('',*,*,#1153,.F.);
#1575=ORIENTED_EDGE('',*,*,#1154,.F.);
#1576=ORIENTED_EDGE('',*,*,#1155,.T.);
#1577=ORIENTED_EDGE('',*,*,#1156,.F.);
#1578=ORIENTED_EDGE('',*,*,#1143,.F.);
#1579=ORIENTED_EDGE('',*,*,#1157,.F.);
#1580=ORIENTED_EDGE('',*,*,#1158,.F.);
#1581=ORIENTED_EDGE('',*,*,#1159,.F.);
#1582=ORIENTED_EDGE('',*,*,#1153,.T.);
#1583=ORIENTED_EDGE('',*,*,#1160,.F.);
#1584=ORIENTED_EDGE('',*,*,#1161,.F.);
#1585=ORIENTED_EDGE('',*,*,#1162,.F.);
#1586=ORIENTED_EDGE('',*,*,#1158,.T.);
#1587=ORIENTED_EDGE('',*,*,#1156,.T.);
#1588=ORIENTED_EDGE('',*,*,#1152,.T.);
#1589=ORIENTED_EDGE('',*,*,#1163,.F.);
#1590=ORIENTED_EDGE('',*,*,#1164,.F.);
#1591=ORIENTED_EDGE('',*,*,#1165,.T.);
#1592=ORIENTED_EDGE('',*,*,#1166,.T.);
#1593=ORIENTED_EDGE('',*,*,#1167,.T.);
#1594=ORIENTED_EDGE('',*,*,#1144,.F.);
#1595=ORIENTED_EDGE('',*,*,#1168,.T.);
#1596=ORIENTED_EDGE('',*,*,#1169,.T.);
#1597=ORIENTED_EDGE('',*,*,#1170,.T.);
#1598=ORIENTED_EDGE('',*,*,#1171,.T.);
#1599=ORIENTED_EDGE('',*,*,#1154,.T.);
#1600=ORIENTED_EDGE('',*,*,#1159,.T.);
#1601=ORIENTED_EDGE('',*,*,#1162,.T.);
#1602=ORIENTED_EDGE('',*,*,#1172,.T.);
#1603=ORIENTED_EDGE('',*,*,#1173,.T.);
#1604=ORIENTED_EDGE('',*,*,#1174,.T.);
#1605=ORIENTED_EDGE('',*,*,#1175,.T.);
#1606=ORIENTED_EDGE('',*,*,#1176,.T.);
#1607=ORIENTED_EDGE('',*,*,#1177,.T.);
#1608=ORIENTED_EDGE('',*,*,#1178,.T.);
#1609=ORIENTED_EDGE('',*,*,#1164,.T.);
#1610=ORIENTED_EDGE('',*,*,#1179,.T.);
#1611=ORIENTED_EDGE('',*,*,#1151,.T.);
#1612=ORIENTED_EDGE('',*,*,#1160,.T.);
#1613=ORIENTED_EDGE('',*,*,#1157,.T.);
#1614=ORIENTED_EDGE('',*,*,#1142,.F.);
#1615=ORIENTED_EDGE('',*,*,#1180,.F.);
#1616=ORIENTED_EDGE('',*,*,#1181,.T.);
#1617=ORIENTED_EDGE('',*,*,#1182,.T.);
#1618=ORIENTED_EDGE('',*,*,#1173,.F.);
#1619=ORIENTED_EDGE('',*,*,#1183,.T.);
#1620=ORIENTED_EDGE('',*,*,#1184,.T.);
#1621=ORIENTED_EDGE('',*,*,#1185,.T.);
#1622=ORIENTED_EDGE('',*,*,#1186,.T.);
#1623=ORIENTED_EDGE('',*,*,#1187,.T.);
#1624=ORIENTED_EDGE('',*,*,#1169,.F.);
#1625=ORIENTED_EDGE('',*,*,#1188,.T.);
#1626=ORIENTED_EDGE('',*,*,#1189,.T.);
#1627=ORIENTED_EDGE('',*,*,#1190,.F.);
#1628=ORIENTED_EDGE('',*,*,#1168,.F.);
#1629=ORIENTED_EDGE('',*,*,#1191,.F.);
#1630=ORIENTED_EDGE('',*,*,#1192,.F.);
#1631=ORIENTED_EDGE('',*,*,#1188,.F.);
#1632=ORIENTED_EDGE('',*,*,#1170,.F.);
#1633=ORIENTED_EDGE('',*,*,#1190,.T.);
#1634=ORIENTED_EDGE('',*,*,#1193,.T.);
#1635=ORIENTED_EDGE('',*,*,#1194,.T.);
#1636=ORIENTED_EDGE('',*,*,#1192,.T.);
#1637=ORIENTED_EDGE('',*,*,#1195,.T.);
#1638=ORIENTED_EDGE('',*,*,#1193,.F.);
#1639=ORIENTED_EDGE('',*,*,#1189,.F.);
#1640=ORIENTED_EDGE('',*,*,#1171,.F.);
#1641=ORIENTED_EDGE('',*,*,#1194,.F.);
#1642=ORIENTED_EDGE('',*,*,#1195,.F.);
#1643=ORIENTED_EDGE('',*,*,#1191,.T.);
#1644=ORIENTED_EDGE('',*,*,#1166,.F.);
#1645=ORIENTED_EDGE('',*,*,#1196,.F.);
#1646=ORIENTED_EDGE('',*,*,#1197,.F.);
#1647=ORIENTED_EDGE('',*,*,#1198,.F.);
#1648=ORIENTED_EDGE('',*,*,#1177,.F.);
#1649=ORIENTED_EDGE('',*,*,#1199,.F.);
#1650=ORIENTED_EDGE('',*,*,#1200,.F.);
#1651=ORIENTED_EDGE('',*,*,#1201,.T.);
#1652=ORIENTED_EDGE('',*,*,#1198,.T.);
#1653=ORIENTED_EDGE('',*,*,#1202,.T.);
#1654=ORIENTED_EDGE('',*,*,#1145,.F.);
#1655=ORIENTED_EDGE('',*,*,#1167,.F.);
#1656=ORIENTED_EDGE('',*,*,#1203,.T.);
#1657=ORIENTED_EDGE('',*,*,#1199,.T.);
#1658=ORIENTED_EDGE('',*,*,#1176,.F.);
#1659=ORIENTED_EDGE('',*,*,#1204,.T.);
#1660=ORIENTED_EDGE('',*,*,#1127,.T.);
#1661=ORIENTED_EDGE('',*,*,#1135,.T.);
#1662=ORIENTED_EDGE('',*,*,#1136,.F.);
#1663=ORIENTED_EDGE('',*,*,#1132,.F.);
#1664=ORIENTED_EDGE('',*,*,#1205,.T.);
#1665=ORIENTED_EDGE('',*,*,#998,.F.);
#1666=ORIENTED_EDGE('',*,*,#1014,.T.);
#1667=ORIENTED_EDGE('',*,*,#1206,.T.);
#1668=ORIENTED_EDGE('',*,*,#1207,.T.);
#1669=ORIENTED_EDGE('',*,*,#1104,.T.);
#1670=ORIENTED_EDGE('',*,*,#1149,.F.);
#1671=ORIENTED_EDGE('',*,*,#1208,.T.);
#1672=ORIENTED_EDGE('',*,*,#1197,.T.);
#1673=ORIENTED_EDGE('',*,*,#1209,.T.);
#1674=ORIENTED_EDGE('',*,*,#1146,.F.);
#1675=ORIENTED_EDGE('',*,*,#1202,.F.);
#1676=ORIENTED_EDGE('',*,*,#1147,.F.);
#1677=ORIENTED_EDGE('',*,*,#1209,.F.);
#1678=ORIENTED_EDGE('',*,*,#1196,.T.);
#1679=ORIENTED_EDGE('',*,*,#1165,.F.);
#1680=ORIENTED_EDGE('',*,*,#1178,.F.);
#1681=ORIENTED_EDGE('',*,*,#1201,.F.);
#1682=ORIENTED_EDGE('',*,*,#1210,.F.);
#1683=ORIENTED_EDGE('',*,*,#1211,.T.);
#1684=ORIENTED_EDGE('',*,*,#1148,.F.);
#1685=ORIENTED_EDGE('',*,*,#1211,.F.);
#1686=ORIENTED_EDGE('',*,*,#1212,.F.);
#1687=ORIENTED_EDGE('',*,*,#1208,.F.);
#1688=ORIENTED_EDGE('',*,*,#1203,.F.);
#1689=ORIENTED_EDGE('',*,*,#1212,.T.);
#1690=ORIENTED_EDGE('',*,*,#1210,.T.);
#1691=ORIENTED_EDGE('',*,*,#1200,.T.);
#1692=ORIENTED_EDGE('',*,*,#1213,.T.);
#1693=ORIENTED_EDGE('',*,*,#1214,.F.);
#1694=ORIENTED_EDGE('',*,*,#1048,.F.);
#1695=ORIENTED_EDGE('',*,*,#1215,.T.);
#1696=ORIENTED_EDGE('',*,*,#1105,.F.);
#1697=ORIENTED_EDGE('',*,*,#1207,.F.);
#1698=ORIENTED_EDGE('',*,*,#1185,.F.);
#1699=ORIENTED_EDGE('',*,*,#1216,.F.);
#1700=ORIENTED_EDGE('',*,*,#1217,.T.);
#1701=ORIENTED_EDGE('',*,*,#1218,.T.);
#1702=ORIENTED_EDGE('',*,*,#1184,.F.);
#1703=ORIENTED_EDGE('',*,*,#1219,.T.);
#1704=ORIENTED_EDGE('',*,*,#1220,.T.);
#1705=ORIENTED_EDGE('',*,*,#1216,.T.);
#1706=ORIENTED_EDGE('',*,*,#1186,.F.);
#1707=ORIENTED_EDGE('',*,*,#1218,.F.);
#1708=ORIENTED_EDGE('',*,*,#1221,.F.);
#1709=ORIENTED_EDGE('',*,*,#1222,.F.);
#1710=ORIENTED_EDGE('',*,*,#1187,.F.);
#1711=ORIENTED_EDGE('',*,*,#1222,.T.);
#1712=ORIENTED_EDGE('',*,*,#1223,.F.);
#1713=ORIENTED_EDGE('',*,*,#1219,.F.);
#1714=ORIENTED_EDGE('',*,*,#1220,.F.);
#1715=ORIENTED_EDGE('',*,*,#1223,.T.);
#1716=ORIENTED_EDGE('',*,*,#1221,.T.);
#1717=ORIENTED_EDGE('',*,*,#1217,.F.);
#1718=ORIENTED_EDGE('',*,*,#1175,.F.);
#1719=ORIENTED_EDGE('',*,*,#1224,.F.);
#1720=ORIENTED_EDGE('',*,*,#1128,.F.);
#1721=ORIENTED_EDGE('',*,*,#1204,.F.);
#1722=ORIENTED_EDGE('',*,*,#1122,.T.);
#1723=ORIENTED_EDGE('',*,*,#1225,.F.);
#1724=ORIENTED_EDGE('',*,*,#1226,.F.);
#1725=ORIENTED_EDGE('',*,*,#1181,.F.);
#1726=ORIENTED_EDGE('',*,*,#1227,.F.);
#1727=ORIENTED_EDGE('',*,*,#1123,.F.);
#1728=ORIENTED_EDGE('',*,*,#1118,.T.);
#1729=ORIENTED_EDGE('',*,*,#1111,.T.);
#1730=ORIENTED_EDGE('',*,*,#1121,.T.);
#1731=ORIENTED_EDGE('',*,*,#1140,.F.);
#1732=ORIENTED_EDGE('',*,*,#1228,.F.);
#1733=ORIENTED_EDGE('',*,*,#1225,.T.);
#1734=ORIENTED_EDGE('',*,*,#1227,.T.);
#1735=ORIENTED_EDGE('',*,*,#1180,.T.);
#1736=ORIENTED_EDGE('',*,*,#1141,.F.);
#1737=ORIENTED_EDGE('',*,*,#1124,.T.);
#1738=ORIENTED_EDGE('',*,*,#1069,.T.);
#1739=ORIENTED_EDGE('',*,*,#1130,.F.);
#1740=ORIENTED_EDGE('',*,*,#1229,.T.);
#1741=ORIENTED_EDGE('',*,*,#1138,.F.);
#1742=ORIENTED_EDGE('',*,*,#1139,.F.);
#1743=ORIENTED_EDGE('',*,*,#1229,.F.);
#1744=ORIENTED_EDGE('',*,*,#1129,.F.);
#1745=ORIENTED_EDGE('',*,*,#1224,.T.);
#1746=ORIENTED_EDGE('',*,*,#1174,.F.);
#1747=ORIENTED_EDGE('',*,*,#1182,.F.);
#1748=ORIENTED_EDGE('',*,*,#1226,.T.);
#1749=ORIENTED_EDGE('',*,*,#1228,.T.);
#1750=ORIENTED_EDGE('',*,*,#999,.T.);
#1751=ORIENTED_EDGE('',*,*,#1205,.F.);
#1752=ORIENTED_EDGE('',*,*,#1131,.F.);
#1753=ORIENTED_EDGE('',*,*,#1230,.T.);
#1754=ORIENTED_EDGE('',*,*,#1057,.F.);
#1755=ORIENTED_EDGE('',*,*,#1231,.F.);
#1756=ORIENTED_EDGE('',*,*,#1020,.T.);
#1757=ORIENTED_EDGE('',*,*,#1058,.T.);
#1758=ORIENTED_EDGE('',*,*,#1230,.F.);
#1759=ORIENTED_EDGE('',*,*,#1232,.F.);
#1760=ORIENTED_EDGE('',*,*,#1137,.F.);
#1761=ORIENTED_EDGE('',*,*,#1049,.F.);
#1762=ORIENTED_EDGE('',*,*,#1214,.T.);
#1763=ORIENTED_EDGE('',*,*,#1233,.F.);
#1764=ORIENTED_EDGE('',*,*,#1021,.T.);
#1765=ORIENTED_EDGE('',*,*,#1232,.T.);
#1766=ORIENTED_EDGE('',*,*,#1231,.T.);
#1767=ORIENTED_EDGE('',*,*,#1056,.T.);
#1768=ORIENTED_EDGE('',*,*,#1155,.F.);
#1769=ORIENTED_EDGE('',*,*,#1179,.F.);
#1770=ORIENTED_EDGE('',*,*,#1163,.T.);
#1771=ORIENTED_EDGE('',*,*,#1161,.T.);
#1772=ORIENTED_EDGE('',*,*,#1183,.F.);
#1773=ORIENTED_EDGE('',*,*,#1172,.F.);
#1774=ORIENTED_EDGE('',*,*,#1022,.T.);
#1775=ORIENTED_EDGE('',*,*,#1233,.T.);
#1776=ORIENTED_EDGE('',*,*,#1213,.F.);
#1777=ORIENTED_EDGE('',*,*,#1047,.F.);
#1778=ORIENTED_EDGE('',*,*,#1013,.T.);
#1779=ORIENTED_EDGE('',*,*,#1106,.T.);
#1780=ORIENTED_EDGE('',*,*,#1215,.F.);
#1781=ORIENTED_EDGE('',*,*,#1206,.F.);
#1782=PLANE('',#1984);
#1783=PLANE('',#1989);
#1784=PLANE('',#1990);
#1785=PLANE('',#1996);
#1786=PLANE('',#1997);
#1787=PLANE('',#1998);
#1788=PLANE('',#2002);
#1789=PLANE('',#2003);
#1790=PLANE('',#2006);
#1791=PLANE('',#2007);
#1792=PLANE('',#2014);
#1793=PLANE('',#2015);
#1794=PLANE('',#2016);
#1795=PLANE('',#2017);
#1796=PLANE('',#2018);
#1797=PLANE('',#2021);
#1798=PLANE('',#2022);
#1799=PLANE('',#2023);
#1800=PLANE('',#2024);
#1801=PLANE('',#2025);
#1802=PLANE('',#2026);
#1803=PLANE('',#2029);
#1804=PLANE('',#2032);
#1805=PLANE('',#2035);
#1806=PLANE('',#2038);
#1807=PLANE('',#2039);
#1808=PLANE('',#2040);
#1809=PLANE('',#2041);
#1810=PLANE('',#2042);
#1811=PLANE('',#2043);
#1812=PLANE('',#2044);
#1813=PLANE('',#2046);
#1814=PLANE('',#2047);
#1815=PLANE('',#2048);
#1816=PLANE('',#2049);
#1817=PLANE('',#2050);
#1818=PLANE('',#2051);
#1819=PLANE('',#2052);
#1820=PLANE('',#2053);
#1821=PLANE('',#2054);
#1822=PLANE('',#2055);
#1823=PLANE('',#2056);
#1824=PLANE('',#2057);
#1825=PLANE('',#2058);
#1826=PLANE('',#2059);
#1827=PLANE('',#2060);
#1828=PLANE('',#2061);
#1829=PLANE('',#2062);
#1830=PLANE('',#2063);
#1831=PLANE('',#2064);
#1832=PLANE('',#2065);
#1833=PLANE('',#2068);
#1834=PLANE('',#2069);
#1835=PLANE('',#2070);
#1836=PLANE('',#2071);
#1837=PLANE('',#2072);
#1838=PLANE('',#2073);
#1839=PLANE('',#2074);
#1840=PLANE('',#2075);
#1841=PLANE('',#2076);
#1842=PLANE('',#2077);
#1843=PLANE('',#2078);
#1844=PLANE('',#2079);
#1845=PLANE('',#2080);
#1846=PLANE('',#2081);
#1847=PLANE('',#2082);
#1848=PLANE('',#2083);
#1849=PLANE('',#2084);
#1850=PLANE('',#2085);
#1851=PLANE('',#2086);
#1852=PLANE('',#2087);
#1853=PLANE('',#2088);
#1854=PLANE('',#2089);
#1855=PLANE('',#2090);
#1856=PLANE('',#2091);
#1857=PLANE('',#2092);
#1858=PLANE('',#2093);
#1859=PLANE('',#2094);
#1860=PLANE('',#2095);
#1861=PLANE('',#2096);
#1862=PLANE('',#2097);
#1863=PLANE('',#2098);
#1864=PLANE('',#2099);
#1865=PLANE('',#2100);
#1866=PLANE('',#2101);
#1867=PLANE('',#2102);
#1868=PLANE('',#2103);
#1869=PLANE('',#2104);
#1870=PLANE('',#2105);
#1871=ADVANCED_FACE('',(#41,#26),#1782,.F.);
#1872=ADVANCED_FACE('',(#42),#16,.F.);
#1873=ADVANCED_FACE('',(#43),#1783,.T.);
#1874=ADVANCED_FACE('',(#44,#27),#1784,.F.);
#1875=ADVANCED_FACE('',(#45),#17,.F.);
#1876=ADVANCED_FACE('',(#46),#1785,.T.);
#1877=ADVANCED_FACE('',(#47),#1786,.T.);
#1878=ADVANCED_FACE('',(#48),#1787,.T.);
#1879=ADVANCED_FACE('',(#49),#18,.F.);
#1880=ADVANCED_FACE('',(#50),#1788,.T.);
#1881=ADVANCED_FACE('',(#51),#1789,.T.);
#1882=ADVANCED_FACE('',(#52),#19,.F.);
#1883=ADVANCED_FACE('',(#53),#1790,.F.);
#1884=ADVANCED_FACE('',(#54,#28,#29,#30,#31,#32,#33),#1791,.F.);
#1885=ADVANCED_FACE('',(#55),#1792,.T.);
#1886=ADVANCED_FACE('',(#56),#1793,.T.);
#1887=ADVANCED_FACE('',(#57,#34),#1794,.T.);
#1888=ADVANCED_FACE('',(#58),#1795,.T.);
#1889=ADVANCED_FACE('',(#59),#1796,.T.);
#1890=ADVANCED_FACE('',(#60),#20,.F.);
#1891=ADVANCED_FACE('',(#61),#1797,.T.);
#1892=ADVANCED_FACE('',(#62),#1798,.F.);
#1893=ADVANCED_FACE('',(#63),#1799,.T.);
#1894=ADVANCED_FACE('',(#64),#1800,.T.);
#1895=ADVANCED_FACE('',(#65,#35),#1801,.T.);
#1896=ADVANCED_FACE('',(#66),#1802,.F.);
#1897=ADVANCED_FACE('',(#67),#21,.T.);
#1898=ADVANCED_FACE('',(#68),#1803,.F.);
#1899=ADVANCED_FACE('',(#69),#22,.T.);
#1900=ADVANCED_FACE('',(#70),#1804,.F.);
#1901=ADVANCED_FACE('',(#71),#23,.T.);
#1902=ADVANCED_FACE('',(#72),#1805,.F.);
#1903=ADVANCED_FACE('',(#73),#24,.T.);
#1904=ADVANCED_FACE('',(#74),#1806,.F.);
#1905=ADVANCED_FACE('',(#75),#1807,.T.);
#1906=ADVANCED_FACE('',(#76),#1808,.T.);
#1907=ADVANCED_FACE('',(#77),#1809,.T.);
#1908=ADVANCED_FACE('',(#78),#1810,.T.);
#1909=ADVANCED_FACE('',(#79),#1811,.F.);
#1910=ADVANCED_FACE('',(#80),#1812,.T.);
#1911=ADVANCED_FACE('',(#81),#1813,.T.);
#1912=ADVANCED_FACE('',(#82),#1814,.T.);
#1913=ADVANCED_FACE('',(#83),#1815,.T.);
#1914=ADVANCED_FACE('',(#84),#1816,.T.);
#1915=ADVANCED_FACE('',(#85),#1817,.F.);
#1916=ADVANCED_FACE('',(#86),#1818,.F.);
#1917=ADVANCED_FACE('',(#87),#1819,.F.);
#1918=ADVANCED_FACE('',(#88),#1820,.F.);
#1919=ADVANCED_FACE('',(#89),#1821,.T.);
#1920=ADVANCED_FACE('',(#90),#1822,.F.);
#1921=ADVANCED_FACE('',(#91),#1823,.F.);
#1922=ADVANCED_FACE('',(#92),#1824,.F.);
#1923=ADVANCED_FACE('',(#93),#1825,.F.);
#1924=ADVANCED_FACE('',(#94),#1826,.F.);
#1925=ADVANCED_FACE('',(#95),#1827,.F.);
#1926=ADVANCED_FACE('',(#96),#1828,.T.);
#1927=ADVANCED_FACE('',(#97),#1829,.T.);
#1928=ADVANCED_FACE('',(#98),#1830,.F.);
#1929=ADVANCED_FACE('',(#99),#1831,.T.);
#1930=ADVANCED_FACE('',(#100),#1832,.T.);
#1931=ADVANCED_FACE('',(#101),#25,.F.);
#1932=ADVANCED_FACE('',(#102),#1833,.T.);
#1933=ADVANCED_FACE('',(#103),#1834,.T.);
#1934=ADVANCED_FACE('',(#104),#1835,.T.);
#1935=ADVANCED_FACE('',(#105,#36),#1836,.T.);
#1936=ADVANCED_FACE('',(#106,#37),#1837,.T.);
#1937=ADVANCED_FACE('',(#107,#38),#1838,.T.);
#1938=ADVANCED_FACE('',(#108),#1839,.T.);
#1939=ADVANCED_FACE('',(#109),#1840,.F.);
#1940=ADVANCED_FACE('',(#110),#1841,.T.);
#1941=ADVANCED_FACE('',(#111),#1842,.T.);
#1942=ADVANCED_FACE('',(#112),#1843,.T.);
#1943=ADVANCED_FACE('',(#113),#1844,.F.);
#1944=ADVANCED_FACE('',(#114),#1845,.F.);
#1945=ADVANCED_FACE('',(#115),#1846,.T.);
#1946=ADVANCED_FACE('',(#116),#1847,.T.);
#1947=ADVANCED_FACE('',(#117),#1848,.F.);
#1948=ADVANCED_FACE('',(#118),#1849,.F.);
#1949=ADVANCED_FACE('',(#119),#1850,.F.);
#1950=ADVANCED_FACE('',(#120),#1851,.T.);
#1951=ADVANCED_FACE('',(#121),#1852,.F.);
#1952=ADVANCED_FACE('',(#122),#1853,.F.);
#1953=ADVANCED_FACE('',(#123),#1854,.F.);
#1954=ADVANCED_FACE('',(#124),#1855,.F.);
#1955=ADVANCED_FACE('',(#125),#1856,.T.);
#1956=ADVANCED_FACE('',(#126),#1857,.F.);
#1957=ADVANCED_FACE('',(#127),#1858,.F.);
#1958=ADVANCED_FACE('',(#128),#1859,.F.);
#1959=ADVANCED_FACE('',(#129),#1860,.F.);
#1960=ADVANCED_FACE('',(#130),#1861,.F.);
#1961=ADVANCED_FACE('',(#131),#1862,.T.);
#1962=ADVANCED_FACE('',(#132),#1863,.F.);
#1963=ADVANCED_FACE('',(#133),#1864,.F.);
#1964=ADVANCED_FACE('',(#134),#1865,.F.);
#1965=ADVANCED_FACE('',(#135),#1866,.F.);
#1966=ADVANCED_FACE('',(#136),#1867,.T.);
#1967=ADVANCED_FACE('',(#137,#39,#40),#1868,.T.);
#1968=ADVANCED_FACE('',(#138),#1869,.T.);
#1969=ADVANCED_FACE('',(#139),#1870,.T.);
#1970=CLOSED_SHELL('',(#1871,#1872,#1873,#1874,#1875,#1876,#1877,#1878,
#1879,#1880,#1881,#1882,#1883,#1884,#1885,#1886,#1887,#1888,#1889,#1890,
#1891,#1892,#1893,#1894,#1895,#1896,#1897,#1898,#1899,#1900,#1901,#1902,
#1903,#1904,#1905,#1906,#1907,#1908,#1909,#1910,#1911,#1912,#1913,#1914,
#1915,#1916,#1917,#1918,#1919,#1920,#1921,#1922,#1923,#1924,#1925,#1926,
#1927,#1928,#1929,#1930,#1931,#1932,#1933,#1934,#1935,#1936,#1937,#1938,
#1939,#1940,#1941,#1942,#1943,#1944,#1945,#1946,#1947,#1948,#1949,#1950,
#1951,#1952,#1953,#1954,#1955,#1956,#1957,#1958,#1959,#1960,#1961,#1962,
#1963,#1964,#1965,#1966,#1967,#1968,#1969));
#1971=DERIVED_UNIT_ELEMENT(#1973,1.);
#1972=DERIVED_UNIT_ELEMENT(#3164,-3.);
#1973=(
MASS_UNIT()
NAMED_UNIT(*)
SI_UNIT(.KILO.,.GRAM.)
);
#1974=DERIVED_UNIT((#1971,#1972));
#1975=MEASURE_REPRESENTATION_ITEM('density measure',
POSITIVE_RATIO_MEASURE(7850.),#1974);
#1976=PROPERTY_DEFINITION_REPRESENTATION(#1981,#1978);
#1977=PROPERTY_DEFINITION_REPRESENTATION(#1982,#1979);
#1978=REPRESENTATION('material name',(#1980),#3161);
#1979=REPRESENTATION('density',(#1975),#3161);
#1980=DESCRIPTIVE_REPRESENTATION_ITEM('\X2\94A2\X0\','\X2\94A2\X0\');
#1981=PROPERTY_DEFINITION('material property','material name',#3171);
#1982=PROPERTY_DEFINITION('material property','density of part',#3171);
#1983=AXIS2_PLACEMENT_3D('',#2603,#2106,#2107);
#1984=AXIS2_PLACEMENT_3D('',#2604,#2108,#2109);
#1985=AXIS2_PLACEMENT_3D('',#2608,#2111,#2112);
#1986=AXIS2_PLACEMENT_3D('',#2610,#2113,#2114);
#1987=AXIS2_PLACEMENT_3D('',#2611,#2115,#2116);
#1988=AXIS2_PLACEMENT_3D('',#2615,#2118,#2119);
#1989=AXIS2_PLACEMENT_3D('',#2617,#2121,#2122);
#1990=AXIS2_PLACEMENT_3D('',#2631,#2130,#2131);
#1991=AXIS2_PLACEMENT_3D('',#2636,#2133,#2134);
#1992=AXIS2_PLACEMENT_3D('',#2639,#2136,#2137);
#1993=AXIS2_PLACEMENT_3D('',#2640,#2138,#2139);
#1994=AXIS2_PLACEMENT_3D('',#2644,#2141,#2142);
#1995=AXIS2_PLACEMENT_3D('',#2648,#2144,#2145);
#1996=AXIS2_PLACEMENT_3D('',#2650,#2147,#2148);
#1997=AXIS2_PLACEMENT_3D('',#2652,#2150,#2151);
#1998=AXIS2_PLACEMENT_3D('',#2664,#2158,#2159);
#1999=AXIS2_PLACEMENT_3D('',#2670,#2163,#2164);
#2000=AXIS2_PLACEMENT_3D('',#2673,#2165,#2166);
#2001=AXIS2_PLACEMENT_3D('',#2677,#2168,#2169);
#2002=AXIS2_PLACEMENT_3D('',#2679,#2171,#2172);
#2003=AXIS2_PLACEMENT_3D('',#2689,#2178,#2179);
#2004=AXIS2_PLACEMENT_3D('',#2693,#2182,#2183);
#2005=AXIS2_PLACEMENT_3D('',#2696,#2185,#2186);
#2006=AXIS2_PLACEMENT_3D('',#2697,#2187,#2188);
#2007=AXIS2_PLACEMENT_3D('',#2706,#2193,#2194);
#2008=AXIS2_PLACEMENT_3D('',#2751,#2217,#2218);
#2009=AXIS2_PLACEMENT_3D('',#2752,#2219,#2220);
#2010=AXIS2_PLACEMENT_3D('',#2762,#2225,#2226);
#2011=AXIS2_PLACEMENT_3D('',#2764,#2227,#2228);
#2012=AXIS2_PLACEMENT_3D('',#2766,#2229,#2230);
#2013=AXIS2_PLACEMENT_3D('',#2768,#2231,#2232);
#2014=AXIS2_PLACEMENT_3D('',#2769,#2233,#2234);
#2015=AXIS2_PLACEMENT_3D('',#2772,#2237,#2238);
#2016=AXIS2_PLACEMENT_3D('',#2776,#2242,#2243);
#2017=AXIS2_PLACEMENT_3D('',#2777,#2244,#2245);
#2018=AXIS2_PLACEMENT_3D('',#2779,#2247,#2248);
#2019=AXIS2_PLACEMENT_3D('',#2789,#2254,#2255);
#2020=AXIS2_PLACEMENT_3D('',#2792,#2257,#2258);
#2021=AXIS2_PLACEMENT_3D('',#2793,#2259,#2260);
#2022=AXIS2_PLACEMENT_3D('',#2803,#2266,#2267);
#2023=AXIS2_PLACEMENT_3D('',#2812,#2272,#2273);
#2024=AXIS2_PLACEMENT_3D('',#2815,#2276,#2277);
#2025=AXIS2_PLACEMENT_3D('',#2818,#2280,#2281);
#2026=AXIS2_PLACEMENT_3D('',#2819,#2282,#2283);
#2027=AXIS2_PLACEMENT_3D('',#2827,#2288,#2289);
#2028=AXIS2_PLACEMENT_3D('',#2830,#2291,#2292);
#2029=AXIS2_PLACEMENT_3D('',#2831,#2293,#2294);
#2030=AXIS2_PLACEMENT_3D('',#2832,#2295,#2296);
#2031=AXIS2_PLACEMENT_3D('',#2835,#2298,#2299);
#2032=AXIS2_PLACEMENT_3D('',#2836,#2300,#2301);
#2033=AXIS2_PLACEMENT_3D('',#2837,#2302,#2303);
#2034=AXIS2_PLACEMENT_3D('',#2840,#2305,#2306);
#2035=AXIS2_PLACEMENT_3D('',#2841,#2307,#2308);
#2036=AXIS2_PLACEMENT_3D('',#2842,#2309,#2310);
#2037=AXIS2_PLACEMENT_3D('',#2845,#2312,#2313);
#2038=AXIS2_PLACEMENT_3D('',#2846,#2314,#2315);
#2039=AXIS2_PLACEMENT_3D('',#2847,#2316,#2317);
#2040=AXIS2_PLACEMENT_3D('',#2853,#2321,#2322);
#2041=AXIS2_PLACEMENT_3D('',#2857,#2325,#2326);
#2042=AXIS2_PLACEMENT_3D('',#2861,#2329,#2330);
#2043=AXIS2_PLACEMENT_3D('',#2863,#2332,#2333);
#2044=AXIS2_PLACEMENT_3D('',#2864,#2334,#2335);
#2045=AXIS2_PLACEMENT_3D('',#2865,#2336,#2337);
#2046=AXIS2_PLACEMENT_3D('',#2867,#2339,#2340);
#2047=AXIS2_PLACEMENT_3D('',#2873,#2344,#2345);
#2048=AXIS2_PLACEMENT_3D('',#2877,#2348,#2349);
#2049=AXIS2_PLACEMENT_3D('',#2881,#2352,#2353);
#2050=AXIS2_PLACEMENT_3D('',#2883,#2355,#2356);
#2051=AXIS2_PLACEMENT_3D('',#2884,#2357,#2358);
#2052=AXIS2_PLACEMENT_3D('',#2888,#2361,#2362);
#2053=AXIS2_PLACEMENT_3D('',#2894,#2366,#2367);
#2054=AXIS2_PLACEMENT_3D('',#2896,#2369,#2370);
#2055=AXIS2_PLACEMENT_3D('',#2904,#2375,#2376);
#2056=AXIS2_PLACEMENT_3D('',#2908,#2379,#2380);
#2057=AXIS2_PLACEMENT_3D('',#2917,#2385,#2386);
#2058=AXIS2_PLACEMENT_3D('',#2925,#2391,#2392);
#2059=AXIS2_PLACEMENT_3D('',#2931,#2396,#2397);
#2060=AXIS2_PLACEMENT_3D('',#2937,#2401,#2402);
#2061=AXIS2_PLACEMENT_3D('',#2943,#2406,#2407);
#2062=AXIS2_PLACEMENT_3D('',#2953,#2413,#2414);
#2063=AXIS2_PLACEMENT_3D('',#2959,#2418,#2419);
#2064=AXIS2_PLACEMENT_3D('',#2963,#2422,#2423);
#2065=AXIS2_PLACEMENT_3D('',#2965,#2425,#2426);
#2066=AXIS2_PLACEMENT_3D('',#2989,#2440,#2441);
#2067=AXIS2_PLACEMENT_3D('',#2992,#2443,#2444);
#2068=AXIS2_PLACEMENT_3D('',#2993,#2445,#2446);
#2069=AXIS2_PLACEMENT_3D('',#3002,#2451,#2452);
#2070=AXIS2_PLACEMENT_3D('',#3009,#2457,#2458);
#2071=AXIS2_PLACEMENT_3D('',#3015,#2462,#2463);
#2072=AXIS2_PLACEMENT_3D('',#3033,#2473,#2474);
#2073=AXIS2_PLACEMENT_3D('',#3048,#2483,#2484);
#2074=AXIS2_PLACEMENT_3D('',#3063,#2493,#2494);
#2075=AXIS2_PLACEMENT_3D('',#3069,#2498,#2499);
#2076=AXIS2_PLACEMENT_3D('',#3073,#2502,#2503);
#2077=AXIS2_PLACEMENT_3D('',#3077,#2506,#2507);
#2078=AXIS2_PLACEMENT_3D('',#3079,#2509,#2510);
#2079=AXIS2_PLACEMENT_3D('',#3080,#2511,#2512);
#2080=AXIS2_PLACEMENT_3D('',#3086,#2516,#2517);
#2081=AXIS2_PLACEMENT_3D('',#3092,#2521,#2522);
#2082=AXIS2_PLACEMENT_3D('',#3094,#2524,#2525);
#2083=AXIS2_PLACEMENT_3D('',#3103,#2532,#2533);
#2084=AXIS2_PLACEMENT_3D('',#3105,#2535,#2536);
#2085=AXIS2_PLACEMENT_3D('',#3109,#2539,#2540);
#2086=AXIS2_PLACEMENT_3D('',#3111,#2542,#2543);
#2087=AXIS2_PLACEMENT_3D('',#3112,#2544,#2545);
#2088=AXIS2_PLACEMENT_3D('',#3116,#2548,#2549);
#2089=AXIS2_PLACEMENT_3D('',#3118,#2551,#2552);
#2090=AXIS2_PLACEMENT_3D('',#3124,#2556,#2557);
#2091=AXIS2_PLACEMENT_3D('',#3128,#2560,#2561);
#2092=AXIS2_PLACEMENT_3D('',#3132,#2564,#2565);
#2093=AXIS2_PLACEMENT_3D('',#3134,#2567,#2568);
#2094=AXIS2_PLACEMENT_3D('',#3135,#2569,#2570);
#2095=AXIS2_PLACEMENT_3D('',#3137,#2572,#2573);
#2096=AXIS2_PLACEMENT_3D('',#3142,#2577,#2578);
#2097=AXIS2_PLACEMENT_3D('',#3144,#2580,#2581);
#2098=AXIS2_PLACEMENT_3D('',#3145,#2582,#2583);
#2099=AXIS2_PLACEMENT_3D('',#3147,#2585,#2586);
#2100=AXIS2_PLACEMENT_3D('',#3148,#2587,#2588);
#2101=AXIS2_PLACEMENT_3D('',#3149,#2589,#2590);
#2102=AXIS2_PLACEMENT_3D('',#3153,#2593,#2594);
#2103=AXIS2_PLACEMENT_3D('',#3155,#2596,#2597);
#2104=AXIS2_PLACEMENT_3D('',#3157,#2599,#2600);
#2105=AXIS2_PLACEMENT_3D('',#3158,#2601,#2602);
#2106=DIRECTION('axis',(0.,0.,1.));
#2107=DIRECTION('refdir',(1.,0.,0.));
#2108=DIRECTION('center_axis',(1.,0.,0.));
#2109=DIRECTION('ref_axis',(0.,0.,-1.));
#2110=DIRECTION('',(0.,-1.,0.));
#2111=DIRECTION('center_axis',(1.,0.,0.));
#2112=DIRECTION('ref_axis',(0.,0.,-1.));
#2113=DIRECTION('center_axis',(-1.,0.,0.));
#2114=DIRECTION('ref_axis',(0.,0.,-1.));
#2115=DIRECTION('center_axis',(1.,0.,0.));
#2116=DIRECTION('ref_axis',(0.,0.,-1.));
#2117=DIRECTION('',(1.,0.,0.));
#2118=DIRECTION('center_axis',(1.,0.,0.));
#2119=DIRECTION('ref_axis',(0.,0.,-1.));
#2120=DIRECTION('',(-1.,0.,0.));
#2121=DIRECTION('center_axis',(0.,0.,1.));
#2122=DIRECTION('ref_axis',(1.,0.,0.));
#2123=DIRECTION('',(0.,-1.,0.));
#2124=DIRECTION('',(-1.,-2.22044604925031E-16,0.));
#2125=DIRECTION('',(0.,1.,0.));
#2126=DIRECTION('',(1.,0.,0.));
#2127=DIRECTION('',(0.,1.,0.));
#2128=DIRECTION('',(-1.,0.,0.));
#2129=DIRECTION('',(0.,-1.,0.));
#2130=DIRECTION('center_axis',(1.,0.,0.));
#2131=DIRECTION('ref_axis',(0.,0.,-1.));
#2132=DIRECTION('',(0.,0.,-1.));
#2133=DIRECTION('center_axis',(1.,0.,0.));
#2134=DIRECTION('ref_axis',(0.,0.,-1.));
#2135=DIRECTION('',(0.,-1.,0.));
#2136=DIRECTION('center_axis',(-1.,0.,0.));
#2137=DIRECTION('ref_axis',(0.,0.,-1.));
#2138=DIRECTION('center_axis',(1.,0.,0.));
#2139=DIRECTION('ref_axis',(0.,0.,-1.));
#2140=DIRECTION('',(1.,0.,0.));
#2141=DIRECTION('center_axis',(1.,0.,0.));
#2142=DIRECTION('ref_axis',(0.,0.,-1.));
#2143=DIRECTION('',(-1.,0.,0.));
#2144=DIRECTION('center_axis',(1.,0.,0.));
#2145=DIRECTION('ref_axis',(0.,0.,-1.));
#2146=DIRECTION('',(-1.,0.,0.));
#2147=DIRECTION('center_axis',(1.,0.,0.));
#2148=DIRECTION('ref_axis',(0.,0.,-1.));
#2149=DIRECTION('',(0.,0.,1.));
#2150=DIRECTION('center_axis',(0.,0.,1.));
#2151=DIRECTION('ref_axis',(1.,0.,0.));
#2152=DIRECTION('',(0.,-1.,0.));
#2153=DIRECTION('',(1.,0.,0.));
#2154=DIRECTION('',(0.,1.,0.));
#2155=DIRECTION('',(-1.,0.,0.));
#2156=DIRECTION('',(0.,1.,0.));
#2157=DIRECTION('',(1.,2.22044604925031E-16,0.));
#2158=DIRECTION('center_axis',(-1.,0.,0.));
#2159=DIRECTION('ref_axis',(0.,-1.,0.));
#2160=DIRECTION('',(0.,0.,1.));
#2161=DIRECTION('',(0.,-1.,0.));
#2162=DIRECTION('',(0.,0.,1.));
#2163=DIRECTION('center_axis',(1.,0.,0.));
#2164=DIRECTION('ref_axis',(0.,0.,-1.));
#2165=DIRECTION('center_axis',(1.,0.,0.));
#2166=DIRECTION('ref_axis',(0.,0.,-1.));
#2167=DIRECTION('',(-1.,0.,0.));
#2168=DIRECTION('center_axis',(-0.707106781186547,0.707106781186548,0.));
#2169=DIRECTION('ref_axis',(0.707106781186548,0.707106781186547,0.));
#2170=DIRECTION('',(1.,0.,0.));
#2171=DIRECTION('center_axis',(0.707106781186547,-0.707106781186548,0.));
#2172=DIRECTION('ref_axis',(0.707106781186548,0.707106781186547,0.));
#2173=DIRECTION('',(0.,0.,1.));
#2174=DIRECTION('',(0.707106781186548,0.707106781186547,0.));
#2175=DIRECTION('',(0.,0.,1.));
#2176=DIRECTION('',(0.707106781186548,0.707106781186547,0.));
#2177=DIRECTION('',(0.,0.,1.));
#2178=DIRECTION('center_axis',(2.22044604925031E-16,-1.,0.));
#2179=DIRECTION('ref_axis',(1.,2.22044604925031E-16,0.));
#2180=DIRECTION('',(0.,0.,-1.));
#2181=DIRECTION('',(1.,2.22044604925031E-16,0.));
#2182=DIRECTION('center_axis',(1.,0.,0.));
#2183=DIRECTION('ref_axis',(0.,0.,-1.));
#2184=DIRECTION('',(1.,0.,0.));
#2185=DIRECTION('center_axis',(-1.,0.,0.));
#2186=DIRECTION('ref_axis',(0.,0.,-1.));
#2187=DIRECTION('center_axis',(0.,0.,1.));
#2188=DIRECTION('ref_axis',(1.,0.,0.));
#2189=DIRECTION('',(0.,1.,0.));
#2190=DIRECTION('',(1.,0.,0.));
#2191=DIRECTION('',(0.,-1.,0.));
#2192=DIRECTION('',(-1.,0.,0.));
#2193=DIRECTION('center_axis',(0.,0.,1.));
#2194=DIRECTION('ref_axis',(-2.22044604925031E-16,1.,0.));
#2195=DIRECTION('',(0.,-1.,0.));
#2196=DIRECTION('',(1.,0.,0.));
#2197=DIRECTION('',(0.,1.,0.));
#2198=DIRECTION('',(-1.,-2.22044604925031E-16,0.));
#2199=DIRECTION('',(-0.707106781186548,0.707106781186547,0.));
#2200=DIRECTION('',(-2.22044604925031E-16,1.,0.));
#2201=DIRECTION('',(0.,1.,0.));
#2202=DIRECTION('',(-1.,0.,0.));
#2203=DIRECTION('',(0.,-1.,0.));
#2204=DIRECTION('',(1.,0.,0.));
#2205=DIRECTION('',(1.,2.22044604925031E-16,0.));
#2206=DIRECTION('',(0.707106781186548,-0.707106781186547,0.));
#2207=DIRECTION('',(2.22044604925031E-16,-1.,0.));
#2208=DIRECTION('',(-0.707106781186548,-0.707106781186547,0.));
#2209=DIRECTION('',(-1.,-2.22044604925031E-16,0.));
#2210=DIRECTION('',(0.,-1.,0.));
#2211=DIRECTION('',(-1.,0.,0.));
#2212=DIRECTION('',(0.,1.,0.));
#2213=DIRECTION('',(-1.,0.,0.));
#2214=DIRECTION('',(0.,-1.,0.));
#2215=DIRECTION('',(1.,0.,0.));
#2216=DIRECTION('',(0.,1.,0.));
#2217=DIRECTION('center_axis',(0.,0.,1.));
#2218=DIRECTION('ref_axis',(-2.22044604925031E-16,1.,0.));
#2219=DIRECTION('center_axis',(0.,0.,1.));
#2220=DIRECTION('ref_axis',(-2.22044604925031E-16,1.,0.));
#2221=DIRECTION('',(-1.,0.,0.));
#2222=DIRECTION('',(0.,-1.,0.));
#2223=DIRECTION('',(1.,0.,0.));
#2224=DIRECTION('',(0.,1.,0.));
#2225=DIRECTION('center_axis',(0.,0.,1.));
#2226=DIRECTION('ref_axis',(1.,0.,0.));
#2227=DIRECTION('center_axis',(0.,0.,1.));
#2228=DIRECTION('ref_axis',(1.,0.,0.));
#2229=DIRECTION('center_axis',(0.,0.,1.));
#2230=DIRECTION('ref_axis',(1.,0.,0.));
#2231=DIRECTION('center_axis',(0.,0.,1.));
#2232=DIRECTION('ref_axis',(1.,0.,0.));
#2233=DIRECTION('center_axis',(0.,-1.,0.));
#2234=DIRECTION('ref_axis',(1.,0.,0.));
#2235=DIRECTION('',(0.,0.,1.));
#2236=DIRECTION('',(0.,0.,1.));
#2237=DIRECTION('center_axis',(0.,1.,0.));
#2238=DIRECTION('ref_axis',(-1.,0.,0.));
#2239=DIRECTION('',(0.,0.,-1.));
#2240=DIRECTION('',(0.,0.,1.));
#2241=DIRECTION('',(0.,0.,1.));
#2242=DIRECTION('center_axis',(1.,0.,0.));
#2243=DIRECTION('ref_axis',(0.,1.,0.));
#2244=DIRECTION('center_axis',(-1.,0.,0.));
#2245=DIRECTION('ref_axis',(0.,-1.,0.));
#2246=DIRECTION('',(0.,0.,-1.));
#2247=DIRECTION('center_axis',(-2.22044604925031E-16,1.,0.));
#2248=DIRECTION('ref_axis',(-1.,-2.22044604925031E-16,0.));
#2249=DIRECTION('',(0.,0.,1.));
#2250=DIRECTION('',(-1.,-2.22044604925031E-16,0.));
#2251=DIRECTION('',(0.,0.,1.));
#2252=DIRECTION('',(-1.,-2.22044604925031E-16,0.));
#2253=DIRECTION('',(0.,0.,-1.));
#2254=DIRECTION('center_axis',(1.,0.,0.));
#2255=DIRECTION('ref_axis',(0.,0.,-1.));
#2256=DIRECTION('',(1.,0.,0.));
#2257=DIRECTION('center_axis',(-1.,0.,0.));
#2258=DIRECTION('ref_axis',(0.,0.,-1.));
#2259=DIRECTION('center_axis',(2.22044604925031E-16,-1.,0.));
#2260=DIRECTION('ref_axis',(1.,2.22044604925031E-16,0.));
#2261=DIRECTION('',(0.,0.,1.));
#2262=DIRECTION('',(1.,2.22044604925031E-16,0.));
#2263=DIRECTION('',(0.,0.,1.));
#2264=DIRECTION('',(1.,2.22044604925031E-16,0.));
#2265=DIRECTION('',(0.,0.,1.));
#2266=DIRECTION('center_axis',(0.,0.,1.));
#2267=DIRECTION('ref_axis',(1.,0.,0.));
#2268=DIRECTION('',(0.,1.,0.));
#2269=DIRECTION('',(1.,0.,0.));
#2270=DIRECTION('',(0.,-1.,0.));
#2271=DIRECTION('',(-1.,0.,0.));
#2272=DIRECTION('center_axis',(0.,-1.,0.));
#2273=DIRECTION('ref_axis',(1.,0.,0.));
#2274=DIRECTION('',(0.,0.,1.));
#2275=DIRECTION('',(0.,0.,1.));
#2276=DIRECTION('center_axis',(0.,1.,0.));
#2277=DIRECTION('ref_axis',(-1.,0.,0.));
#2278=DIRECTION('',(0.,0.,-1.));
#2279=DIRECTION('',(0.,0.,1.));
#2280=DIRECTION('center_axis',(1.,0.,0.));
#2281=DIRECTION('ref_axis',(0.,1.,0.));
#2282=DIRECTION('center_axis',(-1.,0.,0.));
#2283=DIRECTION('ref_axis',(0.,-1.,0.));
#2284=DIRECTION('',(0.,0.,1.));
#2285=DIRECTION('',(0.,1.,0.));
#2286=DIRECTION('',(0.,0.,-1.));
#2287=DIRECTION('',(0.,1.,2.46933570586929E-30));
#2288=DIRECTION('center_axis',(0.,0.,1.));
#2289=DIRECTION('ref_axis',(1.,0.,0.));
#2290=DIRECTION('',(0.,0.,-1.));
#2291=DIRECTION('center_axis',(0.,0.,1.));
#2292=DIRECTION('ref_axis',(1.,0.,0.));
#2293=DIRECTION('center_axis',(0.,0.,1.));
#2294=DIRECTION('ref_axis',(1.,0.,0.));
#2295=DIRECTION('center_axis',(0.,0.,1.));
#2296=DIRECTION('ref_axis',(1.,0.,0.));
#2297=DIRECTION('',(0.,0.,-1.));
#2298=DIRECTION('center_axis',(0.,0.,1.));
#2299=DIRECTION('ref_axis',(1.,0.,0.));
#2300=DIRECTION('center_axis',(0.,0.,1.));
#2301=DIRECTION('ref_axis',(1.,0.,0.));
#2302=DIRECTION('center_axis',(0.,0.,1.));
#2303=DIRECTION('ref_axis',(1.,0.,0.));
#2304=DIRECTION('',(0.,0.,-1.));
#2305=DIRECTION('center_axis',(0.,0.,1.));
#2306=DIRECTION('ref_axis',(1.,0.,0.));
#2307=DIRECTION('center_axis',(0.,0.,1.));
#2308=DIRECTION('ref_axis',(1.,0.,0.));
#2309=DIRECTION('center_axis',(0.,0.,1.));
#2310=DIRECTION('ref_axis',(1.,0.,0.));
#2311=DIRECTION('',(0.,0.,-1.));
#2312=DIRECTION('center_axis',(0.,0.,1.));
#2313=DIRECTION('ref_axis',(1.,0.,0.));
#2314=DIRECTION('center_axis',(0.,0.,1.));
#2315=DIRECTION('ref_axis',(1.,0.,0.));
#2316=DIRECTION('center_axis',(0.,1.,0.));
#2317=DIRECTION('ref_axis',(-1.,0.,0.));
#2318=DIRECTION('',(-1.,0.,0.));
#2319=DIRECTION('',(0.,0.,1.));
#2320=DIRECTION('',(0.,0.,1.));
#2321=DIRECTION('center_axis',(1.,0.,0.));
#2322=DIRECTION('ref_axis',(0.,1.,0.));
#2323=DIRECTION('',(0.,1.,0.));
#2324=DIRECTION('',(0.,0.,1.));
#2325=DIRECTION('center_axis',(0.,-1.,0.));
#2326=DIRECTION('ref_axis',(1.,0.,0.));
#2327=DIRECTION('',(1.,0.,0.));
#2328=DIRECTION('',(0.,0.,1.));
#2329=DIRECTION('center_axis',(-1.,0.,0.));
#2330=DIRECTION('ref_axis',(0.,-1.,0.));
#2331=DIRECTION('',(0.,-1.,0.));
#2332=DIRECTION('center_axis',(0.,0.,1.));
#2333=DIRECTION('ref_axis',(1.,0.,0.));
#2334=DIRECTION('center_axis',(0.,0.,1.));
#2335=DIRECTION('ref_axis',(1.,0.,0.));
#2336=DIRECTION('center_axis',(0.,0.,1.));
#2337=DIRECTION('ref_axis',(-2.22044604925031E-16,1.,0.));
#2338=DIRECTION('',(0.,1.,0.));
#2339=DIRECTION('center_axis',(0.,1.,0.));
#2340=DIRECTION('ref_axis',(-1.,0.,0.));
#2341=DIRECTION('',(-1.,0.,0.));
#2342=DIRECTION('',(0.,0.,1.));
#2343=DIRECTION('',(0.,0.,1.));
#2344=DIRECTION('center_axis',(1.,0.,0.));
#2345=DIRECTION('ref_axis',(0.,1.,0.));
#2346=DIRECTION('',(0.,1.,0.));
#2347=DIRECTION('',(0.,0.,1.));
#2348=DIRECTION('center_axis',(0.,-1.,0.));
#2349=DIRECTION('ref_axis',(1.,0.,0.));
#2350=DIRECTION('',(1.,0.,0.));
#2351=DIRECTION('',(0.,0.,1.));
#2352=DIRECTION('center_axis',(-1.,0.,0.));
#2353=DIRECTION('ref_axis',(0.,-1.,0.));
#2354=DIRECTION('',(0.,-1.,0.));
#2355=DIRECTION('center_axis',(0.,0.,1.));
#2356=DIRECTION('ref_axis',(1.,0.,0.));
#2357=DIRECTION('center_axis',(-1.,0.,0.));
#2358=DIRECTION('ref_axis',(0.,-1.,0.));
#2359=DIRECTION('',(0.,1.,2.46933570586929E-30));
#2360=DIRECTION('',(0.,0.,1.));
#2361=DIRECTION('center_axis',(1.,0.,0.));
#2362=DIRECTION('ref_axis',(0.,1.,0.));
#2363=DIRECTION('',(0.,-1.,-2.46933570586929E-30));
#2364=DIRECTION('',(0.,0.,1.));
#2365=DIRECTION('',(0.,0.,1.));
#2366=DIRECTION('center_axis',(0.,-1.,0.));
#2367=DIRECTION('ref_axis',(1.,0.,0.));
#2368=DIRECTION('',(-1.,0.,6.99387906287907E-32));
#2369=DIRECTION('center_axis',(-2.22044604925031E-16,1.,0.));
#2370=DIRECTION('ref_axis',(-1.,-2.22044604925031E-16,0.));
#2371=DIRECTION('',(-1.,-2.22044604925031E-16,0.));
#2372=DIRECTION('',(0.,0.,1.));
#2373=DIRECTION('',(-1.,-2.22044604925031E-16,0.));
#2374=DIRECTION('',(0.,0.,1.));
#2375=DIRECTION('center_axis',(0.,1.,0.));
#2376=DIRECTION('ref_axis',(-1.,0.,0.));
#2377=DIRECTION('',(1.,0.,0.));
#2378=DIRECTION('',(0.,0.,1.));
#2379=DIRECTION('center_axis',(0.,1.,0.));
#2380=DIRECTION('ref_axis',(-1.,0.,0.));
#2381=DIRECTION('',(1.,0.,-6.99387906287907E-32));
#2382=DIRECTION('',(0.,0.,1.));
#2383=DIRECTION('',(-1.,0.,0.));
#2384=DIRECTION('',(0.,0.,1.));
#2385=DIRECTION('center_axis',(1.,0.,0.));
#2386=DIRECTION('ref_axis',(0.,1.,0.));
#2387=DIRECTION('',(0.,0.,-1.));
#2388=DIRECTION('',(0.,-1.,-2.46933570586929E-30));
#2389=DIRECTION('',(0.,0.,1.));
#2390=DIRECTION('',(0.,-1.,0.));
#2391=DIRECTION('center_axis',(1.,0.,0.));
#2392=DIRECTION('ref_axis',(0.,1.,0.));
#2393=DIRECTION('',(0.,-1.,-2.46933570586929E-30));
#2394=DIRECTION('',(0.,1.,0.));
#2395=DIRECTION('',(0.,0.,-1.));
#2396=DIRECTION('center_axis',(-1.,0.,0.));
#2397=DIRECTION('ref_axis',(0.,-1.,0.));
#2398=DIRECTION('',(0.,1.,2.46933570586929E-30));
#2399=DIRECTION('',(0.,0.,1.));
#2400=DIRECTION('',(0.,-1.,0.));
#2401=DIRECTION('center_axis',(-2.22044604925031E-16,1.,0.));
#2402=DIRECTION('ref_axis',(-1.,-2.22044604925031E-16,0.));
#2403=DIRECTION('',(1.,2.22044604925031E-16,0.));
#2404=DIRECTION('',(0.,0.,-1.));
#2405=DIRECTION('',(1.,2.22044604925031E-16,-6.99387906287901E-32));
#2406=DIRECTION('center_axis',(0.,0.,1.));
#2407=DIRECTION('ref_axis',(-2.22044604925031E-16,1.,0.));
#2408=DIRECTION('',(1.,2.22044604925031E-16,0.));
#2409=DIRECTION('',(2.22044604925031E-16,-1.,0.));
#2410=DIRECTION('',(-1.,-2.22044604925031E-16,0.));
#2411=DIRECTION('',(2.22044604925031E-16,-1.,0.));
#2412=DIRECTION('',(1.,2.22044604925031E-16,0.));
#2413=DIRECTION('center_axis',(2.22044604925031E-16,-1.,0.));
#2414=DIRECTION('ref_axis',(1.,2.22044604925031E-16,0.));
#2415=DIRECTION('',(1.,2.22044604925031E-16,0.));
#2416=DIRECTION('',(0.,0.,1.));
#2417=DIRECTION('',(1.,2.22044604925031E-16,0.));
#2418=DIRECTION('center_axis',(2.22044604925031E-16,-1.,0.));
#2419=DIRECTION('ref_axis',(1.,2.22044604925031E-16,0.));
#2420=DIRECTION('',(-1.,-2.22044604925031E-16,6.99387906287901E-32));
#2421=DIRECTION('',(0.,0.,1.));
#2422=DIRECTION('center_axis',(6.99387906287907E-32,-2.46933570586929E-30,
1.));
#2423=DIRECTION('ref_axis',(-2.22044604925031E-16,1.,2.46933570586929E-30));
#2424=DIRECTION('',(-2.22044604925031E-16,1.,0.));
#2425=DIRECTION('center_axis',(6.99387906287907E-32,-2.46933570586929E-30,
1.));
#2426=DIRECTION('ref_axis',(-2.22044604925031E-16,1.,2.46933570586929E-30));
#2427=DIRECTION('',(2.22044604925031E-16,-1.,0.));
#2428=DIRECTION('',(-1.,-2.22044604925031E-16,6.99387906287901E-32));
#2429=DIRECTION('',(-2.22044604925031E-16,1.,1.57778123876112E-30));
#2430=DIRECTION('',(1.,2.22044604925031E-16,-6.99387906287901E-32));
#2431=DIRECTION('',(-2.22044604925031E-16,1.,0.));
#2432=DIRECTION('',(-1.,-2.22044604925031E-16,0.));
#2433=DIRECTION('',(-2.22044604925031E-16,1.,0.));
#2434=DIRECTION('',(1.,2.22044604925031E-16,0.));
#2435=DIRECTION('',(-2.22044604925031E-16,1.,0.));
#2436=DIRECTION('',(-1.,-2.22044604925031E-16,6.99387906287901E-32));
#2437=DIRECTION('',(-2.22044604925031E-16,1.,2.46933570586929E-30));
#2438=DIRECTION('',(1.,2.22044604925031E-16,-6.99387906287901E-32));
#2439=DIRECTION('',(-2.22044604925031E-16,1.,0.));
#2440=DIRECTION('center_axis',(0.,0.,1.));
#2441=DIRECTION('ref_axis',(-2.22044604925031E-16,1.,0.));
#2442=DIRECTION('',(0.,0.,1.));
#2443=DIRECTION('center_axis',(0.,0.,-1.));
#2444=DIRECTION('ref_axis',(-2.22044604925031E-16,1.,0.));
#2445=DIRECTION('center_axis',(-2.22044604925031E-16,1.,0.));
#2446=DIRECTION('ref_axis',(-1.,-2.22044604925031E-16,0.));
#2447=DIRECTION('',(-1.,-2.22044604925031E-16,0.));
#2448=DIRECTION('',(0.,0.,1.));
#2449=DIRECTION('',(1.,2.22044604925031E-16,0.));
#2450=DIRECTION('',(0.,0.,1.));
#2451=DIRECTION('center_axis',(1.,2.22044604925031E-16,0.));
#2452=DIRECTION('ref_axis',(-2.22044604925031E-16,1.,0.));
#2453=DIRECTION('',(-1.38710165032846E-16,0.624695047554425,-0.78086880944303));
#2454=DIRECTION('',(-1.38710165032846E-16,0.624695047554425,0.78086880944303));
#2455=DIRECTION('',(0.,0.,1.));
#2456=DIRECTION('',(2.22044604925031E-16,-1.,0.));
#2457=DIRECTION('center_axis',(2.22044604925031E-16,-1.,0.));
#2458=DIRECTION('ref_axis',(1.,2.22044604925031E-16,0.));
#2459=DIRECTION('',(1.,2.22044604925031E-16,0.));
#2460=DIRECTION('',(0.,0.,1.));
#2461=DIRECTION('',(-1.,-2.22044604925031E-16,0.));
#2462=DIRECTION('center_axis',(1.73387706291057E-16,-0.78086880944303,-0.624695047554425));
#2463=DIRECTION('ref_axis',(1.38710165032846E-16,-0.624695047554425,0.78086880944303));
#2464=DIRECTION('',(1.38710165032846E-16,-0.624695047554425,0.78086880944303));
#2465=DIRECTION('',(-1.,-2.22044604925031E-16,0.));
#2466=DIRECTION('',(1.38710165032846E-16,-0.624695047554425,0.78086880944303));
#2467=DIRECTION('',(1.,2.22044604925031E-16,0.));
#2468=DIRECTION('',(1.38710165032846E-16,-0.624695047554425,0.78086880944303));
#2469=DIRECTION('',(-1.,-2.22044604925026E-16,-6.02402814457572E-30));
#2470=DIRECTION('',(1.38710165032846E-16,-0.624695047554425,0.78086880944303));
#2471=DIRECTION('',(1.,2.22044604925024E-16,9.32387719413367E-30));
#2472=DIRECTION('',(9.9814680006574E-15,0.624695047554425,-0.78086880944303));
#2473=DIRECTION('center_axis',(0.,0.,1.));
#2474=DIRECTION('ref_axis',(-2.22044604925031E-16,1.,0.));
#2475=DIRECTION('',(2.22044604925031E-16,-1.,0.));
#2476=DIRECTION('',(1.,2.22044604925031E-16,0.));
#2477=DIRECTION('',(-2.22044604925031E-16,1.,0.));
#2478=DIRECTION('',(1.,2.22044604925031E-16,0.));
#2479=DIRECTION('',(-2.22044604925031E-16,1.,0.));
#2480=DIRECTION('',(-1.,-2.22044604925031E-16,0.));
#2481=DIRECTION('',(-2.22044604925031E-16,1.,0.));
#2482=DIRECTION('',(2.22044604925031E-16,-1.,0.));
#2483=DIRECTION('center_axis',(-1.73387706291057E-16,0.78086880944303,-0.624695047554425));
#2484=DIRECTION('ref_axis',(1.38710165032846E-16,-0.624695047554425,-0.78086880944303));
#2485=DIRECTION('',(-1.38710165032846E-16,0.624695047554425,0.78086880944303));
#2486=DIRECTION('',(-1.,-2.22044604925031E-16,0.));
#2487=DIRECTION('',(1.38710165032846E-16,-0.624695047554425,-0.78086880944303));
#2488=DIRECTION('',(-1.38710165032846E-16,0.624695047554425,0.78086880944303));
#2489=DIRECTION('',(1.,2.22044604925036E-16,6.02402814457572E-30));
#2490=DIRECTION('',(-1.02588883307231E-14,0.624695047554425,0.78086880944303));
#2491=DIRECTION('',(-1.,-2.22044604925039E-16,-9.32387719413367E-30));
#2492=DIRECTION('',(1.38710165032846E-16,-0.624695047554425,-0.78086880944303));
#2493=DIRECTION('center_axis',(-1.,-2.22044604925031E-16,0.));
#2494=DIRECTION('ref_axis',(0.,0.,1.));
#2495=DIRECTION('',(2.22044604925031E-16,-1.,0.));
#2496=DIRECTION('',(1.38710165032846E-16,-0.624695047554425,0.78086880944303));
#2497=DIRECTION('',(2.22044604925031E-16,-1.,0.));
#2498=DIRECTION('center_axis',(-6.02402814457582E-30,4.20838110470755E-28,
1.));
#2499=DIRECTION('ref_axis',(-2.22044604925031E-16,1.,-4.20838110470755E-28));
#2500=DIRECTION('',(0.998421713112782,0.0561612213625944,0.));
#2501=DIRECTION('',(1.,2.22044604925031E-16,0.));
#2502=DIRECTION('center_axis',(-9.32387719413382E-30,6.68528143808279E-28,
1.));
#2503=DIRECTION('ref_axis',(-2.22044604925031E-16,1.,-6.68528143808279E-28));
#2504=DIRECTION('',(1.,2.22044604925031E-16,0.));
#2505=DIRECTION('',(0.998421713112782,0.0561612213625947,0.));
#2506=DIRECTION('center_axis',(1.73387706291057E-16,-0.78086880944303,-0.624695047554425));
#2507=DIRECTION('ref_axis',(1.38710165032846E-16,-0.624695047554425,0.78086880944303));
#2508=DIRECTION('',(1.38710165032846E-16,-0.624695047554425,0.78086880944303));
#2509=DIRECTION('center_axis',(0.0438815604408655,-0.780116630059826,-0.624093304047861));
#2510=DIRECTION('ref_axis',(1.38710165032846E-16,-0.624695047554424,0.78086880944303));
#2511=DIRECTION('center_axis',(0.,0.,1.));
#2512=DIRECTION('ref_axis',(-2.22044604925031E-16,1.,0.));
#2513=DIRECTION('',(2.22044604925031E-16,-1.,0.));
#2514=DIRECTION('',(-1.,-2.22044604925031E-16,0.));
#2515=DIRECTION('',(-2.22044604925031E-16,1.,0.));
#2516=DIRECTION('center_axis',(2.22044604925031E-16,-1.,0.));
#2517=DIRECTION('ref_axis',(1.,2.22044604925031E-16,0.));
#2518=DIRECTION('',(0.,0.,1.));
#2519=DIRECTION('',(1.,2.22044604925031E-16,0.));
#2520=DIRECTION('',(0.,0.,1.));
#2521=DIRECTION('center_axis',(1.,2.22044604925031E-16,0.));
#2522=DIRECTION('ref_axis',(-2.22044604925031E-16,1.,0.));
#2523=DIRECTION('',(0.,0.,1.));
#2524=DIRECTION('center_axis',(1.,2.22044604925031E-16,0.));
#2525=DIRECTION('ref_axis',(-2.22044604925031E-16,1.,0.));
#2526=DIRECTION('',(2.22044604925031E-16,-1.,0.));
#2527=DIRECTION('',(0.,0.,-1.));
#2528=DIRECTION('',(-2.22044604925031E-16,1.,0.));
#2529=DIRECTION('',(0.,0.,1.));
#2530=DIRECTION('',(-2.22044604925031E-16,1.,0.));
#2531=DIRECTION('',(0.,0.,-1.));
#2532=DIRECTION('center_axis',(2.22044604925031E-16,-1.,0.));
#2533=DIRECTION('ref_axis',(1.,2.22044604925031E-16,0.));
#2534=DIRECTION('',(0.,0.,1.));
#2535=DIRECTION('center_axis',(-1.,-2.22044604925031E-16,0.));
#2536=DIRECTION('ref_axis',(2.22044604925031E-16,-1.,0.));
#2537=DIRECTION('',(2.22044604925031E-16,-1.,0.));
#2538=DIRECTION('',(0.,0.,1.));
#2539=DIRECTION('center_axis',(-2.22044604925031E-16,1.,0.));
#2540=DIRECTION('ref_axis',(-1.,-2.22044604925031E-16,0.));
#2541=DIRECTION('',(-1.,-2.22044604925031E-16,0.));
#2542=DIRECTION('center_axis',(0.,0.,1.));
#2543=DIRECTION('ref_axis',(-2.22044604925031E-16,1.,0.));
#2544=DIRECTION('center_axis',(1.21632679354427E-32,-4.20128018656601E-30,
1.));
#2545=DIRECTION('ref_axis',(-2.22044604925031E-16,1.,4.20128018656601E-30));
#2546=DIRECTION('',(-0.707106781186548,-0.707106781186547,0.));
#2547=DIRECTION('',(2.22044604925031E-16,-1.,0.));
#2548=DIRECTION('center_axis',(1.21632679354427E-32,-4.20128018656601E-30,
1.));
#2549=DIRECTION('ref_axis',(-2.22044604925031E-16,1.,4.20128018656601E-30));
#2550=DIRECTION('',(-0.707106781186548,0.707106781186547,0.));
#2551=DIRECTION('center_axis',(-0.0438815604408652,-0.780116630059826,0.624093304047861));
#2552=DIRECTION('ref_axis',(-1.38710165032846E-16,0.624695047554424,0.78086880944303));
#2553=DIRECTION('',(0.998421713112782,-0.0561612213625939,0.));
#2554=DIRECTION('',(-1.38710165032846E-16,0.624695047554425,0.78086880944303));
#2555=DIRECTION('',(0.998421713112782,-0.0561612213625942,0.));
#2556=DIRECTION('center_axis',(-6.02402814457563E-30,-4.20838110470755E-28,
1.));
#2557=DIRECTION('ref_axis',(-2.22044604925031E-16,1.,4.20838110470755E-28));
#2558=DIRECTION('',(-2.22044604925031E-16,1.,0.));
#2559=DIRECTION('',(1.,2.22044604925031E-16,0.));
#2560=DIRECTION('center_axis',(-9.32387719413353E-30,-6.68528143808279E-28,
1.));
#2561=DIRECTION('ref_axis',(-2.22044604925031E-16,1.,6.68528143808279E-28));
#2562=DIRECTION('',(1.,2.22044604925031E-16,0.));
#2563=DIRECTION('',(-2.22044604925031E-16,1.,0.));
#2564=DIRECTION('center_axis',(1.,2.22044604925031E-16,0.));
#2565=DIRECTION('ref_axis',(0.,0.,-1.));
#2566=DIRECTION('',(-1.38710165032846E-16,0.624695047554425,0.78086880944303));
#2567=DIRECTION('center_axis',(1.73387706291057E-16,-0.78086880944303,0.624695047554425));
#2568=DIRECTION('ref_axis',(-1.38710165032846E-16,0.624695047554425,0.78086880944303));
#2569=DIRECTION('center_axis',(-2.22044604925031E-16,1.,0.));
#2570=DIRECTION('ref_axis',(-1.,-2.22044604925031E-16,0.));
#2571=DIRECTION('',(0.,0.,1.));
#2572=DIRECTION('center_axis',(0.,0.,1.));
#2573=DIRECTION('ref_axis',(-2.22044604925031E-16,1.,0.));
#2574=DIRECTION('',(1.,2.22044604925031E-16,0.));
#2575=DIRECTION('',(2.22044604925031E-16,-1.,0.));
#2576=DIRECTION('',(-2.22044604925031E-16,1.,0.));
#2577=DIRECTION('center_axis',(-2.22044604925031E-16,1.,0.));
#2578=DIRECTION('ref_axis',(-1.,-2.22044604925031E-16,0.));
#2579=DIRECTION('',(0.,0.,1.));
#2580=DIRECTION('center_axis',(1.,2.22044604925031E-16,0.));
#2581=DIRECTION('ref_axis',(-2.22044604925031E-16,1.,0.));
#2582=DIRECTION('center_axis',(2.22044604925031E-16,-1.,0.));
#2583=DIRECTION('ref_axis',(1.,2.22044604925031E-16,0.));
#2584=DIRECTION('',(0.,0.,1.));
#2585=DIRECTION('center_axis',(-1.,-2.22044604925031E-16,0.));
#2586=DIRECTION('ref_axis',(2.22044604925031E-16,-1.,0.));
#2587=DIRECTION('center_axis',(1.21632679354432E-32,-6.41934736580893E-30,
1.));
#2588=DIRECTION('ref_axis',(-2.22044604925031E-16,1.,6.41934736580893E-30));
#2589=DIRECTION('center_axis',(1.21632679354432E-32,-6.41934736580893E-30,
1.));
#2590=DIRECTION('ref_axis',(-2.22044604925031E-16,1.,6.41934736580893E-30));
#2591=DIRECTION('',(0.707106781186548,-0.707106781186547,0.));
#2592=DIRECTION('',(2.22044604925031E-16,-1.,0.));
#2593=DIRECTION('center_axis',(-0.707106781186547,-0.707106781186548,0.));
#2594=DIRECTION('ref_axis',(0.707106781186548,-0.707106781186547,0.));
#2595=DIRECTION('',(0.,0.,1.));
#2596=DIRECTION('center_axis',(-1.,-2.22044604925031E-16,0.));
#2597=DIRECTION('ref_axis',(2.22044604925031E-16,-1.,0.));
#2598=DIRECTION('',(0.,0.,1.));
#2599=DIRECTION('center_axis',(-0.707106781186547,0.707106781186548,0.));
#2600=DIRECTION('ref_axis',(-0.707106781186548,-0.707106781186547,0.));
#2601=DIRECTION('center_axis',(0.707106781186547,0.707106781186548,0.));
#2602=DIRECTION('ref_axis',(-0.707106781186548,0.707106781186547,0.));
#2603=CARTESIAN_POINT('',(0.,0.,0.));
#2604=CARTESIAN_POINT('Origin',(5.1,36.85,5.));
#2605=CARTESIAN_POINT('',(5.1,38.7394443627691,7.2));
#2606=CARTESIAN_POINT('',(5.1,34.9605556372309,7.2));
#2607=CARTESIAN_POINT('',(5.1,35.5125,7.2));
#2608=CARTESIAN_POINT('Origin',(5.1,36.85,5.));
#2609=CARTESIAN_POINT('',(5.1,36.85,6.6));
#2610=CARTESIAN_POINT('Origin',(5.1,36.85,5.));
#2611=CARTESIAN_POINT('Origin',(2.9,36.85,5.));
#2612=CARTESIAN_POINT('',(5.,38.7394443627691,7.2));
#2613=CARTESIAN_POINT('',(2.9,38.7394443627691,7.2));
#2614=CARTESIAN_POINT('',(5.,34.9605556372309,7.2));
#2615=CARTESIAN_POINT('Origin',(5.,36.85,5.));
#2616=CARTESIAN_POINT('',(2.9,34.9605556372309,7.2));
#2617=CARTESIAN_POINT('Origin',(6.85,34.175,7.2));
#2618=CARTESIAN_POINT('',(5.,28.,7.2));
#2619=CARTESIAN_POINT('',(5.,40.85,7.2));
#2620=CARTESIAN_POINT('',(7.8,28.,7.2));
#2621=CARTESIAN_POINT('',(13.425,28.,7.2));
#2622=CARTESIAN_POINT('',(7.8,27.5,7.2));
#2623=CARTESIAN_POINT('',(7.8,31.0875,7.2));
#2624=CARTESIAN_POINT('',(8.7,27.5,7.2));
#2625=CARTESIAN_POINT('',(5.,27.5,7.2));
#2626=CARTESIAN_POINT('',(8.7,40.85,7.2));
#2627=CARTESIAN_POINT('',(8.7,27.5,7.2));
#2628=CARTESIAN_POINT('',(5.,40.85,7.2));
#2629=CARTESIAN_POINT('',(8.7,40.85,7.2));
#2630=CARTESIAN_POINT('',(5.,40.85,7.2));
#2631=CARTESIAN_POINT('Origin',(5.1,-28.15,5.));
#2632=CARTESIAN_POINT('',(5.1,-28.,7.89611809151492));
#2633=CARTESIAN_POINT('',(5.1,-28.,7.2));
#2634=CARTESIAN_POINT('',(5.1,-28.,2.5));
#2635=CARTESIAN_POINT('',(5.1,-30.0394443627691,7.2));
#2636=CARTESIAN_POINT('Origin',(5.1,-28.15,5.));
#2637=CARTESIAN_POINT('',(5.1,-28.15,7.2));
#2638=CARTESIAN_POINT('',(5.1,-28.15,6.6));
#2639=CARTESIAN_POINT('Origin',(5.1,-28.15,5.));
#2640=CARTESIAN_POINT('Origin',(2.9,-28.15,5.));
#2641=CARTESIAN_POINT('',(2.9,-28.,7.89611809151492));
#2642=CARTESIAN_POINT('',(2.9,-28.,7.89611809151492));
#2643=CARTESIAN_POINT('',(2.9,-28.,2.10388190848508));
#2644=CARTESIAN_POINT('Origin',(2.9,-28.15,5.));
#2645=CARTESIAN_POINT('',(5.,-28.,2.10388190848508));
#2646=CARTESIAN_POINT('',(2.9,-28.,2.10388190848508));
#2647=CARTESIAN_POINT('',(5.,-30.0394443627691,7.2));
#2648=CARTESIAN_POINT('Origin',(5.,-28.15,5.));
#2649=CARTESIAN_POINT('',(2.9,-30.0394443627691,7.2));
#2650=CARTESIAN_POINT('Origin',(2.9,-28.15,5.));
#2651=CARTESIAN_POINT('',(2.9,-28.,2.5));
#2652=CARTESIAN_POINT('Origin',(6.85,-28.15,7.2));
#2653=CARTESIAN_POINT('',(5.,-32.15,7.2));
#2654=CARTESIAN_POINT('',(5.,-24.15,7.2));
#2655=CARTESIAN_POINT('',(8.7,-32.15,7.2));
#2656=CARTESIAN_POINT('',(5.,-32.15,7.2));
#2657=CARTESIAN_POINT('',(8.7,-24.15,7.2));
#2658=CARTESIAN_POINT('',(8.7,-32.15,7.2));
#2659=CARTESIAN_POINT('',(7.8,-24.15,7.2));
#2660=CARTESIAN_POINT('',(8.7,-24.15,7.2));
#2661=CARTESIAN_POINT('',(7.8,-28.,7.2));
#2662=CARTESIAN_POINT('',(7.8,-25.05,7.2));
#2663=CARTESIAN_POINT('',(-6.575,-28.,7.2));
#2664=CARTESIAN_POINT('Origin',(5.,-24.15,0.));
#2665=CARTESIAN_POINT('',(5.,-28.,0.));
#2666=CARTESIAN_POINT('',(5.,-28.,0.));
#2667=CARTESIAN_POINT('',(5.,-32.15,0.));
#2668=CARTESIAN_POINT('',(5.,-24.15,0.));
#2669=CARTESIAN_POINT('',(5.,-32.15,0.));
#2670=CARTESIAN_POINT('Origin',(4.9,-28.15,5.));
#2671=CARTESIAN_POINT('',(11.4,-28.,3.4070467677926));
#2672=CARTESIAN_POINT('',(11.4,-28.,6.5929532322074));
#2673=CARTESIAN_POINT('Origin',(11.4,-28.15,5.));
#2674=CARTESIAN_POINT('',(20.,-28.,3.4070467677926));
#2675=CARTESIAN_POINT('',(4.9,-28.,3.4070467677926));
#2676=CARTESIAN_POINT('',(20.,-28.,6.5929532322074));
#2677=CARTESIAN_POINT('Origin',(19.85,-28.15,5.));
#2678=CARTESIAN_POINT('',(4.9,-28.,6.5929532322074));
#2679=CARTESIAN_POINT('Origin',(20.,-28.,0.));
#2680=CARTESIAN_POINT('',(20.,-28.,0.));
#2681=CARTESIAN_POINT('',(20.,-28.,0.));
#2682=CARTESIAN_POINT('',(22.,-26.,0.));
#2683=CARTESIAN_POINT('',(20.,-28.,0.));
#2684=CARTESIAN_POINT('',(22.,-26.,7.));
#2685=CARTESIAN_POINT('',(22.,-26.,0.));
#2686=CARTESIAN_POINT('',(20.,-28.,7.));
#2687=CARTESIAN_POINT('',(20.,-28.,7.));
#2688=CARTESIAN_POINT('',(20.,-28.,0.));
#2689=CARTESIAN_POINT('Origin',(-20.,-28.,0.));
#2690=CARTESIAN_POINT('',(11.4,-28.,0.));
#2691=CARTESIAN_POINT('',(11.4,-28.,0.));
#2692=CARTESIAN_POINT('',(-20.,-28.,0.));
#2693=CARTESIAN_POINT('Origin',(4.9,36.85,5.));
#2694=CARTESIAN_POINT('',(8.7,36.85,6.6));
#2695=CARTESIAN_POINT('',(4.9,36.85,6.6));
#2696=CARTESIAN_POINT('Origin',(8.7,36.85,5.));
#2697=CARTESIAN_POINT('Origin',(8.35,34.175,1.3));
#2698=CARTESIAN_POINT('',(8.7,27.5,1.3));
#2699=CARTESIAN_POINT('',(8.7,40.85,1.3));
#2700=CARTESIAN_POINT('',(8.7,30.8375,1.3));
#2701=CARTESIAN_POINT('',(7.8,27.5,1.3));
#2702=CARTESIAN_POINT('',(6.675,27.5,1.3));
#2703=CARTESIAN_POINT('',(7.8,40.85,1.3));
#2704=CARTESIAN_POINT('',(7.8,40.85,1.3));
#2705=CARTESIAN_POINT('',(8.525,40.85,1.3));
#2706=CARTESIAN_POINT('Origin',(0.,0.,0.));
#2707=CARTESIAN_POINT('',(7.8,40.85,0.));
#2708=CARTESIAN_POINT('',(7.8,25.95,0.));
#2709=CARTESIAN_POINT('',(7.8,14.,0.));
#2710=CARTESIAN_POINT('',(11.4,25.95,0.));
#2711=CARTESIAN_POINT('',(3.9,25.95,0.));
#2712=CARTESIAN_POINT('',(11.4,28.,0.));
#2713=CARTESIAN_POINT('',(11.4,12.975,0.));
#2714=CARTESIAN_POINT('',(20.,28.,0.));
#2715=CARTESIAN_POINT('',(20.,28.,0.));
#2716=CARTESIAN_POINT('',(22.,26.,0.));
#2717=CARTESIAN_POINT('',(22.,26.,0.));
#2718=CARTESIAN_POINT('',(22.,-26.,0.));
#2719=CARTESIAN_POINT('',(11.4,-21.95,0.));
#2720=CARTESIAN_POINT('',(11.4,-14.,0.));
#2721=CARTESIAN_POINT('',(7.8,-21.95,0.));
#2722=CARTESIAN_POINT('',(5.7,-21.95,0.));
#2723=CARTESIAN_POINT('',(7.8,-32.15,0.));
#2724=CARTESIAN_POINT('',(7.8,-12.075,0.));
#2725=CARTESIAN_POINT('',(5.,-32.15,0.));
#2726=CARTESIAN_POINT('',(-20.,-28.,0.));
#2727=CARTESIAN_POINT('',(-20.,-28.,0.));
#2728=CARTESIAN_POINT('',(-22.,-26.,0.));
#2729=CARTESIAN_POINT('',(-22.,-26.,0.));
#2730=CARTESIAN_POINT('',(-22.,26.,0.));
#2731=CARTESIAN_POINT('',(-22.,26.,0.));
#2732=CARTESIAN_POINT('',(-20.,28.,0.));
#2733=CARTESIAN_POINT('',(-20.,28.,0.));
#2734=CARTESIAN_POINT('',(5.,28.,0.));
#2735=CARTESIAN_POINT('',(20.,28.,0.));
#2736=CARTESIAN_POINT('',(5.,40.85,0.));
#2737=CARTESIAN_POINT('',(5.,40.85,0.));
#2738=CARTESIAN_POINT('',(8.7,40.85,0.));
#2739=CARTESIAN_POINT('',(-6.3,4.06939798987516,0.));
#2740=CARTESIAN_POINT('',(-6.3,20.,0.));
#2741=CARTESIAN_POINT('',(-6.3,-10.,0.));
#2742=CARTESIAN_POINT('',(-8.5,20.,0.));
#2743=CARTESIAN_POINT('',(-3.15,20.,0.));
#2744=CARTESIAN_POINT('',(-8.5,-20.,0.));
#2745=CARTESIAN_POINT('',(-8.5,10.,0.));
#2746=CARTESIAN_POINT('',(-6.3,-20.,0.));
#2747=CARTESIAN_POINT('',(-4.25,-20.,0.));
#2748=CARTESIAN_POINT('',(-6.3,-4.06939798987516,0.));
#2749=CARTESIAN_POINT('',(-6.3,-10.,0.));
#2750=CARTESIAN_POINT('',(2.58381963629825E-15,-7.5,0.));
#2751=CARTESIAN_POINT('Origin',(0.,0.,0.));
#2752=CARTESIAN_POINT('Origin',(0.,0.,0.));
#2753=CARTESIAN_POINT('',(10.5,20.,0.));
#2754=CARTESIAN_POINT('',(8.3,20.,0.));
#2755=CARTESIAN_POINT('',(5.25,20.,0.));
#2756=CARTESIAN_POINT('',(8.3,-20.,0.));
#2757=CARTESIAN_POINT('',(8.3,10.,0.));
#2758=CARTESIAN_POINT('',(10.5,-20.,0.));
#2759=CARTESIAN_POINT('',(4.15,-20.,0.));
#2760=CARTESIAN_POINT('',(10.5,-10.,0.));
#2761=CARTESIAN_POINT('',(-1.1,-22.,0.));
#2762=CARTESIAN_POINT('Origin',(0.,-22.,0.));
#2763=CARTESIAN_POINT('',(-1.1,-10.,0.));
#2764=CARTESIAN_POINT('Origin',(0.,-10.,0.));
#2765=CARTESIAN_POINT('',(-1.1,10.,0.));
#2766=CARTESIAN_POINT('Origin',(0.,10.,0.));
#2767=CARTESIAN_POINT('',(-1.1,22.,0.));
#2768=CARTESIAN_POINT('Origin',(0.,22.,0.));
#2769=CARTESIAN_POINT('Origin',(5.,27.5,0.));
#2770=CARTESIAN_POINT('',(8.7,27.5,0.));
#2771=CARTESIAN_POINT('',(7.8,27.5,0.));
#2772=CARTESIAN_POINT('Origin',(8.7,40.85,0.));
#2773=CARTESIAN_POINT('',(7.8,40.85,0.));
#2774=CARTESIAN_POINT('',(5.,40.85,0.));
#2775=CARTESIAN_POINT('',(8.7,40.85,0.));
#2776=CARTESIAN_POINT('Origin',(8.7,27.5,0.));
#2777=CARTESIAN_POINT('Origin',(5.,40.85,0.));
#2778=CARTESIAN_POINT('',(5.,28.,0.));
#2779=CARTESIAN_POINT('Origin',(20.,28.,0.));
#2780=CARTESIAN_POINT('',(-20.,28.,7.));
#2781=CARTESIAN_POINT('',(-20.,28.,0.));
#2782=CARTESIAN_POINT('',(-22.,28.,7.));
#2783=CARTESIAN_POINT('',(22.,28.,7.));
#2784=CARTESIAN_POINT('',(-22.,28.,12.2));
#2785=CARTESIAN_POINT('',(-22.,28.,7.));
#2786=CARTESIAN_POINT('',(7.8,28.,12.2));
#2787=CARTESIAN_POINT('',(22.,28.,12.2));
#2788=CARTESIAN_POINT('',(7.8,28.,0.));
#2789=CARTESIAN_POINT('Origin',(4.9,-28.15,5.));
#2790=CARTESIAN_POINT('',(8.7,-28.15,6.6));
#2791=CARTESIAN_POINT('',(4.9,-28.15,6.6));
#2792=CARTESIAN_POINT('Origin',(8.7,-28.15,5.));
#2793=CARTESIAN_POINT('Origin',(-20.,-28.,0.));
#2794=CARTESIAN_POINT('',(7.8,-28.,12.2));
#2795=CARTESIAN_POINT('',(7.8,-28.,0.));
#2796=CARTESIAN_POINT('',(-22.,-28.,12.2));
#2797=CARTESIAN_POINT('',(-22.,-28.,12.2));
#2798=CARTESIAN_POINT('',(-22.,-28.,7.));
#2799=CARTESIAN_POINT('',(-22.,-28.,7.));
#2800=CARTESIAN_POINT('',(-20.,-28.,7.));
#2801=CARTESIAN_POINT('',(-22.,-28.,7.));
#2802=CARTESIAN_POINT('',(-20.,-28.,0.));
#2803=CARTESIAN_POINT('Origin',(8.35,-28.15,1.3));
#2804=CARTESIAN_POINT('',(8.7,-32.15,1.3));
#2805=CARTESIAN_POINT('',(8.7,-24.15,1.3));
#2806=CARTESIAN_POINT('',(8.7,-30.15,1.3));
#2807=CARTESIAN_POINT('',(7.8,-32.15,1.3));
#2808=CARTESIAN_POINT('',(6.675,-32.15,1.3));
#2809=CARTESIAN_POINT('',(7.8,-24.15,1.3));
#2810=CARTESIAN_POINT('',(7.8,-24.15,1.3));
#2811=CARTESIAN_POINT('',(8.525,-24.15,1.3));
#2812=CARTESIAN_POINT('Origin',(5.,-32.15,0.));
#2813=CARTESIAN_POINT('',(7.8,-32.15,0.));
#2814=CARTESIAN_POINT('',(8.7,-32.15,0.));
#2815=CARTESIAN_POINT('Origin',(8.7,-24.15,0.));
#2816=CARTESIAN_POINT('',(7.8,-24.15,0.));
#2817=CARTESIAN_POINT('',(8.7,-24.15,0.));
#2818=CARTESIAN_POINT('Origin',(8.7,-32.15,0.));
#2819=CARTESIAN_POINT('Origin',(7.8,-21.95,0.));
#2820=CARTESIAN_POINT('',(7.8,-21.95,6.7));
#2821=CARTESIAN_POINT('',(7.8,-21.95,0.));
#2822=CARTESIAN_POINT('',(7.8,-23.4,6.7));
#2823=CARTESIAN_POINT('',(7.8,-22.45,6.7));
#2824=CARTESIAN_POINT('',(7.8,-23.4,12.2));
#2825=CARTESIAN_POINT('',(7.8,-23.4,3.35));
#2826=CARTESIAN_POINT('',(7.8,0.1075,12.2));
#2827=CARTESIAN_POINT('Origin',(0.,22.,-5.5));
#2828=CARTESIAN_POINT('',(-1.1,22.,-5.5));
#2829=CARTESIAN_POINT('',(-1.1,22.,-5.5));
#2830=CARTESIAN_POINT('Origin',(0.,22.,-5.5));
#2831=CARTESIAN_POINT('Origin',(0.,22.,-5.5));
#2832=CARTESIAN_POINT('Origin',(0.,10.,-5.5));
#2833=CARTESIAN_POINT('',(-1.1,10.,-5.5));
#2834=CARTESIAN_POINT('',(-1.1,10.,-5.5));
#2835=CARTESIAN_POINT('Origin',(0.,10.,-5.5));
#2836=CARTESIAN_POINT('Origin',(0.,10.,-5.5));
#2837=CARTESIAN_POINT('Origin',(0.,-10.,-5.5));
#2838=CARTESIAN_POINT('',(-1.1,-10.,-5.5));
#2839=CARTESIAN_POINT('',(-1.1,-10.,-5.5));
#2840=CARTESIAN_POINT('Origin',(0.,-10.,-5.5));
#2841=CARTESIAN_POINT('Origin',(0.,-10.,-5.5));
#2842=CARTESIAN_POINT('Origin',(0.,-22.,-5.5));
#2843=CARTESIAN_POINT('',(-1.1,-22.,-5.5));
#2844=CARTESIAN_POINT('',(-1.1,-22.,-5.5));
#2845=CARTESIAN_POINT('Origin',(0.,-22.,-5.5));
#2846=CARTESIAN_POINT('Origin',(0.,-22.,-5.5));
#2847=CARTESIAN_POINT('Origin',(10.5,20.,-2.1));
#2848=CARTESIAN_POINT('',(10.5,20.,-2.1));
#2849=CARTESIAN_POINT('',(8.3,20.,-2.1));
#2850=CARTESIAN_POINT('',(10.5,20.,-2.1));
#2851=CARTESIAN_POINT('',(8.3,20.,-2.1));
#2852=CARTESIAN_POINT('',(10.5,20.,-2.1));
#2853=CARTESIAN_POINT('Origin',(10.5,-20.,-2.1));
#2854=CARTESIAN_POINT('',(10.5,-20.,-2.1));
#2855=CARTESIAN_POINT('',(10.5,-20.,-2.1));
#2856=CARTESIAN_POINT('',(10.5,-20.,-2.1));
#2857=CARTESIAN_POINT('Origin',(8.3,-20.,-2.1));
#2858=CARTESIAN_POINT('',(8.3,-20.,-2.1));
#2859=CARTESIAN_POINT('',(8.3,-20.,-2.1));
#2860=CARTESIAN_POINT('',(8.3,-20.,-2.1));
#2861=CARTESIAN_POINT('Origin',(8.3,20.,-2.1));
#2862=CARTESIAN_POINT('',(8.3,20.,-2.1));
#2863=CARTESIAN_POINT('Origin',(9.4,0.,-2.1));
#2864=CARTESIAN_POINT('Origin',(-7.4,0.,0.));
#2865=CARTESIAN_POINT('Origin',(0.,0.,0.));
#2866=CARTESIAN_POINT('',(-6.3,-20.,0.));
#2867=CARTESIAN_POINT('Origin',(-6.3,20.,-2.1));
#2868=CARTESIAN_POINT('',(-6.3,20.,-2.1));
#2869=CARTESIAN_POINT('',(-8.5,20.,-2.1));
#2870=CARTESIAN_POINT('',(-6.3,20.,-2.1));
#2871=CARTESIAN_POINT('',(-8.5,20.,-2.1));
#2872=CARTESIAN_POINT('',(-6.3,20.,-2.1));
#2873=CARTESIAN_POINT('Origin',(-6.3,-20.,-2.1));
#2874=CARTESIAN_POINT('',(-6.3,-20.,-2.1));
#2875=CARTESIAN_POINT('',(-6.3,-20.,-2.1));
#2876=CARTESIAN_POINT('',(-6.3,-20.,-2.1));
#2877=CARTESIAN_POINT('Origin',(-8.5,-20.,-2.1));
#2878=CARTESIAN_POINT('',(-8.5,-20.,-2.1));
#2879=CARTESIAN_POINT('',(-8.5,-20.,-2.1));
#2880=CARTESIAN_POINT('',(-8.5,-20.,-2.1));
#2881=CARTESIAN_POINT('Origin',(-8.5,20.,-2.1));
#2882=CARTESIAN_POINT('',(-8.5,20.,-2.1));
#2883=CARTESIAN_POINT('Origin',(-7.4,0.,-2.1));
#2884=CARTESIAN_POINT('Origin',(7.8,28.,0.));
#2885=CARTESIAN_POINT('',(7.8,25.95,12.2));
#2886=CARTESIAN_POINT('',(7.8,25.0825,12.2));
#2887=CARTESIAN_POINT('',(7.8,25.95,0.));
#2888=CARTESIAN_POINT('Origin',(11.4,25.95,0.));
#2889=CARTESIAN_POINT('',(11.4,28.,12.2));
#2890=CARTESIAN_POINT('',(11.4,25.95,12.2));
#2891=CARTESIAN_POINT('',(11.4,24.0575,12.2));
#2892=CARTESIAN_POINT('',(11.4,28.,0.));
#2893=CARTESIAN_POINT('',(11.4,25.95,0.));
#2894=CARTESIAN_POINT('Origin',(7.8,25.95,0.));
#2895=CARTESIAN_POINT('',(3.9,25.95,12.2));
#2896=CARTESIAN_POINT('Origin',(20.,28.,0.));
#2897=CARTESIAN_POINT('',(22.,28.,12.2));
#2898=CARTESIAN_POINT('',(22.,28.,12.2));
#2899=CARTESIAN_POINT('',(22.,28.,7.));
#2900=CARTESIAN_POINT('',(22.,28.,7.));
#2901=CARTESIAN_POINT('',(20.,28.,7.));
#2902=CARTESIAN_POINT('',(22.,28.,7.));
#2903=CARTESIAN_POINT('',(20.,28.,0.));
#2904=CARTESIAN_POINT('Origin',(11.4,-21.95,0.));
#2905=CARTESIAN_POINT('',(11.4,-21.95,6.7));
#2906=CARTESIAN_POINT('',(7.95,-21.95,6.7));
#2907=CARTESIAN_POINT('',(11.4,-21.95,0.));
#2908=CARTESIAN_POINT('Origin',(11.4,-21.95,0.));
#2909=CARTESIAN_POINT('',(7.8,-21.95,12.2));
#2910=CARTESIAN_POINT('',(11.4,-21.95,12.2));
#2911=CARTESIAN_POINT('',(5.7,-21.95,12.2));
#2912=CARTESIAN_POINT('',(7.8,-21.95,7.5));
#2913=CARTESIAN_POINT('',(7.8,-21.95,0.));
#2914=CARTESIAN_POINT('',(11.4,-21.95,7.5));
#2915=CARTESIAN_POINT('',(7.95,-21.95,7.5));
#2916=CARTESIAN_POINT('',(11.4,-21.95,0.));
#2917=CARTESIAN_POINT('Origin',(11.4,-28.,0.));
#2918=CARTESIAN_POINT('',(11.4,-28.,12.2));
#2919=CARTESIAN_POINT('',(11.4,-28.,0.));
#2920=CARTESIAN_POINT('',(11.4,-23.4,12.2));
#2921=CARTESIAN_POINT('',(11.4,-2.9175,12.2));
#2922=CARTESIAN_POINT('',(11.4,-23.4,6.7));
#2923=CARTESIAN_POINT('',(11.4,-23.4,3.35));
#2924=CARTESIAN_POINT('',(11.4,-25.475,6.7));
#2925=CARTESIAN_POINT('Origin',(11.4,-28.,0.));
#2926=CARTESIAN_POINT('',(11.4,-22.5,12.2));
#2927=CARTESIAN_POINT('',(11.4,-2.9175,12.2));
#2928=CARTESIAN_POINT('',(11.4,-22.5,7.5));
#2929=CARTESIAN_POINT('',(11.4,-23.375,7.5));
#2930=CARTESIAN_POINT('',(11.4,-22.5,3.35));
#2931=CARTESIAN_POINT('Origin',(7.8,-21.95,0.));
#2932=CARTESIAN_POINT('',(7.8,-22.5,12.2));
#2933=CARTESIAN_POINT('',(7.8,0.1075,12.2));
#2934=CARTESIAN_POINT('',(7.8,-22.5,7.5));
#2935=CARTESIAN_POINT('',(7.8,-22.5,3.35));
#2936=CARTESIAN_POINT('',(7.8,-20.35,7.5));
#2937=CARTESIAN_POINT('Origin',(22.,-22.5,6.7));
#2938=CARTESIAN_POINT('',(22.,-22.5,7.5));
#2939=CARTESIAN_POINT('',(13.25,-22.5,7.5));
#2940=CARTESIAN_POINT('',(22.,-22.5,12.2));
#2941=CARTESIAN_POINT('',(22.,-22.5,3.35));
#2942=CARTESIAN_POINT('',(11.,-22.5,12.2));
#2943=CARTESIAN_POINT('Origin',(4.50000000000001,-22.95,6.7));
#2944=CARTESIAN_POINT('',(22.,-23.4,6.7));
#2945=CARTESIAN_POINT('',(-13.,-23.4,6.7));
#2946=CARTESIAN_POINT('',(22.,-15.,6.7));
#2947=CARTESIAN_POINT('',(22.,-22.375,6.7));
#2948=CARTESIAN_POINT('',(-13.,-15.,6.7));
#2949=CARTESIAN_POINT('',(22.,-15.,6.7));
#2950=CARTESIAN_POINT('',(-13.,-23.4,6.7));
#2951=CARTESIAN_POINT('',(-13.,-22.5,6.7));
#2952=CARTESIAN_POINT('',(-13.,-23.4,6.7));
#2953=CARTESIAN_POINT('Origin',(-20.,-28.,0.));
#2954=CARTESIAN_POINT('',(22.,-28.,7.));
#2955=CARTESIAN_POINT('',(-22.,-28.,7.));
#2956=CARTESIAN_POINT('',(22.,-28.,12.2));
#2957=CARTESIAN_POINT('',(22.,-28.,7.));
#2958=CARTESIAN_POINT('',(-22.,-28.,12.2));
#2959=CARTESIAN_POINT('Origin',(-13.,-23.4,6.7));
#2960=CARTESIAN_POINT('',(22.,-23.4,12.2));
#2961=CARTESIAN_POINT('',(-6.49999999999999,-23.4,12.2));
#2962=CARTESIAN_POINT('',(22.,-23.4,3.35));
#2963=CARTESIAN_POINT('Origin',(-4.92161866816332E-15,22.165,12.2));
#2964=CARTESIAN_POINT('',(22.,-28.,12.2));
#2965=CARTESIAN_POINT('Origin',(-4.92161866816332E-15,22.165,12.2));
#2966=CARTESIAN_POINT('',(-22.,28.,12.2));
#2967=CARTESIAN_POINT('',(-13.,-23.4,12.2));
#2968=CARTESIAN_POINT('',(-6.49999999999999,-23.4,12.2));
#2969=CARTESIAN_POINT('',(-13.,-22.5,12.2));
#2970=CARTESIAN_POINT('',(-13.,-22.3325,12.2));
#2971=CARTESIAN_POINT('',(11.,-22.5,12.2));
#2972=CARTESIAN_POINT('',(22.,-16.33,12.2));
#2973=CARTESIAN_POINT('',(22.,-28.,12.2));
#2974=CARTESIAN_POINT('',(-19.4,-16.33,12.2));
#2975=CARTESIAN_POINT('',(22.,-16.33,12.2));
#2976=CARTESIAN_POINT('',(-19.4,16.33,12.2));
#2977=CARTESIAN_POINT('',(-19.4,-16.5,12.2));
#2978=CARTESIAN_POINT('',(22.,16.33,12.2));
#2979=CARTESIAN_POINT('',(-22.,16.33,12.2));
#2980=CARTESIAN_POINT('',(22.,22.5,12.2));
#2981=CARTESIAN_POINT('',(22.,16.33,12.2));
#2982=CARTESIAN_POINT('',(-13.,22.5,12.2));
#2983=CARTESIAN_POINT('',(-6.5,22.5,12.2));
#2984=CARTESIAN_POINT('',(-13.,23.4,12.2));
#2985=CARTESIAN_POINT('',(-13.,22.7825,12.2));
#2986=CARTESIAN_POINT('',(22.,23.4,12.2));
#2987=CARTESIAN_POINT('',(11.,23.4,12.2));
#2988=CARTESIAN_POINT('',(22.,16.33,12.2));
#2989=CARTESIAN_POINT('Origin',(0.,0.,0.));
#2990=CARTESIAN_POINT('',(2.58381963629825E-15,-7.5,7.));
#2991=CARTESIAN_POINT('',(2.58381963629825E-15,-7.5,0.));
#2992=CARTESIAN_POINT('Origin',(0.,0.,7.));
#2993=CARTESIAN_POINT('Origin',(-19.4,16.5,7.));
#2994=CARTESIAN_POINT('',(-19.4,16.5,11.9875));
#2995=CARTESIAN_POINT('',(-22.,16.5,11.9875));
#2996=CARTESIAN_POINT('',(-20.7,16.5,11.9875));
#2997=CARTESIAN_POINT('',(-19.4,16.5,7.));
#2998=CARTESIAN_POINT('',(-19.4,16.5,7.));
#2999=CARTESIAN_POINT('',(-22.,16.5,7.));
#3000=CARTESIAN_POINT('',(-9.7,16.5,7.));
#3001=CARTESIAN_POINT('',(-22.,16.5,7.));
#3002=CARTESIAN_POINT('Origin',(-19.4,-16.5,7.));
#3003=CARTESIAN_POINT('',(-19.4,13.2724390243902,16.0219512195122));
#3004=CARTESIAN_POINT('',(-19.4,-16.5,11.9875));
#3005=CARTESIAN_POINT('',(-19.4,-19.7114634146341,7.97317073170732));
#3006=CARTESIAN_POINT('',(-19.4,-16.5,7.));
#3007=CARTESIAN_POINT('',(-19.4,-16.5,7.));
#3008=CARTESIAN_POINT('',(-19.4,-8.25,7.));
#3009=CARTESIAN_POINT('Origin',(-22.,-16.5,7.));
#3010=CARTESIAN_POINT('',(-22.,-16.5,11.9875));
#3011=CARTESIAN_POINT('',(3.66373598126302E-15,-16.5,11.9875));
#3012=CARTESIAN_POINT('',(-22.,-16.5,7.));
#3013=CARTESIAN_POINT('',(-22.,-16.5,7.));
#3014=CARTESIAN_POINT('',(-11.,-16.5,7.));
#3015=CARTESIAN_POINT('Origin',(-22.,20.49,7.));
#3016=CARTESIAN_POINT('',(-22.,20.49,7.));
#3017=CARTESIAN_POINT('',(-22.,20.49,7.));
#3018=CARTESIAN_POINT('',(-13.,20.49,7.));
#3019=CARTESIAN_POINT('',(-11.,20.49,7.));
#3020=CARTESIAN_POINT('',(-13.,20.09,7.5));
#3021=CARTESIAN_POINT('',(-13.,20.9553658536585,6.41829268292683));
#3022=CARTESIAN_POINT('',(22.,20.09,7.5));
#3023=CARTESIAN_POINT('',(-8.75,20.09,7.5));
#3024=CARTESIAN_POINT('',(22.,20.49,7.));
#3025=CARTESIAN_POINT('',(4.22222222222219,20.01,7.6));
#3026=CARTESIAN_POINT('',(-11.,20.01,7.6));
#3027=CARTESIAN_POINT('',(-12.3043537822677,20.01,7.6));
#3028=CARTESIAN_POINT('',(-11.,16.65,11.8));
#3029=CARTESIAN_POINT('',(-11.,20.2890243902439,7.25121951219512));
#3030=CARTESIAN_POINT('',(4.22222222222216,16.65,11.8));
#3031=CARTESIAN_POINT('',(-12.3043537822677,16.65,11.8));
#3032=CARTESIAN_POINT('',(4.22222222222223,20.1817073170731,7.38536585365868));
#3033=CARTESIAN_POINT('Origin',(0.,0.,7.));
#3034=CARTESIAN_POINT('',(-22.,-20.49,7.));
#3035=CARTESIAN_POINT('',(-22.,26.,7.));
#3036=CARTESIAN_POINT('',(-13.,-20.49,7.));
#3037=CARTESIAN_POINT('',(11.,-20.49,7.));
#3038=CARTESIAN_POINT('',(-13.,-15.,7.));
#3039=CARTESIAN_POINT('',(-13.,-7.5,7.));
#3040=CARTESIAN_POINT('',(22.,-15.,7.));
#3041=CARTESIAN_POINT('',(11.,-15.,7.));
#3042=CARTESIAN_POINT('',(22.,15.,7.));
#3043=CARTESIAN_POINT('',(22.,-26.,7.));
#3044=CARTESIAN_POINT('',(-13.,15.,7.));
#3045=CARTESIAN_POINT('',(-6.5,15.,7.));
#3046=CARTESIAN_POINT('',(-13.,11.25,7.));
#3047=CARTESIAN_POINT('',(-22.,26.,7.));
#3048=CARTESIAN_POINT('Origin',(22.,-20.49,7.));
#3049=CARTESIAN_POINT('',(22.,-20.09,7.5));
#3050=CARTESIAN_POINT('',(22.,-20.49,7.));
#3051=CARTESIAN_POINT('',(-13.,-20.09,7.5));
#3052=CARTESIAN_POINT('',(13.25,-20.09,7.5));
#3053=CARTESIAN_POINT('',(-13.,-19.4919512195122,8.24756097560976));
#3054=CARTESIAN_POINT('',(-22.,-20.49,7.));
#3055=CARTESIAN_POINT('',(-11.,-20.01,7.6));
#3056=CARTESIAN_POINT('',(4.2222222222222,-20.01,7.6));
#3057=CARTESIAN_POINT('',(9.6956462177323,-20.01,7.6));
#3058=CARTESIAN_POINT('',(4.22222222222217,-16.65,11.8));
#3059=CARTESIAN_POINT('',(4.22222222222222,-20.1817073170732,7.38536585365849));
#3060=CARTESIAN_POINT('',(-11.,-16.65,11.8));
#3061=CARTESIAN_POINT('',(9.6956462177323,-16.65,11.8));
#3062=CARTESIAN_POINT('',(-11.,-20.2890243902439,7.25121951219512));
#3063=CARTESIAN_POINT('Origin',(-11.,20.21,7.6));
#3064=CARTESIAN_POINT('',(-11.,19.66,7.6));
#3065=CARTESIAN_POINT('',(-11.,20.21,7.6));
#3066=CARTESIAN_POINT('',(-11.,16.3,11.8));
#3067=CARTESIAN_POINT('',(-11.,19.66,7.6));
#3068=CARTESIAN_POINT('',(-11.,16.85,11.8));
#3069=CARTESIAN_POINT('Origin',(-2.60870756453541,19.9875599711545,7.6));
#3070=CARTESIAN_POINT('',(-2.,19.66,7.6));
#3071=CARTESIAN_POINT('',(-2.,19.66,7.6));
#3072=CARTESIAN_POINT('',(-11.,19.66,7.6));
#3073=CARTESIAN_POINT('Origin',(-2.60870756453541,16.6275599711545,11.8));
#3074=CARTESIAN_POINT('',(-2.,16.3,11.8));
#3075=CARTESIAN_POINT('',(-11.,16.3,11.8));
#3076=CARTESIAN_POINT('',(-2.,16.3,11.8));
#3077=CARTESIAN_POINT('Origin',(-11.,19.66,7.6));
#3078=CARTESIAN_POINT('',(-2.,19.66,7.6));
#3079=CARTESIAN_POINT('Origin',(-2.,19.66,7.6));
#3080=CARTESIAN_POINT('Origin',(4.5,18.75,7.5));
#3081=CARTESIAN_POINT('',(-13.,22.5,7.5));
#3082=CARTESIAN_POINT('',(-13.,22.5,7.5));
#3083=CARTESIAN_POINT('',(22.,22.5,7.5));
#3084=CARTESIAN_POINT('',(-4.25,22.5,7.5));
#3085=CARTESIAN_POINT('',(22.,-3.625,7.5));
#3086=CARTESIAN_POINT('Origin',(-13.,15.,6.7));
#3087=CARTESIAN_POINT('',(22.,15.,6.7));
#3088=CARTESIAN_POINT('',(22.,15.,3.35));
#3089=CARTESIAN_POINT('',(-13.,15.,6.7));
#3090=CARTESIAN_POINT('',(-13.,15.,6.7));
#3091=CARTESIAN_POINT('',(-13.,15.,6.7));
#3092=CARTESIAN_POINT('Origin',(22.,-26.,0.));
#3093=CARTESIAN_POINT('',(22.,22.5,3.35));
#3094=CARTESIAN_POINT('Origin',(22.,-26.,0.));
#3095=CARTESIAN_POINT('',(22.,23.4,6.7));
#3096=CARTESIAN_POINT('',(22.,-3.625,6.7));
#3097=CARTESIAN_POINT('',(22.,-15.,3.35));
#3098=CARTESIAN_POINT('',(22.,-28.,7.));
#3099=CARTESIAN_POINT('',(22.,26.,7.));
#3100=CARTESIAN_POINT('',(22.,26.,0.));
#3101=CARTESIAN_POINT('',(22.,20.49,7.));
#3102=CARTESIAN_POINT('',(22.,23.4,3.35));
#3103=CARTESIAN_POINT('Origin',(-13.,22.5,6.7));
#3104=CARTESIAN_POINT('',(-13.,22.5,6.7));
#3105=CARTESIAN_POINT('Origin',(-13.,23.4,6.7));
#3106=CARTESIAN_POINT('',(-13.,23.4,6.7));
#3107=CARTESIAN_POINT('',(-13.,22.5,6.7));
#3108=CARTESIAN_POINT('',(-13.,23.4,6.7));
#3109=CARTESIAN_POINT('Origin',(22.,23.4,6.7));
#3110=CARTESIAN_POINT('',(22.,23.4,6.7));
#3111=CARTESIAN_POINT('Origin',(4.5,22.95,6.7));
#3112=CARTESIAN_POINT('Origin',(-5.38347144640738E-15,24.245,7.));
#3113=CARTESIAN_POINT('',(-22.,26.,7.));
#3114=CARTESIAN_POINT('',(-20.,28.,7.));
#3115=CARTESIAN_POINT('',(-22.,28.,7.));
#3116=CARTESIAN_POINT('Origin',(-5.38347144640738E-15,24.245,7.));
#3117=CARTESIAN_POINT('',(22.,26.,7.));
#3118=CARTESIAN_POINT('Origin',(-2.,-19.66,7.6));
#3119=CARTESIAN_POINT('',(-2.,-19.66,7.6));
#3120=CARTESIAN_POINT('',(-2.,-19.66,7.6));
#3121=CARTESIAN_POINT('',(-2.,-16.3,11.8));
#3122=CARTESIAN_POINT('',(-2.,-19.66,7.6));
#3123=CARTESIAN_POINT('',(-2.,-16.3,11.8));
#3124=CARTESIAN_POINT('Origin',(-2.6087075645354,-19.9875599711545,7.6));
#3125=CARTESIAN_POINT('',(-11.,-19.66,7.6));
#3126=CARTESIAN_POINT('',(-11.,-20.21,7.6));
#3127=CARTESIAN_POINT('',(-11.,-19.66,7.6));
#3128=CARTESIAN_POINT('Origin',(-2.6087075645354,-16.6275599711545,11.8));
#3129=CARTESIAN_POINT('',(-11.,-16.3,11.8));
#3130=CARTESIAN_POINT('',(-11.,-16.3,11.8));
#3131=CARTESIAN_POINT('',(-11.,-16.85,11.8));
#3132=CARTESIAN_POINT('Origin',(-11.,-20.21,7.6));
#3133=CARTESIAN_POINT('',(-11.,-19.66,7.6));
#3134=CARTESIAN_POINT('Origin',(-11.,-19.66,7.6));
#3135=CARTESIAN_POINT('Origin',(22.,-15.,6.7));
#3136=CARTESIAN_POINT('',(-13.,-15.,6.7));
#3137=CARTESIAN_POINT('Origin',(4.50000000000001,-18.75,7.5));
#3138=CARTESIAN_POINT('',(-13.,-22.5,7.5));
#3139=CARTESIAN_POINT('',(13.25,-22.5,7.5));
#3140=CARTESIAN_POINT('',(-13.,-15.,7.5));
#3141=CARTESIAN_POINT('',(22.,-22.375,7.5));
#3142=CARTESIAN_POINT('Origin',(22.,-22.5,6.7));
#3143=CARTESIAN_POINT('',(-13.,-22.5,6.7));
#3144=CARTESIAN_POINT('Origin',(22.,-26.,0.));
#3145=CARTESIAN_POINT('Origin',(-13.,-23.4,6.7));
#3146=CARTESIAN_POINT('',(-13.,-23.4,6.7));
#3147=CARTESIAN_POINT('Origin',(-13.,-22.5,6.7));
#3148=CARTESIAN_POINT('Origin',(5.38347144640738E-15,-24.245,7.));
#3149=CARTESIAN_POINT('Origin',(5.38347144640738E-15,-24.245,7.));
#3150=CARTESIAN_POINT('',(-22.,-26.,7.));
#3151=CARTESIAN_POINT('',(-22.,-26.,7.));
#3152=CARTESIAN_POINT('',(-22.,-20.49,7.));
#3153=CARTESIAN_POINT('Origin',(-22.,-26.,0.));
#3154=CARTESIAN_POINT('',(-22.,-26.,0.));
#3155=CARTESIAN_POINT('Origin',(-22.,26.,0.));
#3156=CARTESIAN_POINT('',(-22.,26.,0.));
#3157=CARTESIAN_POINT('Origin',(-20.,28.,0.));
#3158=CARTESIAN_POINT('Origin',(22.,26.,0.));
#3159=UNCERTAINTY_MEASURE_WITH_UNIT(LENGTH_MEASURE(0.01),#3163,
'DISTANCE_ACCURACY_VALUE',
'Maximum model space distance between geometric entities at asserted c
onnectivities');
#3160=UNCERTAINTY_MEASURE_WITH_UNIT(LENGTH_MEASURE(0.01),#3163,
'DISTANCE_ACCURACY_VALUE',
'Maximum model space distance between geometric entities at asserted c
onnectivities');
#3161=(
GEOMETRIC_REPRESENTATION_CONTEXT(3)
GLOBAL_UNCERTAINTY_ASSIGNED_CONTEXT((#3159))
GLOBAL_UNIT_ASSIGNED_CONTEXT((#3163,#3165,#3166))
REPRESENTATION_CONTEXT('','3D')
);
#3162=(
GEOMETRIC_REPRESENTATION_CONTEXT(3)
GLOBAL_UNCERTAINTY_ASSIGNED_CONTEXT((#3160))
GLOBAL_UNIT_ASSIGNED_CONTEXT((#3163,#3165,#3166))
REPRESENTATION_CONTEXT('','3D')
);
#3163=(
LENGTH_UNIT()
NAMED_UNIT(*)
SI_UNIT(.MILLI.,.METRE.)
);
#3164=(
LENGTH_UNIT()
NAMED_UNIT(*)
SI_UNIT($,.METRE.)
);
#3165=(
NAMED_UNIT(*)
PLANE_ANGLE_UNIT()
SI_UNIT($,.RADIAN.)
);
#3166=(
NAMED_UNIT(*)
SI_UNIT($,.STERADIAN.)
SOLID_ANGLE_UNIT()
);
#3167=SHAPE_DEFINITION_REPRESENTATION(#3168,#3169);
#3168=PRODUCT_DEFINITION_SHAPE('',$,#3171);
#3169=SHAPE_REPRESENTATION('',(#1983),#3161);
#3170=PRODUCT_DEFINITION_CONTEXT('part definition',#3175,'design');
#3171=PRODUCT_DEFINITION('2026-10-03-13-54-10-820',
'Receiver_heat_stake_optimized',#3172,#3170);
#3172=PRODUCT_DEFINITION_FORMATION('',$,#3177);
#3173=PRODUCT_RELATED_PRODUCT_CATEGORY('Receiver_heat_stake_optimized',
'Receiver_heat_stake_optimized',(#3177));
#3174=APPLICATION_PROTOCOL_DEFINITION('international standard',
'automotive_design',2009,#3175);
#3175=APPLICATION_CONTEXT(
'Core Data for Automotive Mechanical Design Process');
#3176=PRODUCT_CONTEXT('part definition',#3175,'mechanical');
#3177=PRODUCT('2026-10-03-13-54-10-820','Receiver_heat_stake_optimized',
$,(#3176));
#3178=PRESENTATION_STYLE_ASSIGNMENT((#3180));
#3179=PRESENTATION_STYLE_ASSIGNMENT((#3181));
#3180=SURFACE_STYLE_USAGE(.BOTH.,#3182);
#3181=SURFACE_STYLE_USAGE(.BOTH.,#3183);
#3182=SURFACE_SIDE_STYLE('',(#3184));
#3183=SURFACE_SIDE_STYLE('',(#3185));
#3184=SURFACE_STYLE_FILL_AREA(#3186);
#3185=SURFACE_STYLE_FILL_AREA(#3187);
#3186=FILL_AREA_STYLE('\X2\94A2\X0\ - \X2\7F0E5149\X0\',(#3188));
#3187=FILL_AREA_STYLE('Receiver_heat_stake_optimized color',(#3189));
#3188=FILL_AREA_STYLE_COLOUR('\X2\94A2\X0\ - \X2\7F0E5149\X0\',#3190);
#3189=FILL_AREA_STYLE_COLOUR('Receiver_heat_stake_optimized color',#3191);
#3190=COLOUR_RGB('\X2\94A2\X0\ - \X2\7F0E5149\X0\',0.627450980392157,0.627450980392157,
0.627450980392157);
#3191=COLOUR_RGB('Receiver_heat_stake_optimized color',0.196078431372549,
0.352941176470588,0.450980392156863);
ENDSEC;
END-ISO-10303-21;
