ISO-10303-21;
HEADER;
/* Generated by software containing ST-Developer
 * from STEP Tools, Inc. (www.steptools.com) 
 */

FILE_DESCRIPTION(
/* description */ (''),
/* implementation_level */ '2;1');

FILE_NAME(
/* name */ 'receiver_heat_stake.step',
/* time_stamp */ '2026-10-03T14:01:59+08:00',
/* author */ (''),
/* organization */ (''),
/* preprocessor_version */ 'ST-DEVELOPER v20.2',
/* originating_system */ 'Autodesk Translation Framework v15.15.0.0',
/* authorisation */ '');

FILE_SCHEMA (('AUTOMOTIVE_DESIGN { 1 0 10303 214 3 1 1 }'));
ENDSEC;

DATA;
#10=MECHANICAL_DESIGN_GEOMETRIC_PRESENTATION_REPRESENTATION('',(#13),#2812);
#11=SHAPE_REPRESENTATION_RELATIONSHIP('SRR','None',#2819,#12);
#12=ADVANCED_BREP_SHAPE_REPRESENTATION('',(#14),#2811);
#13=STYLED_ITEM('',(#2829),#14);
#14=MANIFOLD_SOLID_BREP('Receiver_heat_stake_optimized',#1750);
#15=FACE_BOUND('',#157,.T.);
#16=FACE_BOUND('',#164,.T.);
#17=FACE_BOUND('',#165,.T.);
#18=FACE_BOUND('',#166,.T.);
#19=FACE_BOUND('',#167,.T.);
#20=FACE_BOUND('',#168,.T.);
#21=FACE_BOUND('',#169,.T.);
#22=FACE_BOUND('',#173,.T.);
#23=FACE_BOUND('',#175,.T.);
#24=FACE_BOUND('',#186,.T.);
#25=FACE_BOUND('',#206,.T.);
#26=FACE_BOUND('',#211,.T.);
#27=FACE_BOUND('',#219,.T.);
#28=FACE_BOUND('',#221,.T.);
#29=FACE_BOUND('',#223,.T.);
#30=FACE_BOUND('',#232,.T.);
#31=FACE_BOUND('',#255,.T.);
#32=FACE_BOUND('',#256,.T.);
#33=CIRCLE('',#1766,2.9);
#34=CIRCLE('',#1767,2.9);
#35=CIRCLE('',#1769,1.6);
#36=CIRCLE('',#1772,1.6);
#37=CIRCLE('',#1773,1.6);
#38=CIRCLE('',#1775,1.6);
#39=CIRCLE('',#1779,7.5);
#40=CIRCLE('',#1780,7.5);
#41=CIRCLE('',#1781,1.1);
#42=CIRCLE('',#1782,1.1);
#43=CIRCLE('',#1783,1.1);
#44=CIRCLE('',#1784,1.1);
#45=CIRCLE('',#1789,2.9);
#46=CIRCLE('',#1790,1.6);
#47=CIRCLE('',#1792,2.9);
#48=CIRCLE('',#1795,1.6);
#49=CIRCLE('',#1805,1.1);
#50=CIRCLE('',#1808,1.1);
#51=CIRCLE('',#1811,1.1);
#52=CIRCLE('',#1814,1.1);
#53=CIRCLE('',#1820,7.5);
#54=CIRCLE('',#1833,7.5);
#55=CYLINDRICAL_SURFACE('',#1765,2.9);
#56=CYLINDRICAL_SURFACE('',#1771,1.6);
#57=CYLINDRICAL_SURFACE('',#1774,1.6);
#58=CYLINDRICAL_SURFACE('',#1791,2.9);
#59=CYLINDRICAL_SURFACE('',#1794,1.6);
#60=CYLINDRICAL_SURFACE('',#1804,1.1);
#61=CYLINDRICAL_SURFACE('',#1807,1.1);
#62=CYLINDRICAL_SURFACE('',#1810,1.1);
#63=CYLINDRICAL_SURFACE('',#1813,1.1);
#64=CYLINDRICAL_SURFACE('',#1832,7.5);
#65=FACE_OUTER_BOUND('',#154,.T.);
#66=FACE_OUTER_BOUND('',#155,.T.);
#67=FACE_OUTER_BOUND('',#156,.T.);
#68=FACE_OUTER_BOUND('',#158,.T.);
#69=FACE_OUTER_BOUND('',#159,.T.);
#70=FACE_OUTER_BOUND('',#160,.T.);
#71=FACE_OUTER_BOUND('',#161,.T.);
#72=FACE_OUTER_BOUND('',#162,.T.);
#73=FACE_OUTER_BOUND('',#163,.T.);
#74=FACE_OUTER_BOUND('',#170,.T.);
#75=FACE_OUTER_BOUND('',#171,.T.);
#76=FACE_OUTER_BOUND('',#172,.T.);
#77=FACE_OUTER_BOUND('',#174,.T.);
#78=FACE_OUTER_BOUND('',#176,.T.);
#79=FACE_OUTER_BOUND('',#177,.T.);
#80=FACE_OUTER_BOUND('',#178,.T.);
#81=FACE_OUTER_BOUND('',#179,.T.);
#82=FACE_OUTER_BOUND('',#180,.T.);
#83=FACE_OUTER_BOUND('',#181,.T.);
#84=FACE_OUTER_BOUND('',#182,.T.);
#85=FACE_OUTER_BOUND('',#183,.T.);
#86=FACE_OUTER_BOUND('',#184,.T.);
#87=FACE_OUTER_BOUND('',#185,.T.);
#88=FACE_OUTER_BOUND('',#187,.T.);
#89=FACE_OUTER_BOUND('',#188,.T.);
#90=FACE_OUTER_BOUND('',#189,.T.);
#91=FACE_OUTER_BOUND('',#190,.T.);
#92=FACE_OUTER_BOUND('',#191,.T.);
#93=FACE_OUTER_BOUND('',#192,.T.);
#94=FACE_OUTER_BOUND('',#193,.T.);
#95=FACE_OUTER_BOUND('',#194,.T.);
#96=FACE_OUTER_BOUND('',#195,.T.);
#97=FACE_OUTER_BOUND('',#196,.T.);
#98=FACE_OUTER_BOUND('',#197,.T.);
#99=FACE_OUTER_BOUND('',#198,.T.);
#100=FACE_OUTER_BOUND('',#199,.T.);
#101=FACE_OUTER_BOUND('',#200,.T.);
#102=FACE_OUTER_BOUND('',#201,.T.);
#103=FACE_OUTER_BOUND('',#202,.T.);
#104=FACE_OUTER_BOUND('',#203,.T.);
#105=FACE_OUTER_BOUND('',#204,.T.);
#106=FACE_OUTER_BOUND('',#205,.T.);
#107=FACE_OUTER_BOUND('',#207,.T.);
#108=FACE_OUTER_BOUND('',#208,.T.);
#109=FACE_OUTER_BOUND('',#209,.T.);
#110=FACE_OUTER_BOUND('',#210,.T.);
#111=FACE_OUTER_BOUND('',#212,.T.);
#112=FACE_OUTER_BOUND('',#213,.T.);
#113=FACE_OUTER_BOUND('',#214,.T.);
#114=FACE_OUTER_BOUND('',#215,.T.);
#115=FACE_OUTER_BOUND('',#216,.T.);
#116=FACE_OUTER_BOUND('',#217,.T.);
#117=FACE_OUTER_BOUND('',#218,.T.);
#118=FACE_OUTER_BOUND('',#220,.T.);
#119=FACE_OUTER_BOUND('',#222,.T.);
#120=FACE_OUTER_BOUND('',#224,.T.);
#121=FACE_OUTER_BOUND('',#225,.T.);
#122=FACE_OUTER_BOUND('',#226,.T.);
#123=FACE_OUTER_BOUND('',#227,.T.);
#124=FACE_OUTER_BOUND('',#228,.T.);
#125=FACE_OUTER_BOUND('',#229,.T.);
#126=FACE_OUTER_BOUND('',#230,.T.);
#127=FACE_OUTER_BOUND('',#231,.T.);
#128=FACE_OUTER_BOUND('',#233,.T.);
#129=FACE_OUTER_BOUND('',#234,.T.);
#130=FACE_OUTER_BOUND('',#235,.T.);
#131=FACE_OUTER_BOUND('',#236,.T.);
#132=FACE_OUTER_BOUND('',#237,.T.);
#133=FACE_OUTER_BOUND('',#238,.T.);
#134=FACE_OUTER_BOUND('',#239,.T.);
#135=FACE_OUTER_BOUND('',#240,.T.);
#136=FACE_OUTER_BOUND('',#241,.T.);
#137=FACE_OUTER_BOUND('',#242,.T.);
#138=FACE_OUTER_BOUND('',#243,.T.);
#139=FACE_OUTER_BOUND('',#244,.T.);
#140=FACE_OUTER_BOUND('',#245,.T.);
#141=FACE_OUTER_BOUND('',#246,.T.);
#142=FACE_OUTER_BOUND('',#247,.T.);
#143=FACE_OUTER_BOUND('',#248,.T.);
#144=FACE_OUTER_BOUND('',#249,.T.);
#145=FACE_OUTER_BOUND('',#250,.T.);
#146=FACE_OUTER_BOUND('',#251,.T.);
#147=FACE_OUTER_BOUND('',#252,.T.);
#148=FACE_OUTER_BOUND('',#253,.T.);
#149=FACE_OUTER_BOUND('',#254,.T.);
#150=FACE_OUTER_BOUND('',#257,.T.);
#151=FACE_OUTER_BOUND('',#258,.T.);
#152=FACE_OUTER_BOUND('',#259,.T.);
#153=FACE_OUTER_BOUND('',#260,.T.);
#154=EDGE_LOOP('',(#1100,#1101,#1102,#1103));
#155=EDGE_LOOP('',(#1104,#1105,#1106,#1107));
#156=EDGE_LOOP('',(#1108));
#157=EDGE_LOOP('',(#1109));
#158=EDGE_LOOP('',(#1110));
#159=EDGE_LOOP('',(#1111,#1112,#1113,#1114));
#160=EDGE_LOOP('',(#1115,#1116,#1117,#1118));
#161=EDGE_LOOP('',(#1119,#1120,#1121,#1122));
#162=EDGE_LOOP('',(#1123,#1124,#1125,#1126));
#163=EDGE_LOOP('',(#1127,#1128,#1129,#1130,#1131,#1132,#1133,#1134,#1135,
#1136,#1137,#1138,#1139,#1140));
#164=EDGE_LOOP('',(#1141,#1142,#1143,#1144,#1145,#1146,#1147));
#165=EDGE_LOOP('',(#1148,#1149,#1150,#1151,#1152,#1153,#1154,#1155));
#166=EDGE_LOOP('',(#1156));
#167=EDGE_LOOP('',(#1157));
#168=EDGE_LOOP('',(#1158));
#169=EDGE_LOOP('',(#1159));
#170=EDGE_LOOP('',(#1160,#1161,#1162,#1163));
#171=EDGE_LOOP('',(#1164,#1165,#1166,#1167));
#172=EDGE_LOOP('',(#1168,#1169,#1170,#1171));
#173=EDGE_LOOP('',(#1172));
#174=EDGE_LOOP('',(#1173,#1174));
#175=EDGE_LOOP('',(#1175));
#176=EDGE_LOOP('',(#1176,#1177,#1178,#1179));
#177=EDGE_LOOP('',(#1180,#1181,#1182,#1183,#1184,#1185,#1186,#1187));
#178=EDGE_LOOP('',(#1188,#1189,#1190,#1191));
#179=EDGE_LOOP('',(#1192,#1193,#1194,#1195));
#180=EDGE_LOOP('',(#1196,#1197,#1198,#1199));
#181=EDGE_LOOP('',(#1200,#1201,#1202,#1203));
#182=EDGE_LOOP('',(#1204,#1205,#1206,#1207,#1208,#1209));
#183=EDGE_LOOP('',(#1210,#1211,#1212,#1213,#1214,#1215));
#184=EDGE_LOOP('',(#1216,#1217,#1218,#1219,#1220,#1221));
#185=EDGE_LOOP('',(#1222,#1223,#1224,#1225));
#186=EDGE_LOOP('',(#1226));
#187=EDGE_LOOP('',(#1227,#1228,#1229,#1230,#1231,#1232,#1233,#1234,#1235,
#1236,#1237,#1238,#1239,#1240));
#188=EDGE_LOOP('',(#1241,#1242,#1243,#1244));
#189=EDGE_LOOP('',(#1245));
#190=EDGE_LOOP('',(#1246,#1247,#1248,#1249));
#191=EDGE_LOOP('',(#1250));
#192=EDGE_LOOP('',(#1251,#1252,#1253,#1254));
#193=EDGE_LOOP('',(#1255));
#194=EDGE_LOOP('',(#1256,#1257,#1258,#1259));
#195=EDGE_LOOP('',(#1260));
#196=EDGE_LOOP('',(#1261,#1262,#1263,#1264));
#197=EDGE_LOOP('',(#1265,#1266,#1267,#1268));
#198=EDGE_LOOP('',(#1269,#1270,#1271,#1272));
#199=EDGE_LOOP('',(#1273,#1274));
#200=EDGE_LOOP('',(#1275,#1276,#1277,#1278));
#201=EDGE_LOOP('',(#1279,#1280,#1281,#1282,#1283,#1284));
#202=EDGE_LOOP('',(#1285,#1286,#1287,#1288));
#203=EDGE_LOOP('',(#1289,#1290,#1291,#1292));
#204=EDGE_LOOP('',(#1293,#1294,#1295,#1296));
#205=EDGE_LOOP('',(#1297,#1298,#1299,#1300,#1301,#1302));
#206=EDGE_LOOP('',(#1303));
#207=EDGE_LOOP('',(#1304,#1305,#1306,#1307));
#208=EDGE_LOOP('',(#1308,#1309,#1310,#1311));
#209=EDGE_LOOP('',(#1312,#1313,#1314,#1315,#1316,#1317,#1318,#1319));
#210=EDGE_LOOP('',(#1320,#1321,#1322,#1323,#1324,#1325));
#211=EDGE_LOOP('',(#1326,#1327,#1328,#1329));
#212=EDGE_LOOP('',(#1330,#1331,#1332,#1333,#1334,#1335,#1336,#1337));
#213=EDGE_LOOP('',(#1338,#1339,#1340,#1341,#1342,#1343));
#214=EDGE_LOOP('',(#1344,#1345,#1346,#1347));
#215=EDGE_LOOP('',(#1348,#1349,#1350,#1351,#1352,#1353));
#216=EDGE_LOOP('',(#1354,#1355,#1356,#1357));
#217=EDGE_LOOP('',(#1358,#1359,#1360,#1361,#1362,#1363,#1364,#1365,#1366,
#1367,#1368,#1369,#1370,#1371,#1372,#1373));
#218=EDGE_LOOP('',(#1374,#1375,#1376,#1377,#1378,#1379,#1380,#1381));
#219=EDGE_LOOP('',(#1382,#1383,#1384,#1385));
#220=EDGE_LOOP('',(#1386,#1387,#1388,#1389,#1390,#1391,#1392,#1393,#1394,
#1395,#1396,#1397));
#221=EDGE_LOOP('',(#1398));
#222=EDGE_LOOP('',(#1399,#1400,#1401,#1402,#1403,#1404,#1405,#1406));
#223=EDGE_LOOP('',(#1407,#1408,#1409,#1410));
#224=EDGE_LOOP('',(#1411,#1412,#1413,#1414));
#225=EDGE_LOOP('',(#1415,#1416,#1417,#1418));
#226=EDGE_LOOP('',(#1419,#1420,#1421,#1422));
#227=EDGE_LOOP('',(#1423,#1424,#1425,#1426));
#228=EDGE_LOOP('',(#1427,#1428,#1429,#1430));
#229=EDGE_LOOP('',(#1431,#1432,#1433,#1434));
#230=EDGE_LOOP('',(#1435,#1436,#1437,#1438));
#231=EDGE_LOOP('',(#1439,#1440,#1441,#1442,#1443,#1444,#1445,#1446,#1447,
#1448,#1449,#1450,#1451,#1452,#1453,#1454));
#232=EDGE_LOOP('',(#1455));
#233=EDGE_LOOP('',(#1456,#1457,#1458,#1459));
#234=EDGE_LOOP('',(#1460,#1461,#1462,#1463,#1464,#1465,#1466,#1467));
#235=EDGE_LOOP('',(#1468,#1469,#1470,#1471));
#236=EDGE_LOOP('',(#1472,#1473,#1474,#1475,#1476,#1477,#1478,#1479));
#237=EDGE_LOOP('',(#1480,#1481,#1482));
#238=EDGE_LOOP('',(#1483,#1484,#1485));
#239=EDGE_LOOP('',(#1486,#1487,#1488,#1489));
#240=EDGE_LOOP('',(#1490,#1491,#1492,#1493));
#241=EDGE_LOOP('',(#1494,#1495,#1496,#1497));
#242=EDGE_LOOP('',(#1498,#1499,#1500,#1501));
#243=EDGE_LOOP('',(#1502,#1503,#1504,#1505));
#244=EDGE_LOOP('',(#1506,#1507,#1508,#1509));
#245=EDGE_LOOP('',(#1510,#1511,#1512,#1513));
#246=EDGE_LOOP('',(#1514,#1515,#1516,#1517));
#247=EDGE_LOOP('',(#1518,#1519,#1520,#1521));
#248=EDGE_LOOP('',(#1522,#1523,#1524,#1525));
#249=EDGE_LOOP('',(#1526,#1527,#1528,#1529,#1530,#1531,#1532,#1533));
#250=EDGE_LOOP('',(#1534,#1535,#1536,#1537));
#251=EDGE_LOOP('',(#1538,#1539,#1540));
#252=EDGE_LOOP('',(#1541,#1542,#1543));
#253=EDGE_LOOP('',(#1544,#1545,#1546,#1547));
#254=EDGE_LOOP('',(#1548,#1549,#1550,#1551,#1552,#1553,#1554,#1555));
#255=EDGE_LOOP('',(#1556,#1557,#1558));
#256=EDGE_LOOP('',(#1559,#1560,#1561));
#257=EDGE_LOOP('',(#1562,#1563,#1564,#1565));
#258=EDGE_LOOP('',(#1566,#1567,#1568,#1569,#1570,#1571,#1572,#1573));
#259=EDGE_LOOP('',(#1574,#1575,#1576,#1577));
#260=EDGE_LOOP('',(#1578,#1579,#1580,#1581));
#261=LINE('',#2322,#480);
#262=LINE('',#2324,#481);
#263=LINE('',#2326,#482);
#264=LINE('',#2327,#483);
#265=LINE('',#2332,#484);
#266=LINE('',#2342,#485);
#267=LINE('',#2346,#486);
#268=LINE('',#2351,#487);
#269=LINE('',#2353,#488);
#270=LINE('',#2355,#489);
#271=LINE('',#2356,#490);
#272=LINE('',#2359,#491);
#273=LINE('',#2361,#492);
#274=LINE('',#2362,#493);
#275=LINE('',#2366,#494);
#276=LINE('',#2368,#495);
#277=LINE('',#2370,#496);
#278=LINE('',#2372,#497);
#279=LINE('',#2374,#498);
#280=LINE('',#2376,#499);
#281=LINE('',#2378,#500);
#282=LINE('',#2380,#501);
#283=LINE('',#2382,#502);
#284=LINE('',#2384,#503);
#285=LINE('',#2386,#504);
#286=LINE('',#2388,#505);
#287=LINE('',#2390,#506);
#288=LINE('',#2391,#507);
#289=LINE('',#2394,#508);
#290=LINE('',#2396,#509);
#291=LINE('',#2398,#510);
#292=LINE('',#2400,#511);
#293=LINE('',#2402,#512);
#294=LINE('',#2408,#513);
#295=LINE('',#2410,#514);
#296=LINE('',#2412,#515);
#297=LINE('',#2413,#516);
#298=LINE('',#2415,#517);
#299=LINE('',#2417,#518);
#300=LINE('',#2418,#519);
#301=LINE('',#2429,#520);
#302=LINE('',#2431,#521);
#303=LINE('',#2432,#522);
#304=LINE('',#2434,#523);
#305=LINE('',#2435,#524);
#306=LINE('',#2440,#525);
#307=LINE('',#2446,#526);
#308=LINE('',#2449,#527);
#309=LINE('',#2452,#528);
#310=LINE('',#2454,#529);
#311=LINE('',#2456,#530);
#312=LINE('',#2458,#531);
#313=LINE('',#2459,#532);
#314=LINE('',#2462,#533);
#315=LINE('',#2466,#534);
#316=LINE('',#2468,#535);
#317=LINE('',#2469,#536);
#318=LINE('',#2472,#537);
#319=LINE('',#2473,#538);
#320=LINE('',#2476,#539);
#321=LINE('',#2477,#540);
#322=LINE('',#2480,#541);
#323=LINE('',#2482,#542);
#324=LINE('',#2483,#543);
#325=LINE('',#2485,#544);
#326=LINE('',#2486,#545);
#327=LINE('',#2488,#546);
#328=LINE('',#2490,#547);
#329=LINE('',#2493,#548);
#330=LINE('',#2495,#549);
#331=LINE('',#2497,#550);
#332=LINE('',#2499,#551);
#333=LINE('',#2501,#552);
#334=LINE('',#2503,#553);
#335=LINE('',#2504,#554);
#336=LINE('',#2507,#555);
#337=LINE('',#2512,#556);
#338=LINE('',#2517,#557);
#339=LINE('',#2522,#558);
#340=LINE('',#2527,#559);
#341=LINE('',#2528,#560);
#342=LINE('',#2531,#561);
#343=LINE('',#2532,#562);
#344=LINE('',#2534,#563);
#345=LINE('',#2537,#564);
#346=LINE('',#2541,#565);
#347=LINE('',#2542,#566);
#348=LINE('',#2543,#567);
#349=LINE('',#2546,#568);
#350=LINE('',#2547,#569);
#351=LINE('',#2550,#570);
#352=LINE('',#2551,#571);
#353=LINE('',#2553,#572);
#354=LINE('',#2558,#573);
#355=LINE('',#2559,#574);
#356=LINE('',#2561,#575);
#357=LINE('',#2563,#576);
#358=LINE('',#2564,#577);
#359=LINE('',#2567,#578);
#360=LINE('',#2569,#579);
#361=LINE('',#2570,#580);
#362=LINE('',#2573,#581);
#363=LINE('',#2574,#582);
#364=LINE('',#2576,#583);
#365=LINE('',#2579,#584);
#366=LINE('',#2580,#585);
#367=LINE('',#2583,#586);
#368=LINE('',#2585,#587);
#369=LINE('',#2587,#588);
#370=LINE('',#2589,#589);
#371=LINE('',#2590,#590);
#372=LINE('',#2593,#591);
#373=LINE('',#2598,#592);
#374=LINE('',#2600,#593);
#375=LINE('',#2602,#594);
#376=LINE('',#2603,#595);
#377=LINE('',#2606,#596);
#378=LINE('',#2608,#597);
#379=LINE('',#2610,#598);
#380=LINE('',#2612,#599);
#381=LINE('',#2613,#600);
#382=LINE('',#2616,#601);
#383=LINE('',#2618,#602);
#384=LINE('',#2619,#603);
#385=LINE('',#2622,#604);
#386=LINE('',#2624,#605);
#387=LINE('',#2626,#606);
#388=LINE('',#2628,#607);
#389=LINE('',#2630,#608);
#390=LINE('',#2632,#609);
#391=LINE('',#2633,#610);
#392=LINE('',#2635,#611);
#393=LINE('',#2637,#612);
#394=LINE('',#2639,#613);
#395=LINE('',#2641,#614);
#396=LINE('',#2643,#615);
#397=LINE('',#2645,#616);
#398=LINE('',#2646,#617);
#399=LINE('',#2649,#618);
#400=LINE('',#2651,#619);
#401=LINE('',#2653,#620);
#402=LINE('',#2655,#621);
#403=LINE('',#2656,#622);
#404=LINE('',#2659,#623);
#405=LINE('',#2661,#624);
#406=LINE('',#2663,#625);
#407=LINE('',#2664,#626);
#408=LINE('',#2667,#627);
#409=LINE('',#2669,#628);
#410=LINE('',#2671,#629);
#411=LINE('',#2673,#630);
#412=LINE('',#2674,#631);
#413=LINE('',#2675,#632);
#414=LINE('',#2676,#633);
#415=LINE('',#2679,#634);
#416=LINE('',#2681,#635);
#417=LINE('',#2682,#636);
#418=LINE('',#2683,#637);
#419=LINE('',#2686,#638);
#420=LINE('',#2688,#639);
#421=LINE('',#2690,#640);
#422=LINE('',#2691,#641);
#423=LINE('',#2694,#642);
#424=LINE('',#2696,#643);
#425=LINE('',#2697,#644);
#426=LINE('',#2700,#645);
#427=LINE('',#2701,#646);
#428=LINE('',#2704,#647);
#429=LINE('',#2705,#648);
#430=LINE('',#2707,#649);
#431=LINE('',#2711,#650);
#432=LINE('',#2713,#651);
#433=LINE('',#2714,#652);
#434=LINE('',#2716,#653);
#435=LINE('',#2719,#654);
#436=LINE('',#2721,#655);
#437=LINE('',#2723,#656);
#438=LINE('',#2724,#657);
#439=LINE('',#2726,#658);
#440=LINE('',#2727,#659);
#441=LINE('',#2729,#660);
#442=LINE('',#2731,#661);
#443=LINE('',#2732,#662);
#444=LINE('',#2733,#663);
#445=LINE('',#2735,#664);
#446=LINE('',#2738,#665);
#447=LINE('',#2739,#666);
#448=LINE('',#2741,#667);
#449=LINE('',#2746,#668);
#450=LINE('',#2748,#669);
#451=LINE('',#2749,#670);
#452=LINE('',#2752,#671);
#453=LINE('',#2753,#672);
#454=LINE('',#2756,#673);
#455=LINE('',#2758,#674);
#456=LINE('',#2759,#675);
#457=LINE('',#2762,#676);
#458=LINE('',#2763,#677);
#459=LINE('',#2766,#678);
#460=LINE('',#2767,#679);
#461=LINE('',#2769,#680);
#462=LINE('',#2773,#681);
#463=LINE('',#2774,#682);
#464=LINE('',#2777,#683);
#465=LINE('',#2779,#684);
#466=LINE('',#2780,#685);
#467=LINE('',#2782,#686);
#468=LINE('',#2783,#687);
#469=LINE('',#2787,#688);
#470=LINE('',#2788,#689);
#471=LINE('',#2790,#690);
#472=LINE('',#2793,#691);
#473=LINE('',#2796,#692);
#474=LINE('',#2797,#693);
#475=LINE('',#2799,#694);
#476=LINE('',#2801,#695);
#477=LINE('',#2802,#696);
#478=LINE('',#2804,#697);
#479=LINE('',#2806,#698);
#480=VECTOR('',#1879,10.);
#481=VECTOR('',#1880,10.);
#482=VECTOR('',#1881,10.);
#483=VECTOR('',#1882,10.);
#484=VECTOR('',#1887,2.9);
#485=VECTOR('',#1900,1.6);
#486=VECTOR('',#1905,1.6);
#487=VECTOR('',#1910,10.);
#488=VECTOR('',#1911,10.);
#489=VECTOR('',#1912,10.);
#490=VECTOR('',#1913,10.);
#491=VECTOR('',#1916,10.);
#492=VECTOR('',#1917,10.);
#493=VECTOR('',#1918,10.);
#494=VECTOR('',#1921,10.);
#495=VECTOR('',#1922,10.);
#496=VECTOR('',#1923,10.);
#497=VECTOR('',#1924,10.);
#498=VECTOR('',#1925,10.);
#499=VECTOR('',#1926,10.);
#500=VECTOR('',#1927,10.);
#501=VECTOR('',#1928,10.);
#502=VECTOR('',#1929,10.);
#503=VECTOR('',#1930,10.);
#504=VECTOR('',#1931,10.);
#505=VECTOR('',#1932,10.);
#506=VECTOR('',#1933,10.);
#507=VECTOR('',#1934,10.);
#508=VECTOR('',#1935,10.);
#509=VECTOR('',#1936,10.);
#510=VECTOR('',#1937,10.);
#511=VECTOR('',#1938,10.);
#512=VECTOR('',#1939,10.);
#513=VECTOR('',#1944,10.);
#514=VECTOR('',#1945,10.);
#515=VECTOR('',#1946,10.);
#516=VECTOR('',#1947,10.);
#517=VECTOR('',#1948,10.);
#518=VECTOR('',#1949,10.);
#519=VECTOR('',#1950,10.);
#520=VECTOR('',#1961,10.);
#521=VECTOR('',#1962,10.);
#522=VECTOR('',#1963,10.);
#523=VECTOR('',#1966,10.);
#524=VECTOR('',#1967,10.);
#525=VECTOR('',#1972,10.);
#526=VECTOR('',#1979,10.);
#527=VECTOR('',#1982,10.);
#528=VECTOR('',#1985,10.);
#529=VECTOR('',#1986,10.);
#530=VECTOR('',#1987,10.);
#531=VECTOR('',#1988,10.);
#532=VECTOR('',#1989,10.);
#533=VECTOR('',#1992,1.6);
#534=VECTOR('',#1997,10.);
#535=VECTOR('',#1998,10.);
#536=VECTOR('',#1999,10.);
#537=VECTOR('',#2002,10.);
#538=VECTOR('',#2003,10.);
#539=VECTOR('',#2006,10.);
#540=VECTOR('',#2007,10.);
#541=VECTOR('',#2010,10.);
#542=VECTOR('',#2011,10.);
#543=VECTOR('',#2012,10.);
#544=VECTOR('',#2015,10.);
#545=VECTOR('',#2016,10.);
#546=VECTOR('',#2019,10.);
#547=VECTOR('',#2022,10.);
#548=VECTOR('',#2025,10.);
#549=VECTOR('',#2026,10.);
#550=VECTOR('',#2027,10.);
#551=VECTOR('',#2028,10.);
#552=VECTOR('',#2029,10.);
#553=VECTOR('',#2030,10.);
#554=VECTOR('',#2031,10.);
#555=VECTOR('',#2034,1.1);
#556=VECTOR('',#2041,1.1);
#557=VECTOR('',#2048,1.1);
#558=VECTOR('',#2055,1.1);
#559=VECTOR('',#2062,10.);
#560=VECTOR('',#2063,10.);
#561=VECTOR('',#2066,10.);
#562=VECTOR('',#2067,10.);
#563=VECTOR('',#2070,10.);
#564=VECTOR('',#2075,10.);
#565=VECTOR('',#2078,10.);
#566=VECTOR('',#2079,10.);
#567=VECTOR('',#2080,10.);
#568=VECTOR('',#2083,10.);
#569=VECTOR('',#2084,10.);
#570=VECTOR('',#2087,10.);
#571=VECTOR('',#2088,10.);
#572=VECTOR('',#2091,10.);
#573=VECTOR('',#2096,10.);
#574=VECTOR('',#2097,10.);
#575=VECTOR('',#2098,10.);
#576=VECTOR('',#2099,10.);
#577=VECTOR('',#2100,10.);
#578=VECTOR('',#2103,10.);
#579=VECTOR('',#2104,10.);
#580=VECTOR('',#2105,10.);
#581=VECTOR('',#2108,10.);
#582=VECTOR('',#2109,10.);
#583=VECTOR('',#2112,10.);
#584=VECTOR('',#2115,10.);
#585=VECTOR('',#2116,10.);
#586=VECTOR('',#2119,10.);
#587=VECTOR('',#2120,10.);
#588=VECTOR('',#2121,10.);
#589=VECTOR('',#2122,10.);
#590=VECTOR('',#2123,10.);
#591=VECTOR('',#2126,7.5);
#592=VECTOR('',#2131,10.);
#593=VECTOR('',#2132,10.);
#594=VECTOR('',#2133,10.);
#595=VECTOR('',#2134,10.);
#596=VECTOR('',#2137,10.);
#597=VECTOR('',#2138,10.);
#598=VECTOR('',#2139,10.);
#599=VECTOR('',#2140,10.);
#600=VECTOR('',#2141,10.);
#601=VECTOR('',#2144,10.);
#602=VECTOR('',#2145,10.);
#603=VECTOR('',#2146,10.);
#604=VECTOR('',#2149,10.);
#605=VECTOR('',#2150,10.);
#606=VECTOR('',#2151,10.);
#607=VECTOR('',#2152,10.);
#608=VECTOR('',#2153,10.);
#609=VECTOR('',#2154,10.);
#610=VECTOR('',#2155,10.);
#611=VECTOR('',#2156,10.);
#612=VECTOR('',#2157,10.);
#613=VECTOR('',#2158,10.);
#614=VECTOR('',#2159,10.);
#615=VECTOR('',#2160,10.);
#616=VECTOR('',#2161,10.);
#617=VECTOR('',#2162,10.);
#618=VECTOR('',#2165,10.);
#619=VECTOR('',#2166,10.);
#620=VECTOR('',#2167,10.);
#621=VECTOR('',#2168,10.);
#622=VECTOR('',#2169,10.);
#623=VECTOR('',#2170,10.);
#624=VECTOR('',#2171,10.);
#625=VECTOR('',#2172,10.);
#626=VECTOR('',#2173,10.);
#627=VECTOR('',#2176,10.);
#628=VECTOR('',#2177,10.);
#629=VECTOR('',#2178,10.);
#630=VECTOR('',#2179,10.);
#631=VECTOR('',#2180,10.);
#632=VECTOR('',#2181,10.);
#633=VECTOR('',#2182,10.);
#634=VECTOR('',#2185,10.);
#635=VECTOR('',#2186,10.);
#636=VECTOR('',#2187,10.);
#637=VECTOR('',#2188,10.);
#638=VECTOR('',#2189,10.);
#639=VECTOR('',#2190,10.);
#640=VECTOR('',#2191,10.);
#641=VECTOR('',#2192,10.);
#642=VECTOR('',#2195,10.);
#643=VECTOR('',#2196,10.);
#644=VECTOR('',#2197,10.);
#645=VECTOR('',#2200,10.);
#646=VECTOR('',#2201,10.);
#647=VECTOR('',#2204,10.);
#648=VECTOR('',#2205,10.);
#649=VECTOR('',#2208,10.);
#650=VECTOR('',#2213,10.);
#651=VECTOR('',#2214,10.);
#652=VECTOR('',#2215,10.);
#653=VECTOR('',#2218,10.);
#654=VECTOR('',#2221,10.);
#655=VECTOR('',#2222,10.);
#656=VECTOR('',#2223,10.);
#657=VECTOR('',#2224,10.);
#658=VECTOR('',#2225,10.);
#659=VECTOR('',#2226,10.);
#660=VECTOR('',#2227,10.);
#661=VECTOR('',#2228,10.);
#662=VECTOR('',#2229,10.);
#663=VECTOR('',#2230,10.);
#664=VECTOR('',#2233,10.);
#665=VECTOR('',#2236,10.);
#666=VECTOR('',#2237,10.);
#667=VECTOR('',#2240,10.);
#668=VECTOR('',#2245,10.);
#669=VECTOR('',#2246,10.);
#670=VECTOR('',#2247,10.);
#671=VECTOR('',#2250,10.);
#672=VECTOR('',#2251,10.);
#673=VECTOR('',#2254,10.);
#674=VECTOR('',#2255,10.);
#675=VECTOR('',#2256,10.);
#676=VECTOR('',#2259,10.);
#677=VECTOR('',#2260,10.);
#678=VECTOR('',#2263,10.);
#679=VECTOR('',#2264,10.);
#680=VECTOR('',#2267,10.);
#681=VECTOR('',#2272,10.);
#682=VECTOR('',#2273,10.);
#683=VECTOR('',#2276,10.);
#684=VECTOR('',#2277,10.);
#685=VECTOR('',#2278,10.);
#686=VECTOR('',#2281,10.);
#687=VECTOR('',#2282,10.);
#688=VECTOR('',#2287,10.);
#689=VECTOR('',#2288,10.);
#690=VECTOR('',#2291,10.);
#691=VECTOR('',#2296,10.);
#692=VECTOR('',#2299,10.);
#693=VECTOR('',#2300,10.);
#694=VECTOR('',#2303,10.);
#695=VECTOR('',#2306,10.);
#696=VECTOR('',#2307,10.);
#697=VECTOR('',#2310,10.);
#698=VECTOR('',#2313,10.);
#699=VERTEX_POINT('',#2320);
#700=VERTEX_POINT('',#2321);
#701=VERTEX_POINT('',#2323);
#702=VERTEX_POINT('',#2325);
#703=VERTEX_POINT('',#2329);
#704=VERTEX_POINT('',#2331);
#705=VERTEX_POINT('',#2335);
#706=VERTEX_POINT('',#2339);
#707=VERTEX_POINT('',#2341);
#708=VERTEX_POINT('',#2345);
#709=VERTEX_POINT('',#2349);
#710=VERTEX_POINT('',#2350);
#711=VERTEX_POINT('',#2352);
#712=VERTEX_POINT('',#2354);
#713=VERTEX_POINT('',#2358);
#714=VERTEX_POINT('',#2360);
#715=VERTEX_POINT('',#2364);
#716=VERTEX_POINT('',#2365);
#717=VERTEX_POINT('',#2367);
#718=VERTEX_POINT('',#2369);
#719=VERTEX_POINT('',#2371);
#720=VERTEX_POINT('',#2373);
#721=VERTEX_POINT('',#2375);
#722=VERTEX_POINT('',#2377);
#723=VERTEX_POINT('',#2379);
#724=VERTEX_POINT('',#2381);
#725=VERTEX_POINT('',#2383);
#726=VERTEX_POINT('',#2385);
#727=VERTEX_POINT('',#2387);
#728=VERTEX_POINT('',#2389);
#729=VERTEX_POINT('',#2392);
#730=VERTEX_POINT('',#2393);
#731=VERTEX_POINT('',#2395);
#732=VERTEX_POINT('',#2397);
#733=VERTEX_POINT('',#2399);
#734=VERTEX_POINT('',#2401);
#735=VERTEX_POINT('',#2403);
#736=VERTEX_POINT('',#2406);
#737=VERTEX_POINT('',#2407);
#738=VERTEX_POINT('',#2409);
#739=VERTEX_POINT('',#2411);
#740=VERTEX_POINT('',#2414);
#741=VERTEX_POINT('',#2416);
#742=VERTEX_POINT('',#2419);
#743=VERTEX_POINT('',#2421);
#744=VERTEX_POINT('',#2423);
#745=VERTEX_POINT('',#2425);
#746=VERTEX_POINT('',#2428);
#747=VERTEX_POINT('',#2430);
#748=VERTEX_POINT('',#2438);
#749=VERTEX_POINT('',#2439);
#750=VERTEX_POINT('',#2442);
#751=VERTEX_POINT('',#2445);
#752=VERTEX_POINT('',#2447);
#753=VERTEX_POINT('',#2451);
#754=VERTEX_POINT('',#2453);
#755=VERTEX_POINT('',#2455);
#756=VERTEX_POINT('',#2457);
#757=VERTEX_POINT('',#2461);
#758=VERTEX_POINT('',#2465);
#759=VERTEX_POINT('',#2467);
#760=VERTEX_POINT('',#2471);
#761=VERTEX_POINT('',#2475);
#762=VERTEX_POINT('',#2479);
#763=VERTEX_POINT('',#2481);
#764=VERTEX_POINT('',#2492);
#765=VERTEX_POINT('',#2494);
#766=VERTEX_POINT('',#2496);
#767=VERTEX_POINT('',#2498);
#768=VERTEX_POINT('',#2500);
#769=VERTEX_POINT('',#2502);
#770=VERTEX_POINT('',#2506);
#771=VERTEX_POINT('',#2511);
#772=VERTEX_POINT('',#2516);
#773=VERTEX_POINT('',#2521);
#774=VERTEX_POINT('',#2526);
#775=VERTEX_POINT('',#2530);
#776=VERTEX_POINT('',#2539);
#777=VERTEX_POINT('',#2540);
#778=VERTEX_POINT('',#2545);
#779=VERTEX_POINT('',#2549);
#780=VERTEX_POINT('',#2556);
#781=VERTEX_POINT('',#2557);
#782=VERTEX_POINT('',#2560);
#783=VERTEX_POINT('',#2562);
#784=VERTEX_POINT('',#2566);
#785=VERTEX_POINT('',#2568);
#786=VERTEX_POINT('',#2572);
#787=VERTEX_POINT('',#2578);
#788=VERTEX_POINT('',#2582);
#789=VERTEX_POINT('',#2584);
#790=VERTEX_POINT('',#2586);
#791=VERTEX_POINT('',#2588);
#792=VERTEX_POINT('',#2592);
#793=VERTEX_POINT('',#2596);
#794=VERTEX_POINT('',#2597);
#795=VERTEX_POINT('',#2599);
#796=VERTEX_POINT('',#2601);
#797=VERTEX_POINT('',#2605);
#798=VERTEX_POINT('',#2607);
#799=VERTEX_POINT('',#2609);
#800=VERTEX_POINT('',#2611);
#801=VERTEX_POINT('',#2615);
#802=VERTEX_POINT('',#2617);
#803=VERTEX_POINT('',#2621);
#804=VERTEX_POINT('',#2623);
#805=VERTEX_POINT('',#2625);
#806=VERTEX_POINT('',#2627);
#807=VERTEX_POINT('',#2629);
#808=VERTEX_POINT('',#2631);
#809=VERTEX_POINT('',#2634);
#810=VERTEX_POINT('',#2636);
#811=VERTEX_POINT('',#2638);
#812=VERTEX_POINT('',#2640);
#813=VERTEX_POINT('',#2642);
#814=VERTEX_POINT('',#2644);
#815=VERTEX_POINT('',#2648);
#816=VERTEX_POINT('',#2650);
#817=VERTEX_POINT('',#2652);
#818=VERTEX_POINT('',#2654);
#819=VERTEX_POINT('',#2657);
#820=VERTEX_POINT('',#2658);
#821=VERTEX_POINT('',#2660);
#822=VERTEX_POINT('',#2662);
#823=VERTEX_POINT('',#2666);
#824=VERTEX_POINT('',#2668);
#825=VERTEX_POINT('',#2670);
#826=VERTEX_POINT('',#2672);
#827=VERTEX_POINT('',#2678);
#828=VERTEX_POINT('',#2680);
#829=VERTEX_POINT('',#2684);
#830=VERTEX_POINT('',#2685);
#831=VERTEX_POINT('',#2687);
#832=VERTEX_POINT('',#2689);
#833=VERTEX_POINT('',#2693);
#834=VERTEX_POINT('',#2695);
#835=VERTEX_POINT('',#2699);
#836=VERTEX_POINT('',#2703);
#837=VERTEX_POINT('',#2710);
#838=VERTEX_POINT('',#2712);
#839=VERTEX_POINT('',#2718);
#840=VERTEX_POINT('',#2720);
#841=VERTEX_POINT('',#2722);
#842=VERTEX_POINT('',#2725);
#843=VERTEX_POINT('',#2728);
#844=VERTEX_POINT('',#2730);
#845=VERTEX_POINT('',#2737);
#846=VERTEX_POINT('',#2744);
#847=VERTEX_POINT('',#2745);
#848=VERTEX_POINT('',#2747);
#849=VERTEX_POINT('',#2751);
#850=VERTEX_POINT('',#2755);
#851=VERTEX_POINT('',#2757);
#852=VERTEX_POINT('',#2761);
#853=VERTEX_POINT('',#2765);
#854=VERTEX_POINT('',#2772);
#855=VERTEX_POINT('',#2776);
#856=VERTEX_POINT('',#2778);
#857=VERTEX_POINT('',#2786);
#858=VERTEX_POINT('',#2795);
#859=EDGE_CURVE('',#699,#700,#261,.T.);
#860=EDGE_CURVE('',#701,#700,#262,.T.);
#861=EDGE_CURVE('',#702,#701,#263,.T.);
#862=EDGE_CURVE('',#702,#699,#264,.T.);
#863=EDGE_CURVE('',#703,#703,#33,.T.);
#864=EDGE_CURVE('',#703,#704,#265,.T.);
#865=EDGE_CURVE('',#704,#704,#34,.T.);
#866=EDGE_CURVE('',#705,#705,#35,.T.);
#867=EDGE_CURVE('',#706,#706,#36,.T.);
#868=EDGE_CURVE('',#706,#707,#266,.T.);
#869=EDGE_CURVE('',#707,#707,#37,.T.);
#870=EDGE_CURVE('',#705,#708,#267,.T.);
#871=EDGE_CURVE('',#708,#708,#38,.T.);
#872=EDGE_CURVE('',#709,#710,#268,.T.);
#873=EDGE_CURVE('',#711,#709,#269,.T.);
#874=EDGE_CURVE('',#712,#711,#270,.T.);
#875=EDGE_CURVE('',#710,#712,#271,.T.);
#876=EDGE_CURVE('',#713,#712,#272,.T.);
#877=EDGE_CURVE('',#714,#713,#273,.T.);
#878=EDGE_CURVE('',#710,#714,#274,.T.);
#879=EDGE_CURVE('',#715,#716,#275,.T.);
#880=EDGE_CURVE('',#716,#717,#276,.T.);
#881=EDGE_CURVE('',#717,#718,#277,.T.);
#882=EDGE_CURVE('',#719,#718,#278,.T.);
#883=EDGE_CURVE('',#720,#719,#279,.T.);
#884=EDGE_CURVE('',#721,#720,#280,.T.);
#885=EDGE_CURVE('',#722,#721,#281,.T.);
#886=EDGE_CURVE('',#723,#722,#282,.T.);
#887=EDGE_CURVE('',#724,#723,#283,.T.);
#888=EDGE_CURVE('',#725,#724,#284,.T.);
#889=EDGE_CURVE('',#726,#725,#285,.T.);
#890=EDGE_CURVE('',#727,#726,#286,.T.);
#891=EDGE_CURVE('',#728,#727,#287,.T.);
#892=EDGE_CURVE('',#715,#728,#288,.T.);
#893=EDGE_CURVE('',#729,#730,#289,.T.);
#894=EDGE_CURVE('',#730,#731,#290,.T.);
#895=EDGE_CURVE('',#731,#732,#291,.T.);
#896=EDGE_CURVE('',#732,#733,#292,.T.);
#897=EDGE_CURVE('',#733,#734,#293,.T.);
#898=EDGE_CURVE('',#734,#735,#39,.T.);
#899=EDGE_CURVE('',#735,#729,#40,.T.);
#900=EDGE_CURVE('',#736,#737,#294,.T.);
#901=EDGE_CURVE('',#737,#738,#295,.T.);
#902=EDGE_CURVE('',#738,#739,#296,.T.);
#903=EDGE_CURVE('',#739,#701,#297,.T.);
#904=EDGE_CURVE('',#700,#740,#298,.T.);
#905=EDGE_CURVE('',#740,#741,#299,.T.);
#906=EDGE_CURVE('',#741,#736,#300,.T.);
#907=EDGE_CURVE('',#742,#742,#41,.T.);
#908=EDGE_CURVE('',#743,#743,#42,.T.);
#909=EDGE_CURVE('',#744,#744,#43,.T.);
#910=EDGE_CURVE('',#745,#745,#44,.T.);
#911=EDGE_CURVE('',#746,#713,#301,.T.);
#912=EDGE_CURVE('',#746,#747,#302,.T.);
#913=EDGE_CURVE('',#747,#714,#303,.T.);
#914=EDGE_CURVE('',#709,#747,#304,.T.);
#915=EDGE_CURVE('',#711,#746,#305,.T.);
#916=EDGE_CURVE('',#748,#749,#306,.T.);
#917=EDGE_CURVE('',#749,#748,#45,.T.);
#918=EDGE_CURVE('',#750,#750,#46,.T.);
#919=EDGE_CURVE('',#751,#748,#307,.T.);
#920=EDGE_CURVE('',#752,#751,#47,.T.);
#921=EDGE_CURVE('',#749,#752,#308,.T.);
#922=EDGE_CURVE('',#752,#753,#309,.T.);
#923=EDGE_CURVE('',#753,#754,#310,.T.);
#924=EDGE_CURVE('',#754,#755,#311,.T.);
#925=EDGE_CURVE('',#756,#755,#312,.T.);
#926=EDGE_CURVE('',#756,#751,#313,.T.);
#927=EDGE_CURVE('',#750,#757,#314,.T.);
#928=EDGE_CURVE('',#757,#757,#48,.T.);
#929=EDGE_CURVE('',#716,#758,#315,.T.);
#930=EDGE_CURVE('',#758,#759,#316,.T.);
#931=EDGE_CURVE('',#717,#759,#317,.T.);
#932=EDGE_CURVE('',#760,#715,#318,.T.);
#933=EDGE_CURVE('',#760,#758,#319,.T.);
#934=EDGE_CURVE('',#759,#761,#320,.T.);
#935=EDGE_CURVE('',#718,#761,#321,.T.);
#936=EDGE_CURVE('',#762,#760,#322,.T.);
#937=EDGE_CURVE('',#763,#762,#323,.T.);
#938=EDGE_CURVE('',#761,#763,#324,.T.);
#939=EDGE_CURVE('',#763,#754,#325,.T.);
#940=EDGE_CURVE('',#719,#753,#326,.T.);
#941=EDGE_CURVE('',#720,#756,#327,.T.);
#942=EDGE_CURVE('',#755,#762,#328,.T.);
#943=EDGE_CURVE('',#728,#764,#329,.T.);
#944=EDGE_CURVE('',#764,#765,#330,.T.);
#945=EDGE_CURVE('',#765,#766,#331,.T.);
#946=EDGE_CURVE('',#767,#766,#332,.T.);
#947=EDGE_CURVE('',#768,#767,#333,.T.);
#948=EDGE_CURVE('',#768,#769,#334,.T.);
#949=EDGE_CURVE('',#721,#769,#335,.T.);
#950=EDGE_CURVE('',#745,#770,#336,.T.);
#951=EDGE_CURVE('',#770,#770,#49,.T.);
#952=EDGE_CURVE('',#744,#771,#337,.T.);
#953=EDGE_CURVE('',#771,#771,#50,.T.);
#954=EDGE_CURVE('',#743,#772,#338,.T.);
#955=EDGE_CURVE('',#772,#772,#51,.T.);
#956=EDGE_CURVE('',#742,#773,#339,.T.);
#957=EDGE_CURVE('',#773,#773,#52,.T.);
#958=EDGE_CURVE('',#774,#702,#340,.T.);
#959=EDGE_CURVE('',#774,#739,#341,.T.);
#960=EDGE_CURVE('',#738,#775,#342,.T.);
#961=EDGE_CURVE('',#775,#774,#343,.T.);
#962=EDGE_CURVE('',#775,#699,#344,.T.);
#963=EDGE_CURVE('',#729,#734,#53,.T.);
#964=EDGE_CURVE('',#734,#729,#345,.T.);
#965=EDGE_CURVE('',#776,#777,#346,.T.);
#966=EDGE_CURVE('',#777,#731,#347,.T.);
#967=EDGE_CURVE('',#776,#730,#348,.T.);
#968=EDGE_CURVE('',#778,#776,#349,.T.);
#969=EDGE_CURVE('',#778,#733,#350,.T.);
#970=EDGE_CURVE('',#779,#778,#351,.T.);
#971=EDGE_CURVE('',#779,#732,#352,.T.);
#972=EDGE_CURVE('',#777,#779,#353,.T.);
#973=EDGE_CURVE('',#780,#781,#354,.T.);
#974=EDGE_CURVE('',#741,#780,#355,.T.);
#975=EDGE_CURVE('',#740,#782,#356,.T.);
#976=EDGE_CURVE('',#782,#783,#357,.T.);
#977=EDGE_CURVE('',#781,#783,#358,.T.);
#978=EDGE_CURVE('',#783,#784,#359,.T.);
#979=EDGE_CURVE('',#785,#782,#360,.T.);
#980=EDGE_CURVE('',#784,#785,#361,.T.);
#981=EDGE_CURVE('',#786,#780,#362,.T.);
#982=EDGE_CURVE('',#736,#786,#363,.T.);
#983=EDGE_CURVE('',#737,#785,#364,.T.);
#984=EDGE_CURVE('',#787,#786,#365,.T.);
#985=EDGE_CURVE('',#784,#787,#366,.T.);
#986=EDGE_CURVE('',#788,#787,#367,.T.);
#987=EDGE_CURVE('',#788,#789,#368,.T.);
#988=EDGE_CURVE('',#790,#789,#369,.T.);
#989=EDGE_CURVE('',#791,#790,#370,.T.);
#990=EDGE_CURVE('',#781,#791,#371,.T.);
#991=EDGE_CURVE('',#735,#792,#372,.T.);
#992=EDGE_CURVE('',#792,#792,#54,.T.);
#993=EDGE_CURVE('',#793,#794,#373,.T.);
#994=EDGE_CURVE('',#795,#793,#374,.T.);
#995=EDGE_CURVE('',#796,#795,#375,.T.);
#996=EDGE_CURVE('',#796,#794,#376,.T.);
#997=EDGE_CURVE('',#797,#793,#377,.T.);
#998=EDGE_CURVE('',#798,#797,#378,.T.);
#999=EDGE_CURVE('',#799,#798,#379,.T.);
#1000=EDGE_CURVE('',#800,#799,#380,.T.);
#1001=EDGE_CURVE('',#795,#800,#381,.T.);
#1002=EDGE_CURVE('',#801,#799,#382,.T.);
#1003=EDGE_CURVE('',#802,#801,#383,.T.);
#1004=EDGE_CURVE('',#800,#802,#384,.T.);
#1005=EDGE_CURVE('',#803,#767,#385,.T.);
#1006=EDGE_CURVE('',#766,#804,#386,.T.);
#1007=EDGE_CURVE('',#804,#805,#387,.T.);
#1008=EDGE_CURVE('',#805,#806,#388,.T.);
#1009=EDGE_CURVE('',#806,#807,#389,.T.);
#1010=EDGE_CURVE('',#807,#808,#390,.T.);
#1011=EDGE_CURVE('',#808,#798,#391,.T.);
#1012=EDGE_CURVE('',#797,#809,#392,.T.);
#1013=EDGE_CURVE('',#809,#810,#393,.T.);
#1014=EDGE_CURVE('',#810,#811,#394,.T.);
#1015=EDGE_CURVE('',#811,#812,#395,.T.);
#1016=EDGE_CURVE('',#812,#813,#396,.T.);
#1017=EDGE_CURVE('',#813,#814,#397,.T.);
#1018=EDGE_CURVE('',#814,#803,#398,.T.);
#1019=EDGE_CURVE('',#815,#794,#399,.T.);
#1020=EDGE_CURVE('',#816,#815,#400,.T.);
#1021=EDGE_CURVE('',#816,#817,#401,.T.);
#1022=EDGE_CURVE('',#817,#818,#402,.T.);
#1023=EDGE_CURVE('',#818,#809,#403,.T.);
#1024=EDGE_CURVE('',#819,#820,#404,.T.);
#1025=EDGE_CURVE('',#820,#821,#405,.T.);
#1026=EDGE_CURVE('',#821,#822,#406,.T.);
#1027=EDGE_CURVE('',#822,#819,#407,.T.);
#1028=EDGE_CURVE('',#802,#823,#408,.T.);
#1029=EDGE_CURVE('',#823,#824,#409,.T.);
#1030=EDGE_CURVE('',#824,#825,#410,.T.);
#1031=EDGE_CURVE('',#825,#826,#411,.T.);
#1032=EDGE_CURVE('',#826,#790,#412,.T.);
#1033=EDGE_CURVE('',#789,#816,#413,.T.);
#1034=EDGE_CURVE('',#815,#796,#414,.T.);
#1035=EDGE_CURVE('',#827,#808,#415,.T.);
#1036=EDGE_CURVE('',#827,#828,#416,.T.);
#1037=EDGE_CURVE('',#828,#824,#417,.T.);
#1038=EDGE_CURVE('',#823,#801,#418,.T.);
#1039=EDGE_CURVE('',#829,#830,#419,.T.);
#1040=EDGE_CURVE('',#830,#831,#420,.T.);
#1041=EDGE_CURVE('',#831,#832,#421,.T.);
#1042=EDGE_CURVE('',#832,#829,#422,.T.);
#1043=EDGE_CURVE('',#820,#833,#423,.T.);
#1044=EDGE_CURVE('',#833,#834,#424,.T.);
#1045=EDGE_CURVE('',#821,#834,#425,.T.);
#1046=EDGE_CURVE('',#835,#819,#426,.T.);
#1047=EDGE_CURVE('',#833,#835,#427,.T.);
#1048=EDGE_CURVE('',#834,#836,#428,.T.);
#1049=EDGE_CURVE('',#836,#822,#429,.T.);
#1050=EDGE_CURVE('',#835,#836,#430,.T.);
#1051=EDGE_CURVE('',#837,#817,#431,.T.);
#1052=EDGE_CURVE('',#838,#837,#432,.T.);
#1053=EDGE_CURVE('',#818,#838,#433,.T.);
#1054=EDGE_CURVE('',#838,#810,#434,.T.);
#1055=EDGE_CURVE('',#839,#791,#435,.T.);
#1056=EDGE_CURVE('',#826,#840,#436,.T.);
#1057=EDGE_CURVE('',#840,#841,#437,.T.);
#1058=EDGE_CURVE('',#841,#804,#438,.T.);
#1059=EDGE_CURVE('',#765,#842,#439,.T.);
#1060=EDGE_CURVE('',#727,#842,#440,.T.);
#1061=EDGE_CURVE('',#726,#843,#441,.T.);
#1062=EDGE_CURVE('',#843,#844,#442,.T.);
#1063=EDGE_CURVE('',#844,#814,#443,.T.);
#1064=EDGE_CURVE('',#813,#839,#444,.T.);
#1065=EDGE_CURVE('',#837,#811,#445,.T.);
#1066=EDGE_CURVE('',#845,#788,#446,.T.);
#1067=EDGE_CURVE('',#845,#812,#447,.T.);
#1068=EDGE_CURVE('',#839,#845,#448,.T.);
#1069=EDGE_CURVE('',#846,#847,#449,.T.);
#1070=EDGE_CURVE('',#848,#847,#450,.T.);
#1071=EDGE_CURVE('',#846,#848,#451,.T.);
#1072=EDGE_CURVE('',#843,#849,#452,.T.);
#1073=EDGE_CURVE('',#844,#849,#453,.T.);
#1074=EDGE_CURVE('',#850,#830,#454,.T.);
#1075=EDGE_CURVE('',#850,#851,#455,.T.);
#1076=EDGE_CURVE('',#851,#831,#456,.T.);
#1077=EDGE_CURVE('',#829,#852,#457,.T.);
#1078=EDGE_CURVE('',#852,#850,#458,.T.);
#1079=EDGE_CURVE('',#853,#851,#459,.T.);
#1080=EDGE_CURVE('',#832,#853,#460,.T.);
#1081=EDGE_CURVE('',#852,#853,#461,.T.);
#1082=EDGE_CURVE('',#854,#825,#462,.T.);
#1083=EDGE_CURVE('',#840,#854,#463,.T.);
#1084=EDGE_CURVE('',#855,#827,#464,.T.);
#1085=EDGE_CURVE('',#856,#855,#465,.T.);
#1086=EDGE_CURVE('',#828,#856,#466,.T.);
#1087=EDGE_CURVE('',#807,#855,#467,.T.);
#1088=EDGE_CURVE('',#856,#806,#468,.T.);
#1089=EDGE_CURVE('',#857,#841,#469,.T.);
#1090=EDGE_CURVE('',#857,#805,#470,.T.);
#1091=EDGE_CURVE('',#854,#857,#471,.T.);
#1092=EDGE_CURVE('',#764,#842,#472,.T.);
#1093=EDGE_CURVE('',#858,#769,#473,.T.);
#1094=EDGE_CURVE('',#858,#768,#474,.T.);
#1095=EDGE_CURVE('',#722,#858,#475,.T.);
#1096=EDGE_CURVE('',#848,#803,#476,.T.);
#1097=EDGE_CURVE('',#723,#847,#477,.T.);
#1098=EDGE_CURVE('',#724,#846,#478,.T.);
#1099=EDGE_CURVE('',#725,#849,#479,.T.);
#1100=ORIENTED_EDGE('',*,*,#859,.T.);
#1101=ORIENTED_EDGE('',*,*,#860,.F.);
#1102=ORIENTED_EDGE('',*,*,#861,.F.);
#1103=ORIENTED_EDGE('',*,*,#862,.T.);
#1104=ORIENTED_EDGE('',*,*,#863,.F.);
#1105=ORIENTED_EDGE('',*,*,#864,.T.);
#1106=ORIENTED_EDGE('',*,*,#865,.T.);
#1107=ORIENTED_EDGE('',*,*,#864,.F.);
#1108=ORIENTED_EDGE('',*,*,#865,.F.);
#1109=ORIENTED_EDGE('',*,*,#866,.F.);
#1110=ORIENTED_EDGE('',*,*,#863,.T.);
#1111=ORIENTED_EDGE('',*,*,#867,.F.);
#1112=ORIENTED_EDGE('',*,*,#868,.T.);
#1113=ORIENTED_EDGE('',*,*,#869,.F.);
#1114=ORIENTED_EDGE('',*,*,#868,.F.);
#1115=ORIENTED_EDGE('',*,*,#866,.T.);
#1116=ORIENTED_EDGE('',*,*,#870,.T.);
#1117=ORIENTED_EDGE('',*,*,#871,.F.);
#1118=ORIENTED_EDGE('',*,*,#870,.F.);
#1119=ORIENTED_EDGE('',*,*,#872,.F.);
#1120=ORIENTED_EDGE('',*,*,#873,.F.);
#1121=ORIENTED_EDGE('',*,*,#874,.F.);
#1122=ORIENTED_EDGE('',*,*,#875,.F.);
#1123=ORIENTED_EDGE('',*,*,#875,.T.);
#1124=ORIENTED_EDGE('',*,*,#876,.F.);
#1125=ORIENTED_EDGE('',*,*,#877,.F.);
#1126=ORIENTED_EDGE('',*,*,#878,.F.);
#1127=ORIENTED_EDGE('',*,*,#879,.T.);
#1128=ORIENTED_EDGE('',*,*,#880,.T.);
#1129=ORIENTED_EDGE('',*,*,#881,.T.);
#1130=ORIENTED_EDGE('',*,*,#882,.F.);
#1131=ORIENTED_EDGE('',*,*,#883,.F.);
#1132=ORIENTED_EDGE('',*,*,#884,.F.);
#1133=ORIENTED_EDGE('',*,*,#885,.F.);
#1134=ORIENTED_EDGE('',*,*,#886,.F.);
#1135=ORIENTED_EDGE('',*,*,#887,.F.);
#1136=ORIENTED_EDGE('',*,*,#888,.F.);
#1137=ORIENTED_EDGE('',*,*,#889,.F.);
#1138=ORIENTED_EDGE('',*,*,#890,.F.);
#1139=ORIENTED_EDGE('',*,*,#891,.F.);
#1140=ORIENTED_EDGE('',*,*,#892,.F.);
#1141=ORIENTED_EDGE('',*,*,#893,.T.);
#1142=ORIENTED_EDGE('',*,*,#894,.T.);
#1143=ORIENTED_EDGE('',*,*,#895,.T.);
#1144=ORIENTED_EDGE('',*,*,#896,.T.);
#1145=ORIENTED_EDGE('',*,*,#897,.T.);
#1146=ORIENTED_EDGE('',*,*,#898,.T.);
#1147=ORIENTED_EDGE('',*,*,#899,.T.);
#1148=ORIENTED_EDGE('',*,*,#900,.T.);
#1149=ORIENTED_EDGE('',*,*,#901,.T.);
#1150=ORIENTED_EDGE('',*,*,#902,.T.);
#1151=ORIENTED_EDGE('',*,*,#903,.T.);
#1152=ORIENTED_EDGE('',*,*,#860,.T.);
#1153=ORIENTED_EDGE('',*,*,#904,.T.);
#1154=ORIENTED_EDGE('',*,*,#905,.T.);
#1155=ORIENTED_EDGE('',*,*,#906,.T.);
#1156=ORIENTED_EDGE('',*,*,#907,.T.);
#1157=ORIENTED_EDGE('',*,*,#908,.T.);
#1158=ORIENTED_EDGE('',*,*,#909,.T.);
#1159=ORIENTED_EDGE('',*,*,#910,.T.);
#1160=ORIENTED_EDGE('',*,*,#911,.F.);
#1161=ORIENTED_EDGE('',*,*,#912,.T.);
#1162=ORIENTED_EDGE('',*,*,#913,.T.);
#1163=ORIENTED_EDGE('',*,*,#877,.T.);
#1164=ORIENTED_EDGE('',*,*,#873,.T.);
#1165=ORIENTED_EDGE('',*,*,#914,.T.);
#1166=ORIENTED_EDGE('',*,*,#912,.F.);
#1167=ORIENTED_EDGE('',*,*,#915,.F.);
#1168=ORIENTED_EDGE('',*,*,#872,.T.);
#1169=ORIENTED_EDGE('',*,*,#878,.T.);
#1170=ORIENTED_EDGE('',*,*,#913,.F.);
#1171=ORIENTED_EDGE('',*,*,#914,.F.);
#1172=ORIENTED_EDGE('',*,*,#871,.T.);
#1173=ORIENTED_EDGE('',*,*,#916,.F.);
#1174=ORIENTED_EDGE('',*,*,#917,.F.);
#1175=ORIENTED_EDGE('',*,*,#918,.F.);
#1176=ORIENTED_EDGE('',*,*,#919,.F.);
#1177=ORIENTED_EDGE('',*,*,#920,.F.);
#1178=ORIENTED_EDGE('',*,*,#921,.F.);
#1179=ORIENTED_EDGE('',*,*,#917,.T.);
#1180=ORIENTED_EDGE('',*,*,#919,.T.);
#1181=ORIENTED_EDGE('',*,*,#916,.T.);
#1182=ORIENTED_EDGE('',*,*,#921,.T.);
#1183=ORIENTED_EDGE('',*,*,#922,.T.);
#1184=ORIENTED_EDGE('',*,*,#923,.T.);
#1185=ORIENTED_EDGE('',*,*,#924,.T.);
#1186=ORIENTED_EDGE('',*,*,#925,.F.);
#1187=ORIENTED_EDGE('',*,*,#926,.T.);
#1188=ORIENTED_EDGE('',*,*,#918,.T.);
#1189=ORIENTED_EDGE('',*,*,#927,.T.);
#1190=ORIENTED_EDGE('',*,*,#928,.F.);
#1191=ORIENTED_EDGE('',*,*,#927,.F.);
#1192=ORIENTED_EDGE('',*,*,#880,.F.);
#1193=ORIENTED_EDGE('',*,*,#929,.T.);
#1194=ORIENTED_EDGE('',*,*,#930,.T.);
#1195=ORIENTED_EDGE('',*,*,#931,.F.);
#1196=ORIENTED_EDGE('',*,*,#932,.F.);
#1197=ORIENTED_EDGE('',*,*,#933,.T.);
#1198=ORIENTED_EDGE('',*,*,#929,.F.);
#1199=ORIENTED_EDGE('',*,*,#879,.F.);
#1200=ORIENTED_EDGE('',*,*,#881,.F.);
#1201=ORIENTED_EDGE('',*,*,#931,.T.);
#1202=ORIENTED_EDGE('',*,*,#934,.T.);
#1203=ORIENTED_EDGE('',*,*,#935,.F.);
#1204=ORIENTED_EDGE('',*,*,#936,.F.);
#1205=ORIENTED_EDGE('',*,*,#937,.F.);
#1206=ORIENTED_EDGE('',*,*,#938,.F.);
#1207=ORIENTED_EDGE('',*,*,#934,.F.);
#1208=ORIENTED_EDGE('',*,*,#930,.F.);
#1209=ORIENTED_EDGE('',*,*,#933,.F.);
#1210=ORIENTED_EDGE('',*,*,#935,.T.);
#1211=ORIENTED_EDGE('',*,*,#938,.T.);
#1212=ORIENTED_EDGE('',*,*,#939,.T.);
#1213=ORIENTED_EDGE('',*,*,#923,.F.);
#1214=ORIENTED_EDGE('',*,*,#940,.F.);
#1215=ORIENTED_EDGE('',*,*,#882,.T.);
#1216=ORIENTED_EDGE('',*,*,#920,.T.);
#1217=ORIENTED_EDGE('',*,*,#926,.F.);
#1218=ORIENTED_EDGE('',*,*,#941,.F.);
#1219=ORIENTED_EDGE('',*,*,#883,.T.);
#1220=ORIENTED_EDGE('',*,*,#940,.T.);
#1221=ORIENTED_EDGE('',*,*,#922,.F.);
#1222=ORIENTED_EDGE('',*,*,#937,.T.);
#1223=ORIENTED_EDGE('',*,*,#942,.F.);
#1224=ORIENTED_EDGE('',*,*,#924,.F.);
#1225=ORIENTED_EDGE('',*,*,#939,.F.);
#1226=ORIENTED_EDGE('',*,*,#928,.T.);
#1227=ORIENTED_EDGE('',*,*,#932,.T.);
#1228=ORIENTED_EDGE('',*,*,#892,.T.);
#1229=ORIENTED_EDGE('',*,*,#943,.T.);
#1230=ORIENTED_EDGE('',*,*,#944,.T.);
#1231=ORIENTED_EDGE('',*,*,#945,.T.);
#1232=ORIENTED_EDGE('',*,*,#946,.F.);
#1233=ORIENTED_EDGE('',*,*,#947,.F.);
#1234=ORIENTED_EDGE('',*,*,#948,.T.);
#1235=ORIENTED_EDGE('',*,*,#949,.F.);
#1236=ORIENTED_EDGE('',*,*,#884,.T.);
#1237=ORIENTED_EDGE('',*,*,#941,.T.);
#1238=ORIENTED_EDGE('',*,*,#925,.T.);
#1239=ORIENTED_EDGE('',*,*,#942,.T.);
#1240=ORIENTED_EDGE('',*,*,#936,.T.);
#1241=ORIENTED_EDGE('',*,*,#910,.F.);
#1242=ORIENTED_EDGE('',*,*,#950,.T.);
#1243=ORIENTED_EDGE('',*,*,#951,.T.);
#1244=ORIENTED_EDGE('',*,*,#950,.F.);
#1245=ORIENTED_EDGE('',*,*,#951,.F.);
#1246=ORIENTED_EDGE('',*,*,#909,.F.);
#1247=ORIENTED_EDGE('',*,*,#952,.T.);
#1248=ORIENTED_EDGE('',*,*,#953,.T.);
#1249=ORIENTED_EDGE('',*,*,#952,.F.);
#1250=ORIENTED_EDGE('',*,*,#953,.F.);
#1251=ORIENTED_EDGE('',*,*,#908,.F.);
#1252=ORIENTED_EDGE('',*,*,#954,.T.);
#1253=ORIENTED_EDGE('',*,*,#955,.T.);
#1254=ORIENTED_EDGE('',*,*,#954,.F.);
#1255=ORIENTED_EDGE('',*,*,#955,.F.);
#1256=ORIENTED_EDGE('',*,*,#907,.F.);
#1257=ORIENTED_EDGE('',*,*,#956,.T.);
#1258=ORIENTED_EDGE('',*,*,#957,.T.);
#1259=ORIENTED_EDGE('',*,*,#956,.F.);
#1260=ORIENTED_EDGE('',*,*,#957,.F.);
#1261=ORIENTED_EDGE('',*,*,#958,.T.);
#1262=ORIENTED_EDGE('',*,*,#861,.T.);
#1263=ORIENTED_EDGE('',*,*,#903,.F.);
#1264=ORIENTED_EDGE('',*,*,#959,.F.);
#1265=ORIENTED_EDGE('',*,*,#960,.T.);
#1266=ORIENTED_EDGE('',*,*,#961,.T.);
#1267=ORIENTED_EDGE('',*,*,#959,.T.);
#1268=ORIENTED_EDGE('',*,*,#902,.F.);
#1269=ORIENTED_EDGE('',*,*,#962,.T.);
#1270=ORIENTED_EDGE('',*,*,#862,.F.);
#1271=ORIENTED_EDGE('',*,*,#958,.F.);
#1272=ORIENTED_EDGE('',*,*,#961,.F.);
#1273=ORIENTED_EDGE('',*,*,#963,.T.);
#1274=ORIENTED_EDGE('',*,*,#964,.T.);
#1275=ORIENTED_EDGE('',*,*,#965,.T.);
#1276=ORIENTED_EDGE('',*,*,#966,.T.);
#1277=ORIENTED_EDGE('',*,*,#894,.F.);
#1278=ORIENTED_EDGE('',*,*,#967,.F.);
#1279=ORIENTED_EDGE('',*,*,#968,.T.);
#1280=ORIENTED_EDGE('',*,*,#967,.T.);
#1281=ORIENTED_EDGE('',*,*,#893,.F.);
#1282=ORIENTED_EDGE('',*,*,#964,.F.);
#1283=ORIENTED_EDGE('',*,*,#897,.F.);
#1284=ORIENTED_EDGE('',*,*,#969,.F.);
#1285=ORIENTED_EDGE('',*,*,#970,.T.);
#1286=ORIENTED_EDGE('',*,*,#969,.T.);
#1287=ORIENTED_EDGE('',*,*,#896,.F.);
#1288=ORIENTED_EDGE('',*,*,#971,.F.);
#1289=ORIENTED_EDGE('',*,*,#972,.T.);
#1290=ORIENTED_EDGE('',*,*,#971,.T.);
#1291=ORIENTED_EDGE('',*,*,#895,.F.);
#1292=ORIENTED_EDGE('',*,*,#966,.F.);
#1293=ORIENTED_EDGE('',*,*,#972,.F.);
#1294=ORIENTED_EDGE('',*,*,#965,.F.);
#1295=ORIENTED_EDGE('',*,*,#968,.F.);
#1296=ORIENTED_EDGE('',*,*,#970,.F.);
#1297=ORIENTED_EDGE('',*,*,#973,.F.);
#1298=ORIENTED_EDGE('',*,*,#974,.F.);
#1299=ORIENTED_EDGE('',*,*,#905,.F.);
#1300=ORIENTED_EDGE('',*,*,#975,.T.);
#1301=ORIENTED_EDGE('',*,*,#976,.T.);
#1302=ORIENTED_EDGE('',*,*,#977,.F.);
#1303=ORIENTED_EDGE('',*,*,#867,.T.);
#1304=ORIENTED_EDGE('',*,*,#978,.F.);
#1305=ORIENTED_EDGE('',*,*,#976,.F.);
#1306=ORIENTED_EDGE('',*,*,#979,.F.);
#1307=ORIENTED_EDGE('',*,*,#980,.F.);
#1308=ORIENTED_EDGE('',*,*,#981,.F.);
#1309=ORIENTED_EDGE('',*,*,#982,.F.);
#1310=ORIENTED_EDGE('',*,*,#906,.F.);
#1311=ORIENTED_EDGE('',*,*,#974,.T.);
#1312=ORIENTED_EDGE('',*,*,#901,.F.);
#1313=ORIENTED_EDGE('',*,*,#983,.T.);
#1314=ORIENTED_EDGE('',*,*,#979,.T.);
#1315=ORIENTED_EDGE('',*,*,#975,.F.);
#1316=ORIENTED_EDGE('',*,*,#904,.F.);
#1317=ORIENTED_EDGE('',*,*,#859,.F.);
#1318=ORIENTED_EDGE('',*,*,#962,.F.);
#1319=ORIENTED_EDGE('',*,*,#960,.F.);
#1320=ORIENTED_EDGE('',*,*,#900,.F.);
#1321=ORIENTED_EDGE('',*,*,#982,.T.);
#1322=ORIENTED_EDGE('',*,*,#984,.F.);
#1323=ORIENTED_EDGE('',*,*,#985,.F.);
#1324=ORIENTED_EDGE('',*,*,#980,.T.);
#1325=ORIENTED_EDGE('',*,*,#983,.F.);
#1326=ORIENTED_EDGE('',*,*,#874,.T.);
#1327=ORIENTED_EDGE('',*,*,#915,.T.);
#1328=ORIENTED_EDGE('',*,*,#911,.T.);
#1329=ORIENTED_EDGE('',*,*,#876,.T.);
#1330=ORIENTED_EDGE('',*,*,#977,.T.);
#1331=ORIENTED_EDGE('',*,*,#978,.T.);
#1332=ORIENTED_EDGE('',*,*,#985,.T.);
#1333=ORIENTED_EDGE('',*,*,#986,.F.);
#1334=ORIENTED_EDGE('',*,*,#987,.T.);
#1335=ORIENTED_EDGE('',*,*,#988,.F.);
#1336=ORIENTED_EDGE('',*,*,#989,.F.);
#1337=ORIENTED_EDGE('',*,*,#990,.F.);
#1338=ORIENTED_EDGE('',*,*,#898,.F.);
#1339=ORIENTED_EDGE('',*,*,#963,.F.);
#1340=ORIENTED_EDGE('',*,*,#899,.F.);
#1341=ORIENTED_EDGE('',*,*,#991,.T.);
#1342=ORIENTED_EDGE('',*,*,#992,.F.);
#1343=ORIENTED_EDGE('',*,*,#991,.F.);
#1344=ORIENTED_EDGE('',*,*,#993,.F.);
#1345=ORIENTED_EDGE('',*,*,#994,.F.);
#1346=ORIENTED_EDGE('',*,*,#995,.F.);
#1347=ORIENTED_EDGE('',*,*,#996,.T.);
#1348=ORIENTED_EDGE('',*,*,#997,.F.);
#1349=ORIENTED_EDGE('',*,*,#998,.F.);
#1350=ORIENTED_EDGE('',*,*,#999,.F.);
#1351=ORIENTED_EDGE('',*,*,#1000,.F.);
#1352=ORIENTED_EDGE('',*,*,#1001,.F.);
#1353=ORIENTED_EDGE('',*,*,#994,.T.);
#1354=ORIENTED_EDGE('',*,*,#1002,.F.);
#1355=ORIENTED_EDGE('',*,*,#1003,.F.);
#1356=ORIENTED_EDGE('',*,*,#1004,.F.);
#1357=ORIENTED_EDGE('',*,*,#1000,.T.);
#1358=ORIENTED_EDGE('',*,*,#1005,.T.);
#1359=ORIENTED_EDGE('',*,*,#946,.T.);
#1360=ORIENTED_EDGE('',*,*,#1006,.T.);
#1361=ORIENTED_EDGE('',*,*,#1007,.T.);
#1362=ORIENTED_EDGE('',*,*,#1008,.T.);
#1363=ORIENTED_EDGE('',*,*,#1009,.T.);
#1364=ORIENTED_EDGE('',*,*,#1010,.T.);
#1365=ORIENTED_EDGE('',*,*,#1011,.T.);
#1366=ORIENTED_EDGE('',*,*,#998,.T.);
#1367=ORIENTED_EDGE('',*,*,#1012,.T.);
#1368=ORIENTED_EDGE('',*,*,#1013,.T.);
#1369=ORIENTED_EDGE('',*,*,#1014,.T.);
#1370=ORIENTED_EDGE('',*,*,#1015,.T.);
#1371=ORIENTED_EDGE('',*,*,#1016,.T.);
#1372=ORIENTED_EDGE('',*,*,#1017,.T.);
#1373=ORIENTED_EDGE('',*,*,#1018,.T.);
#1374=ORIENTED_EDGE('',*,*,#997,.T.);
#1375=ORIENTED_EDGE('',*,*,#993,.T.);
#1376=ORIENTED_EDGE('',*,*,#1019,.F.);
#1377=ORIENTED_EDGE('',*,*,#1020,.F.);
#1378=ORIENTED_EDGE('',*,*,#1021,.T.);
#1379=ORIENTED_EDGE('',*,*,#1022,.T.);
#1380=ORIENTED_EDGE('',*,*,#1023,.T.);
#1381=ORIENTED_EDGE('',*,*,#1012,.F.);
#1382=ORIENTED_EDGE('',*,*,#1024,.T.);
#1383=ORIENTED_EDGE('',*,*,#1025,.T.);
#1384=ORIENTED_EDGE('',*,*,#1026,.T.);
#1385=ORIENTED_EDGE('',*,*,#1027,.T.);
#1386=ORIENTED_EDGE('',*,*,#995,.T.);
#1387=ORIENTED_EDGE('',*,*,#1001,.T.);
#1388=ORIENTED_EDGE('',*,*,#1004,.T.);
#1389=ORIENTED_EDGE('',*,*,#1028,.T.);
#1390=ORIENTED_EDGE('',*,*,#1029,.T.);
#1391=ORIENTED_EDGE('',*,*,#1030,.T.);
#1392=ORIENTED_EDGE('',*,*,#1031,.T.);
#1393=ORIENTED_EDGE('',*,*,#1032,.T.);
#1394=ORIENTED_EDGE('',*,*,#988,.T.);
#1395=ORIENTED_EDGE('',*,*,#1033,.T.);
#1396=ORIENTED_EDGE('',*,*,#1020,.T.);
#1397=ORIENTED_EDGE('',*,*,#1034,.T.);
#1398=ORIENTED_EDGE('',*,*,#992,.T.);
#1399=ORIENTED_EDGE('',*,*,#1002,.T.);
#1400=ORIENTED_EDGE('',*,*,#999,.T.);
#1401=ORIENTED_EDGE('',*,*,#1011,.F.);
#1402=ORIENTED_EDGE('',*,*,#1035,.F.);
#1403=ORIENTED_EDGE('',*,*,#1036,.T.);
#1404=ORIENTED_EDGE('',*,*,#1037,.T.);
#1405=ORIENTED_EDGE('',*,*,#1029,.F.);
#1406=ORIENTED_EDGE('',*,*,#1038,.T.);
#1407=ORIENTED_EDGE('',*,*,#1039,.T.);
#1408=ORIENTED_EDGE('',*,*,#1040,.T.);
#1409=ORIENTED_EDGE('',*,*,#1041,.T.);
#1410=ORIENTED_EDGE('',*,*,#1042,.T.);
#1411=ORIENTED_EDGE('',*,*,#1025,.F.);
#1412=ORIENTED_EDGE('',*,*,#1043,.T.);
#1413=ORIENTED_EDGE('',*,*,#1044,.T.);
#1414=ORIENTED_EDGE('',*,*,#1045,.F.);
#1415=ORIENTED_EDGE('',*,*,#1024,.F.);
#1416=ORIENTED_EDGE('',*,*,#1046,.F.);
#1417=ORIENTED_EDGE('',*,*,#1047,.F.);
#1418=ORIENTED_EDGE('',*,*,#1043,.F.);
#1419=ORIENTED_EDGE('',*,*,#1026,.F.);
#1420=ORIENTED_EDGE('',*,*,#1045,.T.);
#1421=ORIENTED_EDGE('',*,*,#1048,.T.);
#1422=ORIENTED_EDGE('',*,*,#1049,.T.);
#1423=ORIENTED_EDGE('',*,*,#1047,.T.);
#1424=ORIENTED_EDGE('',*,*,#1050,.T.);
#1425=ORIENTED_EDGE('',*,*,#1048,.F.);
#1426=ORIENTED_EDGE('',*,*,#1044,.F.);
#1427=ORIENTED_EDGE('',*,*,#1027,.F.);
#1428=ORIENTED_EDGE('',*,*,#1049,.F.);
#1429=ORIENTED_EDGE('',*,*,#1050,.F.);
#1430=ORIENTED_EDGE('',*,*,#1046,.T.);
#1431=ORIENTED_EDGE('',*,*,#1022,.F.);
#1432=ORIENTED_EDGE('',*,*,#1051,.F.);
#1433=ORIENTED_EDGE('',*,*,#1052,.F.);
#1434=ORIENTED_EDGE('',*,*,#1053,.F.);
#1435=ORIENTED_EDGE('',*,*,#1053,.T.);
#1436=ORIENTED_EDGE('',*,*,#1054,.T.);
#1437=ORIENTED_EDGE('',*,*,#1013,.F.);
#1438=ORIENTED_EDGE('',*,*,#1023,.F.);
#1439=ORIENTED_EDGE('',*,*,#1055,.T.);
#1440=ORIENTED_EDGE('',*,*,#989,.T.);
#1441=ORIENTED_EDGE('',*,*,#1032,.F.);
#1442=ORIENTED_EDGE('',*,*,#1056,.T.);
#1443=ORIENTED_EDGE('',*,*,#1057,.T.);
#1444=ORIENTED_EDGE('',*,*,#1058,.T.);
#1445=ORIENTED_EDGE('',*,*,#1006,.F.);
#1446=ORIENTED_EDGE('',*,*,#945,.F.);
#1447=ORIENTED_EDGE('',*,*,#1059,.T.);
#1448=ORIENTED_EDGE('',*,*,#1060,.F.);
#1449=ORIENTED_EDGE('',*,*,#890,.T.);
#1450=ORIENTED_EDGE('',*,*,#1061,.T.);
#1451=ORIENTED_EDGE('',*,*,#1062,.T.);
#1452=ORIENTED_EDGE('',*,*,#1063,.T.);
#1453=ORIENTED_EDGE('',*,*,#1017,.F.);
#1454=ORIENTED_EDGE('',*,*,#1064,.T.);
#1455=ORIENTED_EDGE('',*,*,#869,.T.);
#1456=ORIENTED_EDGE('',*,*,#1052,.T.);
#1457=ORIENTED_EDGE('',*,*,#1065,.T.);
#1458=ORIENTED_EDGE('',*,*,#1014,.F.);
#1459=ORIENTED_EDGE('',*,*,#1054,.F.);
#1460=ORIENTED_EDGE('',*,*,#1015,.F.);
#1461=ORIENTED_EDGE('',*,*,#1065,.F.);
#1462=ORIENTED_EDGE('',*,*,#1051,.T.);
#1463=ORIENTED_EDGE('',*,*,#1021,.F.);
#1464=ORIENTED_EDGE('',*,*,#1033,.F.);
#1465=ORIENTED_EDGE('',*,*,#987,.F.);
#1466=ORIENTED_EDGE('',*,*,#1066,.F.);
#1467=ORIENTED_EDGE('',*,*,#1067,.T.);
#1468=ORIENTED_EDGE('',*,*,#1016,.F.);
#1469=ORIENTED_EDGE('',*,*,#1067,.F.);
#1470=ORIENTED_EDGE('',*,*,#1068,.F.);
#1471=ORIENTED_EDGE('',*,*,#1064,.F.);
#1472=ORIENTED_EDGE('',*,*,#973,.T.);
#1473=ORIENTED_EDGE('',*,*,#990,.T.);
#1474=ORIENTED_EDGE('',*,*,#1055,.F.);
#1475=ORIENTED_EDGE('',*,*,#1068,.T.);
#1476=ORIENTED_EDGE('',*,*,#1066,.T.);
#1477=ORIENTED_EDGE('',*,*,#986,.T.);
#1478=ORIENTED_EDGE('',*,*,#984,.T.);
#1479=ORIENTED_EDGE('',*,*,#981,.T.);
#1480=ORIENTED_EDGE('',*,*,#1069,.T.);
#1481=ORIENTED_EDGE('',*,*,#1070,.F.);
#1482=ORIENTED_EDGE('',*,*,#1071,.F.);
#1483=ORIENTED_EDGE('',*,*,#1072,.T.);
#1484=ORIENTED_EDGE('',*,*,#1073,.F.);
#1485=ORIENTED_EDGE('',*,*,#1062,.F.);
#1486=ORIENTED_EDGE('',*,*,#1040,.F.);
#1487=ORIENTED_EDGE('',*,*,#1074,.F.);
#1488=ORIENTED_EDGE('',*,*,#1075,.T.);
#1489=ORIENTED_EDGE('',*,*,#1076,.T.);
#1490=ORIENTED_EDGE('',*,*,#1039,.F.);
#1491=ORIENTED_EDGE('',*,*,#1077,.T.);
#1492=ORIENTED_EDGE('',*,*,#1078,.T.);
#1493=ORIENTED_EDGE('',*,*,#1074,.T.);
#1494=ORIENTED_EDGE('',*,*,#1041,.F.);
#1495=ORIENTED_EDGE('',*,*,#1076,.F.);
#1496=ORIENTED_EDGE('',*,*,#1079,.F.);
#1497=ORIENTED_EDGE('',*,*,#1080,.F.);
#1498=ORIENTED_EDGE('',*,*,#1042,.F.);
#1499=ORIENTED_EDGE('',*,*,#1080,.T.);
#1500=ORIENTED_EDGE('',*,*,#1081,.F.);
#1501=ORIENTED_EDGE('',*,*,#1077,.F.);
#1502=ORIENTED_EDGE('',*,*,#1078,.F.);
#1503=ORIENTED_EDGE('',*,*,#1081,.T.);
#1504=ORIENTED_EDGE('',*,*,#1079,.T.);
#1505=ORIENTED_EDGE('',*,*,#1075,.F.);
#1506=ORIENTED_EDGE('',*,*,#1031,.F.);
#1507=ORIENTED_EDGE('',*,*,#1082,.F.);
#1508=ORIENTED_EDGE('',*,*,#1083,.F.);
#1509=ORIENTED_EDGE('',*,*,#1056,.F.);
#1510=ORIENTED_EDGE('',*,*,#1036,.F.);
#1511=ORIENTED_EDGE('',*,*,#1084,.F.);
#1512=ORIENTED_EDGE('',*,*,#1085,.F.);
#1513=ORIENTED_EDGE('',*,*,#1086,.F.);
#1514=ORIENTED_EDGE('',*,*,#1085,.T.);
#1515=ORIENTED_EDGE('',*,*,#1087,.F.);
#1516=ORIENTED_EDGE('',*,*,#1009,.F.);
#1517=ORIENTED_EDGE('',*,*,#1088,.F.);
#1518=ORIENTED_EDGE('',*,*,#1084,.T.);
#1519=ORIENTED_EDGE('',*,*,#1035,.T.);
#1520=ORIENTED_EDGE('',*,*,#1010,.F.);
#1521=ORIENTED_EDGE('',*,*,#1087,.T.);
#1522=ORIENTED_EDGE('',*,*,#1007,.F.);
#1523=ORIENTED_EDGE('',*,*,#1058,.F.);
#1524=ORIENTED_EDGE('',*,*,#1089,.F.);
#1525=ORIENTED_EDGE('',*,*,#1090,.T.);
#1526=ORIENTED_EDGE('',*,*,#1008,.F.);
#1527=ORIENTED_EDGE('',*,*,#1090,.F.);
#1528=ORIENTED_EDGE('',*,*,#1091,.F.);
#1529=ORIENTED_EDGE('',*,*,#1082,.T.);
#1530=ORIENTED_EDGE('',*,*,#1030,.F.);
#1531=ORIENTED_EDGE('',*,*,#1037,.F.);
#1532=ORIENTED_EDGE('',*,*,#1086,.T.);
#1533=ORIENTED_EDGE('',*,*,#1088,.T.);
#1534=ORIENTED_EDGE('',*,*,#1089,.T.);
#1535=ORIENTED_EDGE('',*,*,#1057,.F.);
#1536=ORIENTED_EDGE('',*,*,#1083,.T.);
#1537=ORIENTED_EDGE('',*,*,#1091,.T.);
#1538=ORIENTED_EDGE('',*,*,#1092,.T.);
#1539=ORIENTED_EDGE('',*,*,#1059,.F.);
#1540=ORIENTED_EDGE('',*,*,#944,.F.);
#1541=ORIENTED_EDGE('',*,*,#1093,.T.);
#1542=ORIENTED_EDGE('',*,*,#948,.F.);
#1543=ORIENTED_EDGE('',*,*,#1094,.F.);
#1544=ORIENTED_EDGE('',*,*,#885,.T.);
#1545=ORIENTED_EDGE('',*,*,#949,.T.);
#1546=ORIENTED_EDGE('',*,*,#1093,.F.);
#1547=ORIENTED_EDGE('',*,*,#1095,.F.);
#1548=ORIENTED_EDGE('',*,*,#1005,.F.);
#1549=ORIENTED_EDGE('',*,*,#1096,.F.);
#1550=ORIENTED_EDGE('',*,*,#1070,.T.);
#1551=ORIENTED_EDGE('',*,*,#1097,.F.);
#1552=ORIENTED_EDGE('',*,*,#886,.T.);
#1553=ORIENTED_EDGE('',*,*,#1095,.T.);
#1554=ORIENTED_EDGE('',*,*,#1094,.T.);
#1555=ORIENTED_EDGE('',*,*,#947,.T.);
#1556=ORIENTED_EDGE('',*,*,#996,.F.);
#1557=ORIENTED_EDGE('',*,*,#1034,.F.);
#1558=ORIENTED_EDGE('',*,*,#1019,.T.);
#1559=ORIENTED_EDGE('',*,*,#1003,.T.);
#1560=ORIENTED_EDGE('',*,*,#1038,.F.);
#1561=ORIENTED_EDGE('',*,*,#1028,.F.);
#1562=ORIENTED_EDGE('',*,*,#887,.T.);
#1563=ORIENTED_EDGE('',*,*,#1097,.T.);
#1564=ORIENTED_EDGE('',*,*,#1069,.F.);
#1565=ORIENTED_EDGE('',*,*,#1098,.F.);
#1566=ORIENTED_EDGE('',*,*,#888,.T.);
#1567=ORIENTED_EDGE('',*,*,#1098,.T.);
#1568=ORIENTED_EDGE('',*,*,#1071,.T.);
#1569=ORIENTED_EDGE('',*,*,#1096,.T.);
#1570=ORIENTED_EDGE('',*,*,#1018,.F.);
#1571=ORIENTED_EDGE('',*,*,#1063,.F.);
#1572=ORIENTED_EDGE('',*,*,#1073,.T.);
#1573=ORIENTED_EDGE('',*,*,#1099,.F.);
#1574=ORIENTED_EDGE('',*,*,#889,.T.);
#1575=ORIENTED_EDGE('',*,*,#1099,.T.);
#1576=ORIENTED_EDGE('',*,*,#1072,.F.);
#1577=ORIENTED_EDGE('',*,*,#1061,.F.);
#1578=ORIENTED_EDGE('',*,*,#891,.T.);
#1579=ORIENTED_EDGE('',*,*,#1060,.T.);
#1580=ORIENTED_EDGE('',*,*,#1092,.F.);
#1581=ORIENTED_EDGE('',*,*,#943,.F.);
#1582=PLANE('',#1764);
#1583=PLANE('',#1768);
#1584=PLANE('',#1770);
#1585=PLANE('',#1776);
#1586=PLANE('',#1777);
#1587=PLANE('',#1778);
#1588=PLANE('',#1785);
#1589=PLANE('',#1786);
#1590=PLANE('',#1787);
#1591=PLANE('',#1788);
#1592=PLANE('',#1793);
#1593=PLANE('',#1796);
#1594=PLANE('',#1797);
#1595=PLANE('',#1798);
#1596=PLANE('',#1799);
#1597=PLANE('',#1800);
#1598=PLANE('',#1801);
#1599=PLANE('',#1802);
#1600=PLANE('',#1803);
#1601=PLANE('',#1806);
#1602=PLANE('',#1809);
#1603=PLANE('',#1812);
#1604=PLANE('',#1815);
#1605=PLANE('',#1816);
#1606=PLANE('',#1817);
#1607=PLANE('',#1818);
#1608=PLANE('',#1819);
#1609=PLANE('',#1821);
#1610=PLANE('',#1822);
#1611=PLANE('',#1823);
#1612=PLANE('',#1824);
#1613=PLANE('',#1825);
#1614=PLANE('',#1826);
#1615=PLANE('',#1827);
#1616=PLANE('',#1828);
#1617=PLANE('',#1829);
#1618=PLANE('',#1830);
#1619=PLANE('',#1831);
#1620=PLANE('',#1834);
#1621=PLANE('',#1835);
#1622=PLANE('',#1836);
#1623=PLANE('',#1837);
#1624=PLANE('',#1838);
#1625=PLANE('',#1839);
#1626=PLANE('',#1840);
#1627=PLANE('',#1841);
#1628=PLANE('',#1842);
#1629=PLANE('',#1843);
#1630=PLANE('',#1844);
#1631=PLANE('',#1845);
#1632=PLANE('',#1846);
#1633=PLANE('',#1847);
#1634=PLANE('',#1848);
#1635=PLANE('',#1849);
#1636=PLANE('',#1850);
#1637=PLANE('',#1851);
#1638=PLANE('',#1852);
#1639=PLANE('',#1853);
#1640=PLANE('',#1854);
#1641=PLANE('',#1855);
#1642=PLANE('',#1856);
#1643=PLANE('',#1857);
#1644=PLANE('',#1858);
#1645=PLANE('',#1859);
#1646=PLANE('',#1860);
#1647=PLANE('',#1861);
#1648=PLANE('',#1862);
#1649=PLANE('',#1863);
#1650=PLANE('',#1864);
#1651=PLANE('',#1865);
#1652=PLANE('',#1866);
#1653=PLANE('',#1867);
#1654=PLANE('',#1868);
#1655=PLANE('',#1869);
#1656=PLANE('',#1870);
#1657=PLANE('',#1871);
#1658=PLANE('',#1872);
#1659=PLANE('',#1873);
#1660=PLANE('',#1874);
#1661=ADVANCED_FACE('',(#65),#1582,.T.);
#1662=ADVANCED_FACE('',(#66),#55,.F.);
#1663=ADVANCED_FACE('',(#67,#15),#1583,.F.);
#1664=ADVANCED_FACE('',(#68),#1584,.T.);
#1665=ADVANCED_FACE('',(#69),#56,.F.);
#1666=ADVANCED_FACE('',(#70),#57,.F.);
#1667=ADVANCED_FACE('',(#71),#1585,.F.);
#1668=ADVANCED_FACE('',(#72),#1586,.T.);
#1669=ADVANCED_FACE('',(#73,#16,#17,#18,#19,#20,#21),#1587,.F.);
#1670=ADVANCED_FACE('',(#74),#1588,.T.);
#1671=ADVANCED_FACE('',(#75),#1589,.T.);
#1672=ADVANCED_FACE('',(#76,#22),#1590,.T.);
#1673=ADVANCED_FACE('',(#77,#23),#1591,.F.);
#1674=ADVANCED_FACE('',(#78),#58,.F.);
#1675=ADVANCED_FACE('',(#79),#1592,.T.);
#1676=ADVANCED_FACE('',(#80),#59,.F.);
#1677=ADVANCED_FACE('',(#81),#1593,.F.);
#1678=ADVANCED_FACE('',(#82),#1594,.F.);
#1679=ADVANCED_FACE('',(#83),#1595,.F.);
#1680=ADVANCED_FACE('',(#84),#1596,.F.);
#1681=ADVANCED_FACE('',(#85),#1597,.T.);
#1682=ADVANCED_FACE('',(#86),#1598,.T.);
#1683=ADVANCED_FACE('',(#87,#24),#1599,.T.);
#1684=ADVANCED_FACE('',(#88),#1600,.T.);
#1685=ADVANCED_FACE('',(#89),#60,.T.);
#1686=ADVANCED_FACE('',(#90),#1601,.F.);
#1687=ADVANCED_FACE('',(#91),#61,.T.);
#1688=ADVANCED_FACE('',(#92),#1602,.F.);
#1689=ADVANCED_FACE('',(#93),#62,.T.);
#1690=ADVANCED_FACE('',(#94),#1603,.F.);
#1691=ADVANCED_FACE('',(#95),#63,.T.);
#1692=ADVANCED_FACE('',(#96),#1604,.F.);
#1693=ADVANCED_FACE('',(#97),#1605,.T.);
#1694=ADVANCED_FACE('',(#98),#1606,.T.);
#1695=ADVANCED_FACE('',(#99),#1607,.F.);
#1696=ADVANCED_FACE('',(#100),#1608,.T.);
#1697=ADVANCED_FACE('',(#101),#1609,.T.);
#1698=ADVANCED_FACE('',(#102),#1610,.T.);
#1699=ADVANCED_FACE('',(#103),#1611,.T.);
#1700=ADVANCED_FACE('',(#104),#1612,.T.);
#1701=ADVANCED_FACE('',(#105),#1613,.F.);
#1702=ADVANCED_FACE('',(#106,#25),#1614,.F.);
#1703=ADVANCED_FACE('',(#107),#1615,.F.);
#1704=ADVANCED_FACE('',(#108),#1616,.F.);
#1705=ADVANCED_FACE('',(#109),#1617,.F.);
#1706=ADVANCED_FACE('',(#110,#26),#1618,.F.);
#1707=ADVANCED_FACE('',(#111),#1619,.F.);
#1708=ADVANCED_FACE('',(#112),#64,.F.);
#1709=ADVANCED_FACE('',(#113),#1620,.T.);
#1710=ADVANCED_FACE('',(#114),#1621,.T.);
#1711=ADVANCED_FACE('',(#115),#1622,.T.);
#1712=ADVANCED_FACE('',(#116),#1623,.T.);
#1713=ADVANCED_FACE('',(#117,#27),#1624,.T.);
#1714=ADVANCED_FACE('',(#118,#28),#1625,.T.);
#1715=ADVANCED_FACE('',(#119,#29),#1626,.T.);
#1716=ADVANCED_FACE('',(#120),#1627,.T.);
#1717=ADVANCED_FACE('',(#121),#1628,.F.);
#1718=ADVANCED_FACE('',(#122),#1629,.T.);
#1719=ADVANCED_FACE('',(#123),#1630,.T.);
#1720=ADVANCED_FACE('',(#124),#1631,.T.);
#1721=ADVANCED_FACE('',(#125),#1632,.F.);
#1722=ADVANCED_FACE('',(#126),#1633,.T.);
#1723=ADVANCED_FACE('',(#127,#30),#1634,.T.);
#1724=ADVANCED_FACE('',(#128),#1635,.F.);
#1725=ADVANCED_FACE('',(#129),#1636,.F.);
#1726=ADVANCED_FACE('',(#130),#1637,.F.);
#1727=ADVANCED_FACE('',(#131),#1638,.T.);
#1728=ADVANCED_FACE('',(#132),#1639,.F.);
#1729=ADVANCED_FACE('',(#133),#1640,.F.);
#1730=ADVANCED_FACE('',(#134),#1641,.F.);
#1731=ADVANCED_FACE('',(#135),#1642,.F.);
#1732=ADVANCED_FACE('',(#136),#1643,.T.);
#1733=ADVANCED_FACE('',(#137),#1644,.F.);
#1734=ADVANCED_FACE('',(#138),#1645,.F.);
#1735=ADVANCED_FACE('',(#139),#1646,.F.);
#1736=ADVANCED_FACE('',(#140),#1647,.F.);
#1737=ADVANCED_FACE('',(#141),#1648,.F.);
#1738=ADVANCED_FACE('',(#142),#1649,.T.);
#1739=ADVANCED_FACE('',(#143),#1650,.F.);
#1740=ADVANCED_FACE('',(#144),#1651,.F.);
#1741=ADVANCED_FACE('',(#145),#1652,.T.);
#1742=ADVANCED_FACE('',(#146),#1653,.F.);
#1743=ADVANCED_FACE('',(#147),#1654,.F.);
#1744=ADVANCED_FACE('',(#148),#1655,.T.);
#1745=ADVANCED_FACE('',(#149,#31,#32),#1656,.T.);
#1746=ADVANCED_FACE('',(#150),#1657,.T.);
#1747=ADVANCED_FACE('',(#151),#1658,.T.);
#1748=ADVANCED_FACE('',(#152),#1659,.T.);
#1749=ADVANCED_FACE('',(#153),#1660,.T.);
#1750=CLOSED_SHELL('',(#1661,#1662,#1663,#1664,#1665,#1666,#1667,#1668,
#1669,#1670,#1671,#1672,#1673,#1674,#1675,#1676,#1677,#1678,#1679,#1680,
#1681,#1682,#1683,#1684,#1685,#1686,#1687,#1688,#1689,#1690,#1691,#1692,
#1693,#1694,#1695,#1696,#1697,#1698,#1699,#1700,#1701,#1702,#1703,#1704,
#1705,#1706,#1707,#1708,#1709,#1710,#1711,#1712,#1713,#1714,#1715,#1716,
#1717,#1718,#1719,#1720,#1721,#1722,#1723,#1724,#1725,#1726,#1727,#1728,
#1729,#1730,#1731,#1732,#1733,#1734,#1735,#1736,#1737,#1738,#1739,#1740,
#1741,#1742,#1743,#1744,#1745,#1746,#1747,#1748,#1749));
#1751=DERIVED_UNIT_ELEMENT(#1753,1.);
#1752=DERIVED_UNIT_ELEMENT(#2814,-3.);
#1753=(
MASS_UNIT()
NAMED_UNIT(*)
SI_UNIT(.KILO.,.GRAM.)
);
#1754=DERIVED_UNIT((#1751,#1752));
#1755=MEASURE_REPRESENTATION_ITEM('density measure',
POSITIVE_RATIO_MEASURE(7850.),#1754);
#1756=PROPERTY_DEFINITION_REPRESENTATION(#1761,#1758);
#1757=PROPERTY_DEFINITION_REPRESENTATION(#1762,#1759);
#1758=REPRESENTATION('material name',(#1760),#2811);
#1759=REPRESENTATION('density',(#1755),#2811);
#1760=DESCRIPTIVE_REPRESENTATION_ITEM('\X2\94A2\X0\','\X2\94A2\X0\');
#1761=PROPERTY_DEFINITION('material property','material name',#2821);
#1762=PROPERTY_DEFINITION('material property','density of part',#2821);
#1763=AXIS2_PLACEMENT_3D('',#2318,#1875,#1876);
#1764=AXIS2_PLACEMENT_3D('',#2319,#1877,#1878);
#1765=AXIS2_PLACEMENT_3D('',#2328,#1883,#1884);
#1766=AXIS2_PLACEMENT_3D('',#2330,#1885,#1886);
#1767=AXIS2_PLACEMENT_3D('',#2333,#1888,#1889);
#1768=AXIS2_PLACEMENT_3D('',#2334,#1890,#1891);
#1769=AXIS2_PLACEMENT_3D('',#2336,#1892,#1893);
#1770=AXIS2_PLACEMENT_3D('',#2337,#1894,#1895);
#1771=AXIS2_PLACEMENT_3D('',#2338,#1896,#1897);
#1772=AXIS2_PLACEMENT_3D('',#2340,#1898,#1899);
#1773=AXIS2_PLACEMENT_3D('',#2343,#1901,#1902);
#1774=AXIS2_PLACEMENT_3D('',#2344,#1903,#1904);
#1775=AXIS2_PLACEMENT_3D('',#2347,#1906,#1907);
#1776=AXIS2_PLACEMENT_3D('',#2348,#1908,#1909);
#1777=AXIS2_PLACEMENT_3D('',#2357,#1914,#1915);
#1778=AXIS2_PLACEMENT_3D('',#2363,#1919,#1920);
#1779=AXIS2_PLACEMENT_3D('',#2404,#1940,#1941);
#1780=AXIS2_PLACEMENT_3D('',#2405,#1942,#1943);
#1781=AXIS2_PLACEMENT_3D('',#2420,#1951,#1952);
#1782=AXIS2_PLACEMENT_3D('',#2422,#1953,#1954);
#1783=AXIS2_PLACEMENT_3D('',#2424,#1955,#1956);
#1784=AXIS2_PLACEMENT_3D('',#2426,#1957,#1958);
#1785=AXIS2_PLACEMENT_3D('',#2427,#1959,#1960);
#1786=AXIS2_PLACEMENT_3D('',#2433,#1964,#1965);
#1787=AXIS2_PLACEMENT_3D('',#2436,#1968,#1969);
#1788=AXIS2_PLACEMENT_3D('',#2437,#1970,#1971);
#1789=AXIS2_PLACEMENT_3D('',#2441,#1973,#1974);
#1790=AXIS2_PLACEMENT_3D('',#2443,#1975,#1976);
#1791=AXIS2_PLACEMENT_3D('',#2444,#1977,#1978);
#1792=AXIS2_PLACEMENT_3D('',#2448,#1980,#1981);
#1793=AXIS2_PLACEMENT_3D('',#2450,#1983,#1984);
#1794=AXIS2_PLACEMENT_3D('',#2460,#1990,#1991);
#1795=AXIS2_PLACEMENT_3D('',#2463,#1993,#1994);
#1796=AXIS2_PLACEMENT_3D('',#2464,#1995,#1996);
#1797=AXIS2_PLACEMENT_3D('',#2470,#2000,#2001);
#1798=AXIS2_PLACEMENT_3D('',#2474,#2004,#2005);
#1799=AXIS2_PLACEMENT_3D('',#2478,#2008,#2009);
#1800=AXIS2_PLACEMENT_3D('',#2484,#2013,#2014);
#1801=AXIS2_PLACEMENT_3D('',#2487,#2017,#2018);
#1802=AXIS2_PLACEMENT_3D('',#2489,#2020,#2021);
#1803=AXIS2_PLACEMENT_3D('',#2491,#2023,#2024);
#1804=AXIS2_PLACEMENT_3D('',#2505,#2032,#2033);
#1805=AXIS2_PLACEMENT_3D('',#2508,#2035,#2036);
#1806=AXIS2_PLACEMENT_3D('',#2509,#2037,#2038);
#1807=AXIS2_PLACEMENT_3D('',#2510,#2039,#2040);
#1808=AXIS2_PLACEMENT_3D('',#2513,#2042,#2043);
#1809=AXIS2_PLACEMENT_3D('',#2514,#2044,#2045);
#1810=AXIS2_PLACEMENT_3D('',#2515,#2046,#2047);
#1811=AXIS2_PLACEMENT_3D('',#2518,#2049,#2050);
#1812=AXIS2_PLACEMENT_3D('',#2519,#2051,#2052);
#1813=AXIS2_PLACEMENT_3D('',#2520,#2053,#2054);
#1814=AXIS2_PLACEMENT_3D('',#2523,#2056,#2057);
#1815=AXIS2_PLACEMENT_3D('',#2524,#2058,#2059);
#1816=AXIS2_PLACEMENT_3D('',#2525,#2060,#2061);
#1817=AXIS2_PLACEMENT_3D('',#2529,#2064,#2065);
#1818=AXIS2_PLACEMENT_3D('',#2533,#2068,#2069);
#1819=AXIS2_PLACEMENT_3D('',#2535,#2071,#2072);
#1820=AXIS2_PLACEMENT_3D('',#2536,#2073,#2074);
#1821=AXIS2_PLACEMENT_3D('',#2538,#2076,#2077);
#1822=AXIS2_PLACEMENT_3D('',#2544,#2081,#2082);
#1823=AXIS2_PLACEMENT_3D('',#2548,#2085,#2086);
#1824=AXIS2_PLACEMENT_3D('',#2552,#2089,#2090);
#1825=AXIS2_PLACEMENT_3D('',#2554,#2092,#2093);
#1826=AXIS2_PLACEMENT_3D('',#2555,#2094,#2095);
#1827=AXIS2_PLACEMENT_3D('',#2565,#2101,#2102);
#1828=AXIS2_PLACEMENT_3D('',#2571,#2106,#2107);
#1829=AXIS2_PLACEMENT_3D('',#2575,#2110,#2111);
#1830=AXIS2_PLACEMENT_3D('',#2577,#2113,#2114);
#1831=AXIS2_PLACEMENT_3D('',#2581,#2117,#2118);
#1832=AXIS2_PLACEMENT_3D('',#2591,#2124,#2125);
#1833=AXIS2_PLACEMENT_3D('',#2594,#2127,#2128);
#1834=AXIS2_PLACEMENT_3D('',#2595,#2129,#2130);
#1835=AXIS2_PLACEMENT_3D('',#2604,#2135,#2136);
#1836=AXIS2_PLACEMENT_3D('',#2614,#2142,#2143);
#1837=AXIS2_PLACEMENT_3D('',#2620,#2147,#2148);
#1838=AXIS2_PLACEMENT_3D('',#2647,#2163,#2164);
#1839=AXIS2_PLACEMENT_3D('',#2665,#2174,#2175);
#1840=AXIS2_PLACEMENT_3D('',#2677,#2183,#2184);
#1841=AXIS2_PLACEMENT_3D('',#2692,#2193,#2194);
#1842=AXIS2_PLACEMENT_3D('',#2698,#2198,#2199);
#1843=AXIS2_PLACEMENT_3D('',#2702,#2202,#2203);
#1844=AXIS2_PLACEMENT_3D('',#2706,#2206,#2207);
#1845=AXIS2_PLACEMENT_3D('',#2708,#2209,#2210);
#1846=AXIS2_PLACEMENT_3D('',#2709,#2211,#2212);
#1847=AXIS2_PLACEMENT_3D('',#2715,#2216,#2217);
#1848=AXIS2_PLACEMENT_3D('',#2717,#2219,#2220);
#1849=AXIS2_PLACEMENT_3D('',#2734,#2231,#2232);
#1850=AXIS2_PLACEMENT_3D('',#2736,#2234,#2235);
#1851=AXIS2_PLACEMENT_3D('',#2740,#2238,#2239);
#1852=AXIS2_PLACEMENT_3D('',#2742,#2241,#2242);
#1853=AXIS2_PLACEMENT_3D('',#2743,#2243,#2244);
#1854=AXIS2_PLACEMENT_3D('',#2750,#2248,#2249);
#1855=AXIS2_PLACEMENT_3D('',#2754,#2252,#2253);
#1856=AXIS2_PLACEMENT_3D('',#2760,#2257,#2258);
#1857=AXIS2_PLACEMENT_3D('',#2764,#2261,#2262);
#1858=AXIS2_PLACEMENT_3D('',#2768,#2265,#2266);
#1859=AXIS2_PLACEMENT_3D('',#2770,#2268,#2269);
#1860=AXIS2_PLACEMENT_3D('',#2771,#2270,#2271);
#1861=AXIS2_PLACEMENT_3D('',#2775,#2274,#2275);
#1862=AXIS2_PLACEMENT_3D('',#2781,#2279,#2280);
#1863=AXIS2_PLACEMENT_3D('',#2784,#2283,#2284);
#1864=AXIS2_PLACEMENT_3D('',#2785,#2285,#2286);
#1865=AXIS2_PLACEMENT_3D('',#2789,#2289,#2290);
#1866=AXIS2_PLACEMENT_3D('',#2791,#2292,#2293);
#1867=AXIS2_PLACEMENT_3D('',#2792,#2294,#2295);
#1868=AXIS2_PLACEMENT_3D('',#2794,#2297,#2298);
#1869=AXIS2_PLACEMENT_3D('',#2798,#2301,#2302);
#1870=AXIS2_PLACEMENT_3D('',#2800,#2304,#2305);
#1871=AXIS2_PLACEMENT_3D('',#2803,#2308,#2309);
#1872=AXIS2_PLACEMENT_3D('',#2805,#2311,#2312);
#1873=AXIS2_PLACEMENT_3D('',#2807,#2314,#2315);
#1874=AXIS2_PLACEMENT_3D('',#2808,#2316,#2317);
#1875=DIRECTION('axis',(0.,0.,1.));
#1876=DIRECTION('refdir',(1.,0.,0.));
#1877=DIRECTION('center_axis',(1.,0.,0.));
#1878=DIRECTION('ref_axis',(0.,1.,0.));
#1879=DIRECTION('',(0.,0.,1.));
#1880=DIRECTION('',(0.,1.,0.));
#1881=DIRECTION('',(0.,0.,1.));
#1882=DIRECTION('',(0.,1.,0.));
#1883=DIRECTION('center_axis',(1.,0.,0.));
#1884=DIRECTION('ref_axis',(0.,0.,-1.));
#1885=DIRECTION('center_axis',(1.,0.,0.));
#1886=DIRECTION('ref_axis',(0.,0.,-1.));
#1887=DIRECTION('',(1.,0.,0.));
#1888=DIRECTION('center_axis',(1.,0.,0.));
#1889=DIRECTION('ref_axis',(0.,0.,-1.));
#1890=DIRECTION('center_axis',(1.,0.,0.));
#1891=DIRECTION('ref_axis',(0.,0.,-1.));
#1892=DIRECTION('center_axis',(-1.,0.,0.));
#1893=DIRECTION('ref_axis',(0.,0.,-1.));
#1894=DIRECTION('center_axis',(1.,0.,0.));
#1895=DIRECTION('ref_axis',(0.,0.,-1.));
#1896=DIRECTION('center_axis',(1.,0.,0.));
#1897=DIRECTION('ref_axis',(0.,0.,-1.));
#1898=DIRECTION('center_axis',(1.,0.,0.));
#1899=DIRECTION('ref_axis',(0.,0.,-1.));
#1900=DIRECTION('',(1.,0.,0.));
#1901=DIRECTION('center_axis',(-1.,-2.22044604925031E-16,0.));
#1902=DIRECTION('ref_axis',(0.,0.,-1.));
#1903=DIRECTION('center_axis',(1.,0.,0.));
#1904=DIRECTION('ref_axis',(0.,0.,-1.));
#1905=DIRECTION('',(1.,0.,0.));
#1906=DIRECTION('center_axis',(-1.,0.,0.));
#1907=DIRECTION('ref_axis',(0.,0.,-1.));
#1908=DIRECTION('center_axis',(0.,0.,1.));
#1909=DIRECTION('ref_axis',(1.,0.,0.));
#1910=DIRECTION('',(0.,1.,0.));
#1911=DIRECTION('',(1.,0.,0.));
#1912=DIRECTION('',(0.,-1.,0.));
#1913=DIRECTION('',(-1.,0.,0.));
#1914=DIRECTION('center_axis',(0.,1.,0.));
#1915=DIRECTION('ref_axis',(-1.,0.,0.));
#1916=DIRECTION('',(0.,0.,-1.));
#1917=DIRECTION('',(-1.,0.,0.));
#1918=DIRECTION('',(0.,0.,1.));
#1919=DIRECTION('center_axis',(0.,0.,1.));
#1920=DIRECTION('ref_axis',(-2.22044604925031E-16,1.,0.));
#1921=DIRECTION('',(0.,1.,0.));
#1922=DIRECTION('',(-1.,0.,0.));
#1923=DIRECTION('',(0.,-1.,0.));
#1924=DIRECTION('',(1.,0.,0.));
#1925=DIRECTION('',(0.,-1.,0.));
#1926=DIRECTION('',(1.,2.22044604925031E-16,0.));
#1927=DIRECTION('',(0.707106781186548,-0.707106781186547,0.));
#1928=DIRECTION('',(2.22044604925031E-16,-1.,0.));
#1929=DIRECTION('',(-0.707106781186548,-0.707106781186547,0.));
#1930=DIRECTION('',(-1.,-2.22044604925031E-16,0.));
#1931=DIRECTION('',(-0.707106781186548,0.707106781186547,0.));
#1932=DIRECTION('',(-2.22044604925031E-16,1.,0.));
#1933=DIRECTION('',(0.707106781186548,0.707106781186547,0.));
#1934=DIRECTION('',(1.,2.22044604925031E-16,0.));
#1935=DIRECTION('',(0.,1.,0.));
#1936=DIRECTION('',(-1.,0.,0.));
#1937=DIRECTION('',(0.,-1.,0.));
#1938=DIRECTION('',(1.,0.,0.));
#1939=DIRECTION('',(0.,1.,0.));
#1940=DIRECTION('center_axis',(0.,0.,1.));
#1941=DIRECTION('ref_axis',(-2.22044604925031E-16,1.,0.));
#1942=DIRECTION('center_axis',(0.,0.,1.));
#1943=DIRECTION('ref_axis',(-2.22044604925031E-16,1.,0.));
#1944=DIRECTION('',(0.,-1.,0.));
#1945=DIRECTION('',(1.,0.,0.));
#1946=DIRECTION('',(0.,-1.,0.));
#1947=DIRECTION('',(1.,0.,0.));
#1948=DIRECTION('',(1.,0.,0.));
#1949=DIRECTION('',(0.,1.,0.));
#1950=DIRECTION('',(-1.,0.,0.));
#1951=DIRECTION('center_axis',(0.,0.,1.));
#1952=DIRECTION('ref_axis',(1.,0.,0.));
#1953=DIRECTION('center_axis',(0.,0.,1.));
#1954=DIRECTION('ref_axis',(1.,0.,0.));
#1955=DIRECTION('center_axis',(0.,0.,1.));
#1956=DIRECTION('ref_axis',(1.,0.,0.));
#1957=DIRECTION('center_axis',(0.,0.,1.));
#1958=DIRECTION('ref_axis',(1.,0.,0.));
#1959=DIRECTION('center_axis',(0.,0.,1.));
#1960=DIRECTION('ref_axis',(1.,0.,0.));
#1961=DIRECTION('',(0.,1.,0.));
#1962=DIRECTION('',(1.,0.,0.));
#1963=DIRECTION('',(0.,1.,0.));
#1964=DIRECTION('center_axis',(0.,-1.,0.));
#1965=DIRECTION('ref_axis',(1.,0.,0.));
#1966=DIRECTION('',(0.,0.,1.));
#1967=DIRECTION('',(0.,0.,1.));
#1968=DIRECTION('center_axis',(1.,0.,0.));
#1969=DIRECTION('ref_axis',(0.,1.,0.));
#1970=DIRECTION('center_axis',(1.,0.,0.));
#1971=DIRECTION('ref_axis',(0.,0.,-1.));
#1972=DIRECTION('',(0.,-1.,0.));
#1973=DIRECTION('center_axis',(1.,0.,0.));
#1974=DIRECTION('ref_axis',(0.,0.,-1.));
#1975=DIRECTION('center_axis',(-1.,0.,0.));
#1976=DIRECTION('ref_axis',(0.,0.,-1.));
#1977=DIRECTION('center_axis',(1.,0.,0.));
#1978=DIRECTION('ref_axis',(0.,0.,-1.));
#1979=DIRECTION('',(1.,0.,0.));
#1980=DIRECTION('center_axis',(1.,0.,0.));
#1981=DIRECTION('ref_axis',(0.,0.,-1.));
#1982=DIRECTION('',(-1.,0.,0.));
#1983=DIRECTION('center_axis',(0.,0.,1.));
#1984=DIRECTION('ref_axis',(1.,0.,0.));
#1985=DIRECTION('',(0.,-1.,0.));
#1986=DIRECTION('',(1.,0.,0.));
#1987=DIRECTION('',(0.,1.,0.));
#1988=DIRECTION('',(1.,2.22044604925031E-16,0.));
#1989=DIRECTION('',(0.,-1.,0.));
#1990=DIRECTION('center_axis',(1.,0.,0.));
#1991=DIRECTION('ref_axis',(0.,0.,-1.));
#1992=DIRECTION('',(1.,0.,0.));
#1993=DIRECTION('center_axis',(-1.,0.,0.));
#1994=DIRECTION('ref_axis',(0.,0.,-1.));
#1995=DIRECTION('center_axis',(0.,1.,0.));
#1996=DIRECTION('ref_axis',(-1.,0.,0.));
#1997=DIRECTION('',(0.,0.,1.));
#1998=DIRECTION('',(-1.,0.,0.));
#1999=DIRECTION('',(0.,0.,1.));
#2000=DIRECTION('center_axis',(1.,0.,0.));
#2001=DIRECTION('ref_axis',(0.,1.,0.));
#2002=DIRECTION('',(0.,0.,-1.));
#2003=DIRECTION('',(0.,1.,0.));
#2004=DIRECTION('center_axis',(-1.,0.,0.));
#2005=DIRECTION('ref_axis',(0.,-1.,0.));
#2006=DIRECTION('',(0.,-1.,0.));
#2007=DIRECTION('',(0.,0.,1.));
#2008=DIRECTION('center_axis',(0.,0.,1.));
#2009=DIRECTION('ref_axis',(1.,0.,0.));
#2010=DIRECTION('',(1.,2.22044604925031E-16,0.));
#2011=DIRECTION('',(0.,1.,0.));
#2012=DIRECTION('',(1.,0.,0.));
#2013=DIRECTION('center_axis',(0.,-1.,0.));
#2014=DIRECTION('ref_axis',(1.,0.,0.));
#2015=DIRECTION('',(0.,0.,1.));
#2016=DIRECTION('',(0.,0.,1.));
#2017=DIRECTION('center_axis',(-1.,0.,0.));
#2018=DIRECTION('ref_axis',(0.,-1.,0.));
#2019=DIRECTION('',(0.,0.,1.));
#2020=DIRECTION('center_axis',(1.,0.,0.));
#2021=DIRECTION('ref_axis',(0.,1.,0.));
#2022=DIRECTION('',(0.,0.,-1.));
#2023=DIRECTION('center_axis',(2.22044604925031E-16,-1.,0.));
#2024=DIRECTION('ref_axis',(1.,2.22044604925031E-16,0.));
#2025=DIRECTION('',(0.,0.,1.));
#2026=DIRECTION('',(1.,2.22044604925031E-16,0.));
#2027=DIRECTION('',(0.,0.,1.));
#2028=DIRECTION('',(1.,2.22044604925031E-16,0.));
#2029=DIRECTION('',(0.,0.,1.));
#2030=DIRECTION('',(1.,2.22044604925031E-16,0.));
#2031=DIRECTION('',(0.,0.,1.));
#2032=DIRECTION('center_axis',(0.,0.,1.));
#2033=DIRECTION('ref_axis',(1.,0.,0.));
#2034=DIRECTION('',(0.,0.,-1.));
#2035=DIRECTION('center_axis',(0.,0.,1.));
#2036=DIRECTION('ref_axis',(1.,0.,0.));
#2037=DIRECTION('center_axis',(0.,0.,1.));
#2038=DIRECTION('ref_axis',(1.,0.,0.));
#2039=DIRECTION('center_axis',(0.,0.,1.));
#2040=DIRECTION('ref_axis',(1.,0.,0.));
#2041=DIRECTION('',(0.,0.,-1.));
#2042=DIRECTION('center_axis',(0.,0.,1.));
#2043=DIRECTION('ref_axis',(1.,0.,0.));
#2044=DIRECTION('center_axis',(0.,0.,1.));
#2045=DIRECTION('ref_axis',(1.,0.,0.));
#2046=DIRECTION('center_axis',(0.,0.,1.));
#2047=DIRECTION('ref_axis',(1.,0.,0.));
#2048=DIRECTION('',(0.,0.,-1.));
#2049=DIRECTION('center_axis',(0.,0.,1.));
#2050=DIRECTION('ref_axis',(1.,0.,0.));
#2051=DIRECTION('center_axis',(0.,0.,1.));
#2052=DIRECTION('ref_axis',(1.,0.,0.));
#2053=DIRECTION('center_axis',(0.,0.,1.));
#2054=DIRECTION('ref_axis',(1.,0.,0.));
#2055=DIRECTION('',(0.,0.,-1.));
#2056=DIRECTION('center_axis',(0.,0.,1.));
#2057=DIRECTION('ref_axis',(1.,0.,0.));
#2058=DIRECTION('center_axis',(0.,0.,1.));
#2059=DIRECTION('ref_axis',(1.,0.,0.));
#2060=DIRECTION('center_axis',(0.,-1.,0.));
#2061=DIRECTION('ref_axis',(1.,0.,0.));
#2062=DIRECTION('',(1.,0.,0.));
#2063=DIRECTION('',(0.,0.,1.));
#2064=DIRECTION('center_axis',(-1.,0.,0.));
#2065=DIRECTION('ref_axis',(0.,-1.,0.));
#2066=DIRECTION('',(0.,0.,-1.));
#2067=DIRECTION('',(0.,-1.,0.));
#2068=DIRECTION('center_axis',(0.,0.,1.));
#2069=DIRECTION('ref_axis',(1.,0.,0.));
#2070=DIRECTION('',(1.,0.,0.));
#2071=DIRECTION('center_axis',(0.,0.,1.));
#2072=DIRECTION('ref_axis',(1.,0.,0.));
#2073=DIRECTION('center_axis',(0.,0.,1.));
#2074=DIRECTION('ref_axis',(-2.22044604925031E-16,1.,0.));
#2075=DIRECTION('',(0.,1.,0.));
#2076=DIRECTION('center_axis',(0.,1.,0.));
#2077=DIRECTION('ref_axis',(-1.,0.,0.));
#2078=DIRECTION('',(-1.,0.,0.));
#2079=DIRECTION('',(0.,0.,1.));
#2080=DIRECTION('',(0.,0.,1.));
#2081=DIRECTION('center_axis',(1.,0.,0.));
#2082=DIRECTION('ref_axis',(0.,1.,0.));
#2083=DIRECTION('',(0.,1.,0.));
#2084=DIRECTION('',(0.,0.,1.));
#2085=DIRECTION('center_axis',(0.,-1.,0.));
#2086=DIRECTION('ref_axis',(1.,0.,0.));
#2087=DIRECTION('',(1.,0.,0.));
#2088=DIRECTION('',(0.,0.,1.));
#2089=DIRECTION('center_axis',(-1.,0.,0.));
#2090=DIRECTION('ref_axis',(0.,-1.,0.));
#2091=DIRECTION('',(0.,-1.,0.));
#2092=DIRECTION('center_axis',(0.,0.,1.));
#2093=DIRECTION('ref_axis',(1.,0.,0.));
#2094=DIRECTION('center_axis',(1.,0.,0.));
#2095=DIRECTION('ref_axis',(0.,1.,0.));
#2096=DIRECTION('',(0.,-1.,0.));
#2097=DIRECTION('',(0.,0.,1.));
#2098=DIRECTION('',(0.,0.,1.));
#2099=DIRECTION('',(0.,1.,0.));
#2100=DIRECTION('',(0.,0.,1.));
#2101=DIRECTION('center_axis',(0.,0.,1.));
#2102=DIRECTION('ref_axis',(1.,0.,0.));
#2103=DIRECTION('',(-1.,-2.22044604925031E-16,0.));
#2104=DIRECTION('',(1.,0.,0.));
#2105=DIRECTION('',(0.,-1.,0.));
#2106=DIRECTION('center_axis',(0.,1.,0.));
#2107=DIRECTION('ref_axis',(-1.,0.,0.));
#2108=DIRECTION('',(1.,0.,0.));
#2109=DIRECTION('',(0.,0.,1.));
#2110=DIRECTION('center_axis',(0.,-1.,0.));
#2111=DIRECTION('ref_axis',(1.,0.,0.));
#2112=DIRECTION('',(0.,0.,1.));
#2113=DIRECTION('center_axis',(-1.,0.,0.));
#2114=DIRECTION('ref_axis',(0.,-1.,0.));
#2115=DIRECTION('',(0.,1.,0.));
#2116=DIRECTION('',(0.,0.,-1.));
#2117=DIRECTION('center_axis',(2.22044604925031E-16,-1.,0.));
#2118=DIRECTION('ref_axis',(1.,2.22044604925031E-16,0.));
#2119=DIRECTION('',(1.,2.22044604925031E-16,0.));
#2120=DIRECTION('',(0.,0.,1.));
#2121=DIRECTION('',(-1.,-2.22044604925031E-16,0.));
#2122=DIRECTION('',(0.,0.,1.));
#2123=DIRECTION('',(1.,2.22044604925031E-16,0.));
#2124=DIRECTION('center_axis',(0.,0.,1.));
#2125=DIRECTION('ref_axis',(-2.22044604925031E-16,1.,0.));
#2126=DIRECTION('',(0.,0.,1.));
#2127=DIRECTION('center_axis',(0.,0.,-1.));
#2128=DIRECTION('ref_axis',(-2.22044604925031E-16,1.,0.));
#2129=DIRECTION('center_axis',(-2.22044604925031E-16,1.,0.));
#2130=DIRECTION('ref_axis',(-1.,-2.22044604925031E-16,0.));
#2131=DIRECTION('',(-1.,-2.22044604925031E-16,0.));
#2132=DIRECTION('',(0.,0.,1.));
#2133=DIRECTION('',(1.,2.22044604925031E-16,0.));
#2134=DIRECTION('',(0.,0.,1.));
#2135=DIRECTION('center_axis',(1.,2.22044604925031E-16,0.));
#2136=DIRECTION('ref_axis',(-2.22044604925031E-16,1.,0.));
#2137=DIRECTION('',(-1.38710165032846E-16,0.624695047554425,-0.78086880944303));
#2138=DIRECTION('',(-2.22044604925031E-16,1.,0.));
#2139=DIRECTION('',(-1.38710165032846E-16,0.624695047554425,0.78086880944303));
#2140=DIRECTION('',(0.,0.,1.));
#2141=DIRECTION('',(2.22044604925031E-16,-1.,0.));
#2142=DIRECTION('center_axis',(2.22044604925031E-16,-1.,0.));
#2143=DIRECTION('ref_axis',(1.,2.22044604925031E-16,0.));
#2144=DIRECTION('',(1.,2.22044604925031E-16,0.));
#2145=DIRECTION('',(0.,0.,1.));
#2146=DIRECTION('',(-1.,-2.22044604925031E-16,0.));
#2147=DIRECTION('center_axis',(6.99387906287907E-32,-2.46933570586929E-30,
1.));
#2148=DIRECTION('ref_axis',(-2.22044604925031E-16,1.,2.46933570586929E-30));
#2149=DIRECTION('',(2.22044604925031E-16,-1.,0.));
#2150=DIRECTION('',(-2.22044604925031E-16,1.,0.));
#2151=DIRECTION('',(-1.,-2.22044604925031E-16,6.99387906287901E-32));
#2152=DIRECTION('',(-2.22044604925031E-16,1.,1.57778123876112E-30));
#2153=DIRECTION('',(1.,2.22044604925031E-16,-6.99387906287901E-32));
#2154=DIRECTION('',(-2.22044604925031E-16,1.,0.));
#2155=DIRECTION('',(-1.,-2.22044604925031E-16,0.));
#2156=DIRECTION('',(1.,2.22044604925031E-16,0.));
#2157=DIRECTION('',(-2.22044604925031E-16,1.,0.));
#2158=DIRECTION('',(-1.,-2.22044604925031E-16,6.99387906287901E-32));
#2159=DIRECTION('',(-2.22044604925031E-16,1.,2.46933570586929E-30));
#2160=DIRECTION('',(1.,2.22044604925031E-16,-6.99387906287901E-32));
#2161=DIRECTION('',(-2.22044604925031E-16,1.,0.));
#2162=DIRECTION('',(-1.,-2.22044604925031E-16,0.));
#2163=DIRECTION('center_axis',(1.73387706291057E-16,-0.78086880944303,-0.624695047554425));
#2164=DIRECTION('ref_axis',(1.38710165032846E-16,-0.624695047554425,0.78086880944303));
#2165=DIRECTION('',(1.38710165032846E-16,-0.624695047554425,0.78086880944303));
#2166=DIRECTION('',(-1.,-2.22044604925031E-16,0.));
#2167=DIRECTION('',(1.38710165032846E-16,-0.624695047554425,0.78086880944303));
#2168=DIRECTION('',(1.,2.22044604925031E-16,0.));
#2169=DIRECTION('',(1.38710165032846E-16,-0.624695047554425,0.78086880944303));
#2170=DIRECTION('',(-1.,-2.22044604925045E-16,1.77765308365099E-29));
#2171=DIRECTION('',(1.38710165032846E-16,-0.624695047554425,0.78086880944303));
#2172=DIRECTION('',(1.,2.22044604925076E-16,-5.5810678373527E-29));
#2173=DIRECTION('',(9.9814680006574E-15,0.624695047554425,-0.78086880944303));
#2174=DIRECTION('center_axis',(0.,0.,1.));
#2175=DIRECTION('ref_axis',(-2.22044604925031E-16,1.,0.));
#2176=DIRECTION('',(2.22044604925031E-16,-1.,0.));
#2177=DIRECTION('',(1.,2.22044604925031E-16,0.));
#2178=DIRECTION('',(-2.22044604925031E-16,1.,0.));
#2179=DIRECTION('',(1.,2.22044604925031E-16,0.));
#2180=DIRECTION('',(-2.22044604925031E-16,1.,0.));
#2181=DIRECTION('',(-2.22044604925031E-16,1.,0.));
#2182=DIRECTION('',(2.22044604925031E-16,-1.,0.));
#2183=DIRECTION('center_axis',(-1.73387706291057E-16,0.78086880944303,-0.624695047554425));
#2184=DIRECTION('ref_axis',(1.38710165032846E-16,-0.624695047554425,-0.78086880944303));
#2185=DIRECTION('',(-1.38710165032846E-16,0.624695047554425,0.78086880944303));
#2186=DIRECTION('',(-1.,-2.22044604925031E-16,0.));
#2187=DIRECTION('',(1.38710165032846E-16,-0.624695047554425,-0.78086880944303));
#2188=DIRECTION('',(-1.38710165032846E-16,0.624695047554425,0.78086880944303));
#2189=DIRECTION('',(1.,2.22044604925017E-16,-1.77765308365099E-29));
#2190=DIRECTION('',(-1.02588883307231E-14,0.624695047554425,0.78086880944303));
#2191=DIRECTION('',(-1.,-2.22044604924987E-16,5.5810678373527E-29));
#2192=DIRECTION('',(1.38710165032846E-16,-0.624695047554425,-0.78086880944303));
#2193=DIRECTION('center_axis',(-1.,-2.22044604925031E-16,0.));
#2194=DIRECTION('ref_axis',(0.,0.,1.));
#2195=DIRECTION('',(2.22044604925031E-16,-1.,0.));
#2196=DIRECTION('',(1.38710165032846E-16,-0.624695047554425,0.78086880944303));
#2197=DIRECTION('',(2.22044604925031E-16,-1.,0.));
#2198=DIRECTION('center_axis',(1.77765308365101E-29,-1.25875801340776E-27,
1.));
#2199=DIRECTION('ref_axis',(-2.22044604925031E-16,1.,1.25875801340776E-27));
#2200=DIRECTION('',(0.998421713112782,0.0561612213625944,0.));
#2201=DIRECTION('',(1.,2.22044604925031E-16,0.));
#2202=DIRECTION('center_axis',(5.58106783735279E-29,-4.00948378561401E-27,
1.));
#2203=DIRECTION('ref_axis',(-2.22044604925031E-16,1.,4.00948378561401E-27));
#2204=DIRECTION('',(1.,2.22044604925031E-16,0.));
#2205=DIRECTION('',(0.998421713112782,0.0561612213625947,0.));
#2206=DIRECTION('center_axis',(1.73387706291057E-16,-0.78086880944303,-0.624695047554425));
#2207=DIRECTION('ref_axis',(1.38710165032846E-16,-0.624695047554425,0.78086880944303));
#2208=DIRECTION('',(1.38710165032846E-16,-0.624695047554425,0.78086880944303));
#2209=DIRECTION('center_axis',(0.0438815604408655,-0.780116630059826,-0.624093304047861));
#2210=DIRECTION('ref_axis',(1.38710165032846E-16,-0.624695047554424,0.78086880944303));
#2211=DIRECTION('center_axis',(0.,0.,1.));
#2212=DIRECTION('ref_axis',(-2.22044604925031E-16,1.,0.));
#2213=DIRECTION('',(2.22044604925031E-16,-1.,0.));
#2214=DIRECTION('',(-1.,-2.22044604925031E-16,0.));
#2215=DIRECTION('',(-2.22044604925031E-16,1.,0.));
#2216=DIRECTION('center_axis',(1.,2.22044604925031E-16,0.));
#2217=DIRECTION('ref_axis',(-2.22044604925031E-16,1.,0.));
#2218=DIRECTION('',(0.,0.,1.));
#2219=DIRECTION('center_axis',(1.,2.22044604925031E-16,0.));
#2220=DIRECTION('ref_axis',(-2.22044604925031E-16,1.,0.));
#2221=DIRECTION('',(2.22044604925031E-16,-1.,0.));
#2222=DIRECTION('',(0.,0.,-1.));
#2223=DIRECTION('',(2.22044604925031E-16,-1.,0.));
#2224=DIRECTION('',(0.,0.,1.));
#2225=DIRECTION('',(-2.22044604925031E-16,1.,0.));
#2226=DIRECTION('',(0.,0.,1.));
#2227=DIRECTION('',(0.,0.,1.));
#2228=DIRECTION('',(-2.22044604925031E-16,1.,0.));
#2229=DIRECTION('',(0.,0.,1.));
#2230=DIRECTION('',(0.,0.,-1.));
#2231=DIRECTION('center_axis',(2.22044604925031E-16,-1.,0.));
#2232=DIRECTION('ref_axis',(1.,2.22044604925031E-16,0.));
#2233=DIRECTION('',(0.,0.,1.));
#2234=DIRECTION('center_axis',(-1.,-2.22044604925031E-16,0.));
#2235=DIRECTION('ref_axis',(2.22044604925031E-16,-1.,0.));
#2236=DIRECTION('',(2.22044604925031E-16,-1.,0.));
#2237=DIRECTION('',(0.,0.,1.));
#2238=DIRECTION('center_axis',(-2.22044604925031E-16,1.,0.));
#2239=DIRECTION('ref_axis',(-1.,-2.22044604925031E-16,0.));
#2240=DIRECTION('',(-1.,-2.22044604925031E-16,0.));
#2241=DIRECTION('center_axis',(0.,0.,1.));
#2242=DIRECTION('ref_axis',(-2.22044604925031E-16,1.,0.));
#2243=DIRECTION('center_axis',(-6.82372667691346E-46,3.18357877491337E-30,
1.));
#2244=DIRECTION('ref_axis',(-2.22044604925031E-16,1.,-3.18357877491337E-30));
#2245=DIRECTION('',(-0.707106781186548,-0.707106781186547,0.));
#2246=DIRECTION('',(2.22044604925031E-16,-1.,0.));
#2247=DIRECTION('',(-1.,-2.22044604925031E-16,0.));
#2248=DIRECTION('center_axis',(-6.82372667691346E-46,3.18357877491337E-30,
1.));
#2249=DIRECTION('ref_axis',(-2.22044604925031E-16,1.,-3.18357877491337E-30));
#2250=DIRECTION('',(-0.707106781186548,0.707106781186547,0.));
#2251=DIRECTION('',(-1.,-2.22044604925031E-16,0.));
#2252=DIRECTION('center_axis',(-0.0438815604408652,-0.780116630059826,0.624093304047861));
#2253=DIRECTION('ref_axis',(-1.38710165032846E-16,0.624695047554424,0.78086880944303));
#2254=DIRECTION('',(0.998421713112782,-0.0561612213625939,0.));
#2255=DIRECTION('',(-1.38710165032846E-16,0.624695047554425,0.78086880944303));
#2256=DIRECTION('',(0.998421713112782,-0.0561612213625942,0.));
#2257=DIRECTION('center_axis',(1.77765308365096E-29,1.25875801340776E-27,
1.));
#2258=DIRECTION('ref_axis',(-2.22044604925031E-16,1.,-1.25875801340776E-27));
#2259=DIRECTION('',(-2.22044604925031E-16,1.,0.));
#2260=DIRECTION('',(1.,2.22044604925031E-16,0.));
#2261=DIRECTION('center_axis',(5.58106783735261E-29,4.00948378561401E-27,
1.));
#2262=DIRECTION('ref_axis',(-2.22044604925031E-16,1.,-4.00948378561401E-27));
#2263=DIRECTION('',(1.,2.22044604925031E-16,0.));
#2264=DIRECTION('',(-2.22044604925031E-16,1.,0.));
#2265=DIRECTION('center_axis',(1.,2.22044604925031E-16,0.));
#2266=DIRECTION('ref_axis',(0.,0.,-1.));
#2267=DIRECTION('',(-1.38710165032846E-16,0.624695047554425,0.78086880944303));
#2268=DIRECTION('center_axis',(1.73387706291057E-16,-0.78086880944303,0.624695047554425));
#2269=DIRECTION('ref_axis',(-1.38710165032846E-16,0.624695047554425,0.78086880944303));
#2270=DIRECTION('center_axis',(-2.22044604925031E-16,1.,0.));
#2271=DIRECTION('ref_axis',(-1.,-2.22044604925031E-16,0.));
#2272=DIRECTION('',(0.,0.,1.));
#2273=DIRECTION('',(-1.,-2.22044604925031E-16,0.));
#2274=DIRECTION('center_axis',(0.,0.,1.));
#2275=DIRECTION('ref_axis',(-2.22044604925031E-16,1.,0.));
#2276=DIRECTION('',(-2.22044604925031E-16,1.,0.));
#2277=DIRECTION('',(1.,2.22044604925031E-16,0.));
#2278=DIRECTION('',(2.22044604925031E-16,-1.,0.));
#2279=DIRECTION('center_axis',(-2.22044604925031E-16,1.,0.));
#2280=DIRECTION('ref_axis',(-1.,-2.22044604925031E-16,0.));
#2281=DIRECTION('',(0.,0.,-1.));
#2282=DIRECTION('',(0.,0.,1.));
#2283=DIRECTION('center_axis',(1.,2.22044604925031E-16,0.));
#2284=DIRECTION('ref_axis',(-2.22044604925031E-16,1.,0.));
#2285=DIRECTION('center_axis',(2.22044604925031E-16,-1.,0.));
#2286=DIRECTION('ref_axis',(1.,2.22044604925031E-16,0.));
#2287=DIRECTION('',(1.,2.22044604925031E-16,0.));
#2288=DIRECTION('',(0.,0.,1.));
#2289=DIRECTION('center_axis',(-1.,-2.22044604925031E-16,0.));
#2290=DIRECTION('ref_axis',(2.22044604925031E-16,-1.,0.));
#2291=DIRECTION('',(2.22044604925031E-16,-1.,0.));
#2292=DIRECTION('center_axis',(0.,0.,1.));
#2293=DIRECTION('ref_axis',(-2.22044604925031E-16,1.,0.));
#2294=DIRECTION('center_axis',(-1.10502616090281E-45,5.11460196625427E-30,
1.));
#2295=DIRECTION('ref_axis',(-2.22044604925031E-16,1.,-5.11460196625427E-30));
#2296=DIRECTION('',(0.707106781186548,0.707106781186547,0.));
#2297=DIRECTION('center_axis',(-1.10502616090281E-45,5.11460196625427E-30,
1.));
#2298=DIRECTION('ref_axis',(-2.22044604925031E-16,1.,-5.11460196625427E-30));
#2299=DIRECTION('',(0.707106781186548,-0.707106781186547,0.));
#2300=DIRECTION('',(2.22044604925031E-16,-1.,0.));
#2301=DIRECTION('center_axis',(-0.707106781186547,-0.707106781186548,0.));
#2302=DIRECTION('ref_axis',(0.707106781186548,-0.707106781186547,0.));
#2303=DIRECTION('',(0.,0.,1.));
#2304=DIRECTION('center_axis',(-1.,-2.22044604925031E-16,0.));
#2305=DIRECTION('ref_axis',(2.22044604925031E-16,-1.,0.));
#2306=DIRECTION('',(0.,0.,1.));
#2307=DIRECTION('',(0.,0.,1.));
#2308=DIRECTION('center_axis',(-0.707106781186547,0.707106781186548,0.));
#2309=DIRECTION('ref_axis',(-0.707106781186548,-0.707106781186547,0.));
#2310=DIRECTION('',(0.,0.,1.));
#2311=DIRECTION('center_axis',(-2.22044604925031E-16,1.,0.));
#2312=DIRECTION('ref_axis',(-1.,-2.22044604925031E-16,0.));
#2313=DIRECTION('',(0.,0.,1.));
#2314=DIRECTION('center_axis',(0.707106781186547,0.707106781186548,0.));
#2315=DIRECTION('ref_axis',(-0.707106781186548,0.707106781186547,0.));
#2316=DIRECTION('center_axis',(0.707106781186547,-0.707106781186548,0.));
#2317=DIRECTION('ref_axis',(0.707106781186548,0.707106781186547,0.));
#2318=CARTESIAN_POINT('',(0.,0.,0.));
#2319=CARTESIAN_POINT('Origin',(10.5,0.,-2.1));
#2320=CARTESIAN_POINT('',(10.5,25.95,-2.1));
#2321=CARTESIAN_POINT('',(10.5,25.95,0.));
#2322=CARTESIAN_POINT('',(10.5,25.95,-2.105));
#2323=CARTESIAN_POINT('',(10.5,0.,0.));
#2324=CARTESIAN_POINT('',(10.5,10.,0.));
#2325=CARTESIAN_POINT('',(10.5,0.,-2.1));
#2326=CARTESIAN_POINT('',(10.5,0.,-2.1));
#2327=CARTESIAN_POINT('',(10.5,0.,-2.1));
#2328=CARTESIAN_POINT('Origin',(2.9,36.85,5.));
#2329=CARTESIAN_POINT('',(2.9,36.85,7.9));
#2330=CARTESIAN_POINT('Origin',(2.9,36.85,5.));
#2331=CARTESIAN_POINT('',(5.1,36.85,7.9));
#2332=CARTESIAN_POINT('',(2.9,36.85,7.9));
#2333=CARTESIAN_POINT('Origin',(5.1,36.85,5.));
#2334=CARTESIAN_POINT('Origin',(5.1,36.85,5.));
#2335=CARTESIAN_POINT('',(5.1,36.85,6.6));
#2336=CARTESIAN_POINT('Origin',(5.1,36.85,5.));
#2337=CARTESIAN_POINT('Origin',(2.9,36.85,5.));
#2338=CARTESIAN_POINT('Origin',(4.9,36.85,5.));
#2339=CARTESIAN_POINT('',(11.4,36.85,6.6));
#2340=CARTESIAN_POINT('Origin',(11.4,36.85,5.));
#2341=CARTESIAN_POINT('',(22.,36.85,6.6));
#2342=CARTESIAN_POINT('',(4.9,36.85,6.6));
#2343=CARTESIAN_POINT('Origin',(22.,36.85,5.));
#2344=CARTESIAN_POINT('Origin',(4.9,36.85,5.));
#2345=CARTESIAN_POINT('',(8.7,36.85,6.6));
#2346=CARTESIAN_POINT('',(4.9,36.85,6.6));
#2347=CARTESIAN_POINT('Origin',(8.7,36.85,5.));
#2348=CARTESIAN_POINT('Origin',(8.35,36.85,1.3));
#2349=CARTESIAN_POINT('',(8.7,32.85,1.3));
#2350=CARTESIAN_POINT('',(8.7,40.85,1.3));
#2351=CARTESIAN_POINT('',(8.7,34.85,1.3));
#2352=CARTESIAN_POINT('',(7.8,32.85,1.3));
#2353=CARTESIAN_POINT('',(6.675,32.85,1.3));
#2354=CARTESIAN_POINT('',(7.8,40.85,1.3));
#2355=CARTESIAN_POINT('',(7.8,40.85,1.3));
#2356=CARTESIAN_POINT('',(8.525,40.85,1.3));
#2357=CARTESIAN_POINT('Origin',(8.7,40.85,0.));
#2358=CARTESIAN_POINT('',(7.8,40.85,7.2));
#2359=CARTESIAN_POINT('',(7.8,40.85,0.));
#2360=CARTESIAN_POINT('',(8.7,40.85,7.2));
#2361=CARTESIAN_POINT('',(8.7,40.85,7.2));
#2362=CARTESIAN_POINT('',(8.7,40.85,0.));
#2363=CARTESIAN_POINT('Origin',(0.,20.,0.));
#2364=CARTESIAN_POINT('',(8.9,-8.,0.));
#2365=CARTESIAN_POINT('',(8.9,-7.5,0.));
#2366=CARTESIAN_POINT('',(8.9,-6.075,0.));
#2367=CARTESIAN_POINT('',(7.8,-7.5,0.));
#2368=CARTESIAN_POINT('',(4.45,-7.5,0.));
#2369=CARTESIAN_POINT('',(7.8,-32.15,0.));
#2370=CARTESIAN_POINT('',(7.8,6.25,0.));
#2371=CARTESIAN_POINT('',(5.,-32.15,0.));
#2372=CARTESIAN_POINT('',(5.,-32.15,0.));
#2373=CARTESIAN_POINT('',(5.,-8.,0.));
#2374=CARTESIAN_POINT('',(5.,-7.5,0.));
#2375=CARTESIAN_POINT('',(-20.,-8.,0.));
#2376=CARTESIAN_POINT('',(-20.,-8.,0.));
#2377=CARTESIAN_POINT('',(-22.,-6.00000000000001,0.));
#2378=CARTESIAN_POINT('',(-22.,-6.00000000000001,0.));
#2379=CARTESIAN_POINT('',(-22.,46.,0.));
#2380=CARTESIAN_POINT('',(-22.,46.,0.));
#2381=CARTESIAN_POINT('',(-20.,48.,0.));
#2382=CARTESIAN_POINT('',(-20.,48.,0.));
#2383=CARTESIAN_POINT('',(20.,48.,0.));
#2384=CARTESIAN_POINT('',(20.,48.,0.));
#2385=CARTESIAN_POINT('',(22.,46.,0.));
#2386=CARTESIAN_POINT('',(22.,46.,0.));
#2387=CARTESIAN_POINT('',(22.,-6.,0.));
#2388=CARTESIAN_POINT('',(22.,-6.,0.));
#2389=CARTESIAN_POINT('',(20.,-7.99999999999999,0.));
#2390=CARTESIAN_POINT('',(20.,-7.99999999999999,0.));
#2391=CARTESIAN_POINT('',(-20.,-8.,0.));
#2392=CARTESIAN_POINT('',(-6.3,24.0693979898752,0.));
#2393=CARTESIAN_POINT('',(-6.3,40.,0.));
#2394=CARTESIAN_POINT('',(-6.3,10.,0.));
#2395=CARTESIAN_POINT('',(-8.5,40.,0.));
#2396=CARTESIAN_POINT('',(-3.15,40.,0.));
#2397=CARTESIAN_POINT('',(-8.5,0.,0.));
#2398=CARTESIAN_POINT('',(-8.5,30.,0.));
#2399=CARTESIAN_POINT('',(-6.3,0.,0.));
#2400=CARTESIAN_POINT('',(-4.25,0.,0.));
#2401=CARTESIAN_POINT('',(-6.3,15.9306020101248,0.));
#2402=CARTESIAN_POINT('',(-6.3,10.,0.));
#2403=CARTESIAN_POINT('',(2.58381963629825E-15,12.5,0.));
#2404=CARTESIAN_POINT('Origin',(0.,20.,0.));
#2405=CARTESIAN_POINT('Origin',(0.,20.,0.));
#2406=CARTESIAN_POINT('',(7.8,41.05,0.));
#2407=CARTESIAN_POINT('',(7.8,25.95,0.));
#2408=CARTESIAN_POINT('',(7.8,30.525,0.));
#2409=CARTESIAN_POINT('',(8.3,25.95,0.));
#2410=CARTESIAN_POINT('',(3.9,25.95,0.));
#2411=CARTESIAN_POINT('',(8.3,0.,0.));
#2412=CARTESIAN_POINT('',(8.3,30.,0.));
#2413=CARTESIAN_POINT('',(4.15,0.,0.));
#2414=CARTESIAN_POINT('',(11.4,25.95,0.));
#2415=CARTESIAN_POINT('',(3.9,25.95,0.));
#2416=CARTESIAN_POINT('',(11.4,41.05,0.));
#2417=CARTESIAN_POINT('',(11.4,22.975,0.));
#2418=CARTESIAN_POINT('',(5.7,41.05,0.));
#2419=CARTESIAN_POINT('',(-1.1,-4.,0.));
#2420=CARTESIAN_POINT('Origin',(0.,-4.,0.));
#2421=CARTESIAN_POINT('',(-1.1,4.,0.));
#2422=CARTESIAN_POINT('Origin',(0.,4.,0.));
#2423=CARTESIAN_POINT('',(-1.1,10.,0.));
#2424=CARTESIAN_POINT('Origin',(0.,10.,0.));
#2425=CARTESIAN_POINT('',(-1.1,32.,0.));
#2426=CARTESIAN_POINT('Origin',(0.,32.,0.));
#2427=CARTESIAN_POINT('Origin',(6.85,36.85,7.2));
#2428=CARTESIAN_POINT('',(7.8,32.85,7.2));
#2429=CARTESIAN_POINT('',(7.8,38.95,7.2));
#2430=CARTESIAN_POINT('',(8.7,32.85,7.2));
#2431=CARTESIAN_POINT('',(5.,32.85,7.2));
#2432=CARTESIAN_POINT('',(8.7,32.85,7.2));
#2433=CARTESIAN_POINT('Origin',(5.,32.85,0.));
#2434=CARTESIAN_POINT('',(8.7,32.85,0.));
#2435=CARTESIAN_POINT('',(7.8,32.85,0.));
#2436=CARTESIAN_POINT('Origin',(8.7,32.85,0.));
#2437=CARTESIAN_POINT('Origin',(5.1,-28.15,5.));
#2438=CARTESIAN_POINT('',(5.1,-26.2605556372309,7.2));
#2439=CARTESIAN_POINT('',(5.1,-30.0394443627691,7.2));
#2440=CARTESIAN_POINT('',(5.1,-23.9875,7.2));
#2441=CARTESIAN_POINT('Origin',(5.1,-28.15,5.));
#2442=CARTESIAN_POINT('',(5.1,-28.15,6.6));
#2443=CARTESIAN_POINT('Origin',(5.1,-28.15,5.));
#2444=CARTESIAN_POINT('Origin',(2.9,-28.15,5.));
#2445=CARTESIAN_POINT('',(5.,-26.2605556372309,7.2));
#2446=CARTESIAN_POINT('',(2.9,-26.2605556372309,7.2));
#2447=CARTESIAN_POINT('',(5.,-30.0394443627691,7.2));
#2448=CARTESIAN_POINT('Origin',(5.,-28.15,5.));
#2449=CARTESIAN_POINT('',(2.9,-30.0394443627691,7.2));
#2450=CARTESIAN_POINT('Origin',(6.85,-19.825,7.2));
#2451=CARTESIAN_POINT('',(5.,-32.15,7.2));
#2452=CARTESIAN_POINT('',(5.,-7.5,7.2));
#2453=CARTESIAN_POINT('',(8.7,-32.15,7.2));
#2454=CARTESIAN_POINT('',(5.,-32.15,7.2));
#2455=CARTESIAN_POINT('',(8.7,-8.,7.2));
#2456=CARTESIAN_POINT('',(8.7,-32.15,7.2));
#2457=CARTESIAN_POINT('',(5.,-8.,7.2));
#2458=CARTESIAN_POINT('',(-6.575,-8.,7.2));
#2459=CARTESIAN_POINT('',(5.,-7.5,7.2));
#2460=CARTESIAN_POINT('Origin',(4.9,-28.15,5.));
#2461=CARTESIAN_POINT('',(8.7,-28.15,6.6));
#2462=CARTESIAN_POINT('',(4.9,-28.15,6.6));
#2463=CARTESIAN_POINT('Origin',(8.7,-28.15,5.));
#2464=CARTESIAN_POINT('Origin',(8.9,-7.5,0.));
#2465=CARTESIAN_POINT('',(8.9,-7.5,1.3));
#2466=CARTESIAN_POINT('',(8.9,-7.5,0.));
#2467=CARTESIAN_POINT('',(7.8,-7.5,1.3));
#2468=CARTESIAN_POINT('',(8.9,-7.5,1.3));
#2469=CARTESIAN_POINT('',(7.8,-7.5,0.));
#2470=CARTESIAN_POINT('Origin',(8.9,-32.15,0.));
#2471=CARTESIAN_POINT('',(8.9,-8.,1.3));
#2472=CARTESIAN_POINT('',(8.9,-8.,0.));
#2473=CARTESIAN_POINT('',(8.9,-32.15,1.3));
#2474=CARTESIAN_POINT('Origin',(7.8,-7.5,0.));
#2475=CARTESIAN_POINT('',(7.8,-32.15,1.3));
#2476=CARTESIAN_POINT('',(7.8,-7.5,1.3));
#2477=CARTESIAN_POINT('',(7.8,-32.15,0.));
#2478=CARTESIAN_POINT('Origin',(8.35,-19.825,1.3));
#2479=CARTESIAN_POINT('',(8.7,-8.,1.3));
#2480=CARTESIAN_POINT('',(-5.825,-8.,1.3));
#2481=CARTESIAN_POINT('',(8.7,-32.15,1.3));
#2482=CARTESIAN_POINT('',(8.7,-25.9875,1.3));
#2483=CARTESIAN_POINT('',(6.675,-32.15,1.3));
#2484=CARTESIAN_POINT('Origin',(5.,-32.15,0.));
#2485=CARTESIAN_POINT('',(8.7,-32.15,0.));
#2486=CARTESIAN_POINT('',(5.,-32.15,0.));
#2487=CARTESIAN_POINT('Origin',(5.,-7.5,0.));
#2488=CARTESIAN_POINT('',(5.,-8.,0.));
#2489=CARTESIAN_POINT('Origin',(8.7,-32.15,0.));
#2490=CARTESIAN_POINT('',(8.7,-8.,0.));
#2491=CARTESIAN_POINT('Origin',(-20.,-8.,0.));
#2492=CARTESIAN_POINT('',(20.,-7.99999999999999,12.));
#2493=CARTESIAN_POINT('',(20.,-7.99999999999999,0.));
#2494=CARTESIAN_POINT('',(22.,-7.99999999999999,12.));
#2495=CARTESIAN_POINT('',(-22.,-8.,12.));
#2496=CARTESIAN_POINT('',(22.,-7.99999999999999,17.2));
#2497=CARTESIAN_POINT('',(22.,-7.99999999999999,12.));
#2498=CARTESIAN_POINT('',(-22.,-8.,17.2));
#2499=CARTESIAN_POINT('',(-22.,-8.,17.2));
#2500=CARTESIAN_POINT('',(-22.,-8.,12.));
#2501=CARTESIAN_POINT('',(-22.,-8.,12.));
#2502=CARTESIAN_POINT('',(-20.,-8.,12.));
#2503=CARTESIAN_POINT('',(-22.,-8.,12.));
#2504=CARTESIAN_POINT('',(-20.,-8.,0.));
#2505=CARTESIAN_POINT('Origin',(0.,32.,-5.5));
#2506=CARTESIAN_POINT('',(-1.1,32.,-5.5));
#2507=CARTESIAN_POINT('',(-1.1,32.,-5.5));
#2508=CARTESIAN_POINT('Origin',(0.,32.,-5.5));
#2509=CARTESIAN_POINT('Origin',(0.,32.,-5.5));
#2510=CARTESIAN_POINT('Origin',(0.,10.,-5.5));
#2511=CARTESIAN_POINT('',(-1.1,10.,-5.5));
#2512=CARTESIAN_POINT('',(-1.1,10.,-5.5));
#2513=CARTESIAN_POINT('Origin',(0.,10.,-5.5));
#2514=CARTESIAN_POINT('Origin',(0.,10.,-5.5));
#2515=CARTESIAN_POINT('Origin',(0.,4.,-5.5));
#2516=CARTESIAN_POINT('',(-1.1,4.,-5.5));
#2517=CARTESIAN_POINT('',(-1.1,4.,-5.5));
#2518=CARTESIAN_POINT('Origin',(0.,4.,-5.5));
#2519=CARTESIAN_POINT('Origin',(0.,4.,-5.5));
#2520=CARTESIAN_POINT('Origin',(0.,-4.,-5.5));
#2521=CARTESIAN_POINT('',(-1.1,-4.,-5.5));
#2522=CARTESIAN_POINT('',(-1.1,-4.,-5.5));
#2523=CARTESIAN_POINT('Origin',(0.,-4.,-5.5));
#2524=CARTESIAN_POINT('Origin',(0.,-4.,-5.5));
#2525=CARTESIAN_POINT('Origin',(8.3,0.,-2.1));
#2526=CARTESIAN_POINT('',(8.3,0.,-2.1));
#2527=CARTESIAN_POINT('',(8.3,0.,-2.1));
#2528=CARTESIAN_POINT('',(8.3,0.,-2.1));
#2529=CARTESIAN_POINT('Origin',(8.3,40.,-2.1));
#2530=CARTESIAN_POINT('',(8.3,25.95,-2.1));
#2531=CARTESIAN_POINT('',(8.3,25.95,-2.105));
#2532=CARTESIAN_POINT('',(8.3,40.,-2.1));
#2533=CARTESIAN_POINT('Origin',(9.4,20.,-2.1));
#2534=CARTESIAN_POINT('',(8.845,25.95,-2.1));
#2535=CARTESIAN_POINT('Origin',(-7.4,20.,0.));
#2536=CARTESIAN_POINT('Origin',(0.,20.,0.));
#2537=CARTESIAN_POINT('',(-6.3,0.,0.));
#2538=CARTESIAN_POINT('Origin',(-6.3,40.,-2.1));
#2539=CARTESIAN_POINT('',(-6.3,40.,-2.1));
#2540=CARTESIAN_POINT('',(-8.5,40.,-2.1));
#2541=CARTESIAN_POINT('',(-6.3,40.,-2.1));
#2542=CARTESIAN_POINT('',(-8.5,40.,-2.1));
#2543=CARTESIAN_POINT('',(-6.3,40.,-2.1));
#2544=CARTESIAN_POINT('Origin',(-6.3,0.,-2.1));
#2545=CARTESIAN_POINT('',(-6.3,0.,-2.1));
#2546=CARTESIAN_POINT('',(-6.3,0.,-2.1));
#2547=CARTESIAN_POINT('',(-6.3,0.,-2.1));
#2548=CARTESIAN_POINT('Origin',(-8.5,0.,-2.1));
#2549=CARTESIAN_POINT('',(-8.5,0.,-2.1));
#2550=CARTESIAN_POINT('',(-8.5,0.,-2.1));
#2551=CARTESIAN_POINT('',(-8.5,0.,-2.1));
#2552=CARTESIAN_POINT('Origin',(-8.5,40.,-2.1));
#2553=CARTESIAN_POINT('',(-8.5,40.,-2.1));
#2554=CARTESIAN_POINT('Origin',(-7.4,20.,-2.1));
#2555=CARTESIAN_POINT('Origin',(11.4,25.95,0.));
#2556=CARTESIAN_POINT('',(11.4,41.05,11.7));
#2557=CARTESIAN_POINT('',(11.4,35.,11.7));
#2558=CARTESIAN_POINT('',(11.4,34.45,11.7));
#2559=CARTESIAN_POINT('',(11.4,41.05,0.));
#2560=CARTESIAN_POINT('',(11.4,25.95,11.9));
#2561=CARTESIAN_POINT('',(11.4,25.95,0.));
#2562=CARTESIAN_POINT('',(11.4,35.,11.9));
#2563=CARTESIAN_POINT('',(11.4,25.95,11.9));
#2564=CARTESIAN_POINT('',(11.4,35.,5.85));
#2565=CARTESIAN_POINT('Origin',(9.6,33.5,11.9));
#2566=CARTESIAN_POINT('',(7.8,35.,11.9));
#2567=CARTESIAN_POINT('',(-1.7,35.,11.9));
#2568=CARTESIAN_POINT('',(7.8,25.95,11.9));
#2569=CARTESIAN_POINT('',(7.8,25.95,11.9));
#2570=CARTESIAN_POINT('',(7.8,41.05,11.9));
#2571=CARTESIAN_POINT('Origin',(11.4,41.05,0.));
#2572=CARTESIAN_POINT('',(7.8,41.05,11.7));
#2573=CARTESIAN_POINT('',(7.95,41.05,11.7));
#2574=CARTESIAN_POINT('',(7.8,41.05,0.));
#2575=CARTESIAN_POINT('Origin',(7.8,25.95,0.));
#2576=CARTESIAN_POINT('',(7.8,25.95,0.));
#2577=CARTESIAN_POINT('Origin',(7.8,41.05,0.));
#2578=CARTESIAN_POINT('',(7.8,35.,11.7));
#2579=CARTESIAN_POINT('',(7.8,42.,11.7));
#2580=CARTESIAN_POINT('',(7.8,35.,5.85));
#2581=CARTESIAN_POINT('Origin',(-13.,35.,11.7));
#2582=CARTESIAN_POINT('',(-13.,35.,11.7));
#2583=CARTESIAN_POINT('',(-13.,35.,11.7));
#2584=CARTESIAN_POINT('',(-13.,35.,12.));
#2585=CARTESIAN_POINT('',(-13.,35.,11.7));
#2586=CARTESIAN_POINT('',(22.,35.,12.));
#2587=CARTESIAN_POINT('',(-6.5,35.,12.));
#2588=CARTESIAN_POINT('',(22.,35.,11.7));
#2589=CARTESIAN_POINT('',(22.,35.,5.85));
#2590=CARTESIAN_POINT('',(-13.,35.,11.7));
#2591=CARTESIAN_POINT('Origin',(0.,20.,0.));
#2592=CARTESIAN_POINT('',(2.58381963629825E-15,12.5,12.));
#2593=CARTESIAN_POINT('',(2.58381963629825E-15,12.5,0.));
#2594=CARTESIAN_POINT('Origin',(0.,20.,12.));
#2595=CARTESIAN_POINT('Origin',(-19.4,36.5,12.));
#2596=CARTESIAN_POINT('',(-19.4,36.5,16.9875));
#2597=CARTESIAN_POINT('',(-22.,36.5,16.9875));
#2598=CARTESIAN_POINT('',(-20.7,36.5,16.9875));
#2599=CARTESIAN_POINT('',(-19.4,36.5,12.));
#2600=CARTESIAN_POINT('',(-19.4,36.5,12.));
#2601=CARTESIAN_POINT('',(-22.,36.5,12.));
#2602=CARTESIAN_POINT('',(-9.7,36.5,12.));
#2603=CARTESIAN_POINT('',(-22.,36.5,12.));
#2604=CARTESIAN_POINT('Origin',(-19.4,3.5,12.));
#2605=CARTESIAN_POINT('',(-19.4,36.33,17.2));
#2606=CARTESIAN_POINT('',(-19.4,33.2724390243902,21.0219512195122));
#2607=CARTESIAN_POINT('',(-19.4,3.67,17.2));
#2608=CARTESIAN_POINT('',(-19.4,3.5,17.2));
#2609=CARTESIAN_POINT('',(-19.4,3.5,16.9875));
#2610=CARTESIAN_POINT('',(-19.4,0.288536585365851,12.9731707317073));
#2611=CARTESIAN_POINT('',(-19.4,3.5,12.));
#2612=CARTESIAN_POINT('',(-19.4,3.5,12.));
#2613=CARTESIAN_POINT('',(-19.4,11.75,12.));
#2614=CARTESIAN_POINT('Origin',(-22.,3.5,12.));
#2615=CARTESIAN_POINT('',(-22.,3.5,16.9875));
#2616=CARTESIAN_POINT('',(3.66373598126302E-15,3.5,16.9875));
#2617=CARTESIAN_POINT('',(-22.,3.5,12.));
#2618=CARTESIAN_POINT('',(-22.,3.5,12.));
#2619=CARTESIAN_POINT('',(-11.,3.5,12.));
#2620=CARTESIAN_POINT('Origin',(-4.92161866816332E-15,42.165,17.2));
#2621=CARTESIAN_POINT('',(-22.,48.,17.2));
#2622=CARTESIAN_POINT('',(-22.,48.,17.2));
#2623=CARTESIAN_POINT('',(22.,-3.39999999999999,17.2));
#2624=CARTESIAN_POINT('',(22.,-7.99999999999999,17.2));
#2625=CARTESIAN_POINT('',(-13.,-3.4,17.2));
#2626=CARTESIAN_POINT('',(-6.49999999999999,-3.4,17.2));
#2627=CARTESIAN_POINT('',(-13.,-2.5,17.2));
#2628=CARTESIAN_POINT('',(-13.,-2.3325,17.2));
#2629=CARTESIAN_POINT('',(22.,-2.5,17.2));
#2630=CARTESIAN_POINT('',(11.,-2.5,17.2));
#2631=CARTESIAN_POINT('',(22.,3.67000000000001,17.2));
#2632=CARTESIAN_POINT('',(22.,-7.99999999999999,17.2));
#2633=CARTESIAN_POINT('',(22.,3.67000000000001,17.2));
#2634=CARTESIAN_POINT('',(22.,36.33,17.2));
#2635=CARTESIAN_POINT('',(-22.,36.33,17.2));
#2636=CARTESIAN_POINT('',(22.,42.5,17.2));
#2637=CARTESIAN_POINT('',(22.,36.33,17.2));
#2638=CARTESIAN_POINT('',(-13.,42.5,17.2));
#2639=CARTESIAN_POINT('',(-6.5,42.5,17.2));
#2640=CARTESIAN_POINT('',(-13.,43.4,17.2));
#2641=CARTESIAN_POINT('',(-13.,42.7825,17.2));
#2642=CARTESIAN_POINT('',(22.,43.4,17.2));
#2643=CARTESIAN_POINT('',(11.,43.4,17.2));
#2644=CARTESIAN_POINT('',(22.,48.,17.2));
#2645=CARTESIAN_POINT('',(22.,36.33,17.2));
#2646=CARTESIAN_POINT('',(22.,48.,17.2));
#2647=CARTESIAN_POINT('Origin',(-22.,40.49,12.));
#2648=CARTESIAN_POINT('',(-22.,40.49,12.));
#2649=CARTESIAN_POINT('',(-22.,40.49,12.));
#2650=CARTESIAN_POINT('',(-13.,40.49,12.));
#2651=CARTESIAN_POINT('',(-11.,40.49,12.));
#2652=CARTESIAN_POINT('',(-13.,40.09,12.5));
#2653=CARTESIAN_POINT('',(-13.,40.9553658536585,11.4182926829268));
#2654=CARTESIAN_POINT('',(22.,40.09,12.5));
#2655=CARTESIAN_POINT('',(-8.75,40.09,12.5));
#2656=CARTESIAN_POINT('',(22.,40.49,12.));
#2657=CARTESIAN_POINT('',(4.22222222222221,40.01,12.6));
#2658=CARTESIAN_POINT('',(-11.,40.01,12.6));
#2659=CARTESIAN_POINT('',(-12.3043537822677,40.01,12.6));
#2660=CARTESIAN_POINT('',(-11.,36.65,16.8));
#2661=CARTESIAN_POINT('',(-11.,40.2890243902439,12.2512195121951));
#2662=CARTESIAN_POINT('',(4.22222222222218,36.65,16.8));
#2663=CARTESIAN_POINT('',(-12.3043537822677,36.65,16.8));
#2664=CARTESIAN_POINT('',(4.22222222222226,40.1817073170731,12.3853658536586));
#2665=CARTESIAN_POINT('Origin',(0.,20.,12.));
#2666=CARTESIAN_POINT('',(-22.,-0.490000000000004,12.));
#2667=CARTESIAN_POINT('',(-22.,46.,12.));
#2668=CARTESIAN_POINT('',(-13.,-0.490000000000004,12.));
#2669=CARTESIAN_POINT('',(11.,-0.489999999999995,12.));
#2670=CARTESIAN_POINT('',(-13.,5.,12.));
#2671=CARTESIAN_POINT('',(-13.,12.5,12.));
#2672=CARTESIAN_POINT('',(22.,5.,12.));
#2673=CARTESIAN_POINT('',(11.,5.,12.));
#2674=CARTESIAN_POINT('',(22.,-6.,12.));
#2675=CARTESIAN_POINT('',(-13.,31.25,12.));
#2676=CARTESIAN_POINT('',(-22.,46.,12.));
#2677=CARTESIAN_POINT('Origin',(22.,-0.489999999999995,12.));
#2678=CARTESIAN_POINT('',(22.,-0.0899999999999945,12.5));
#2679=CARTESIAN_POINT('',(22.,-0.489999999999995,12.));
#2680=CARTESIAN_POINT('',(-13.,-0.0900000000000034,12.5));
#2681=CARTESIAN_POINT('',(13.25,-0.0899999999999945,12.5));
#2682=CARTESIAN_POINT('',(-13.,0.508048780487804,13.2475609756098));
#2683=CARTESIAN_POINT('',(-22.,-0.490000000000004,12.));
#2684=CARTESIAN_POINT('',(-11.,-0.0100000000000033,12.6));
#2685=CARTESIAN_POINT('',(4.22222222222222,-0.0099999999999989,12.6));
#2686=CARTESIAN_POINT('',(9.6956462177323,-0.0099999999999989,12.6));
#2687=CARTESIAN_POINT('',(4.22222222222218,3.35,16.8));
#2688=CARTESIAN_POINT('',(4.22222222222223,-0.18170731707321,12.3853658536585));
#2689=CARTESIAN_POINT('',(-11.,3.35,16.8));
#2690=CARTESIAN_POINT('',(9.6956462177323,3.35000000000001,16.8));
#2691=CARTESIAN_POINT('',(-11.,-0.289024390243906,12.2512195121951));
#2692=CARTESIAN_POINT('Origin',(-11.,40.21,12.6));
#2693=CARTESIAN_POINT('',(-11.,39.66,12.6));
#2694=CARTESIAN_POINT('',(-11.,40.21,12.6));
#2695=CARTESIAN_POINT('',(-11.,36.3,16.8));
#2696=CARTESIAN_POINT('',(-11.,39.66,12.6));
#2697=CARTESIAN_POINT('',(-11.,36.85,16.8));
#2698=CARTESIAN_POINT('Origin',(-2.60870756453541,39.9875599711545,12.6));
#2699=CARTESIAN_POINT('',(-2.,39.66,12.6));
#2700=CARTESIAN_POINT('',(-2.,39.66,12.6));
#2701=CARTESIAN_POINT('',(-11.,39.66,12.6));
#2702=CARTESIAN_POINT('Origin',(-2.60870756453541,36.6275599711545,16.8));
#2703=CARTESIAN_POINT('',(-2.,36.3,16.8));
#2704=CARTESIAN_POINT('',(-11.,36.3,16.8));
#2705=CARTESIAN_POINT('',(-2.,36.3,16.8));
#2706=CARTESIAN_POINT('Origin',(-11.,39.66,12.6));
#2707=CARTESIAN_POINT('',(-2.,39.66,12.6));
#2708=CARTESIAN_POINT('Origin',(-2.,39.66,12.6));
#2709=CARTESIAN_POINT('Origin',(4.5,38.75,12.5));
#2710=CARTESIAN_POINT('',(-13.,42.5,12.5));
#2711=CARTESIAN_POINT('',(-13.,42.5,12.5));
#2712=CARTESIAN_POINT('',(22.,42.5,12.5));
#2713=CARTESIAN_POINT('',(-4.25,42.5,12.5));
#2714=CARTESIAN_POINT('',(22.,16.375,12.5));
#2715=CARTESIAN_POINT('Origin',(22.,-6.,0.));
#2716=CARTESIAN_POINT('',(22.,42.5,5.85));
#2717=CARTESIAN_POINT('Origin',(22.,-6.,0.));
#2718=CARTESIAN_POINT('',(22.,43.4,11.7));
#2719=CARTESIAN_POINT('',(22.,16.375,11.7));
#2720=CARTESIAN_POINT('',(22.,5.,11.7));
#2721=CARTESIAN_POINT('',(22.,5.00000000000001,5.85));
#2722=CARTESIAN_POINT('',(22.,-3.39999999999999,11.7));
#2723=CARTESIAN_POINT('',(22.,-2.37499999999999,11.7));
#2724=CARTESIAN_POINT('',(22.,-3.39999999999999,5.85));
#2725=CARTESIAN_POINT('',(22.,-6.,12.));
#2726=CARTESIAN_POINT('',(22.,-7.99999999999999,12.));
#2727=CARTESIAN_POINT('',(22.,-6.,0.));
#2728=CARTESIAN_POINT('',(22.,46.,12.));
#2729=CARTESIAN_POINT('',(22.,46.,0.));
#2730=CARTESIAN_POINT('',(22.,48.,12.));
#2731=CARTESIAN_POINT('',(22.,40.49,12.));
#2732=CARTESIAN_POINT('',(22.,48.,12.));
#2733=CARTESIAN_POINT('',(22.,43.4,5.85));
#2734=CARTESIAN_POINT('Origin',(-13.,42.5,11.7));
#2735=CARTESIAN_POINT('',(-13.,42.5,11.7));
#2736=CARTESIAN_POINT('Origin',(-13.,43.4,11.7));
#2737=CARTESIAN_POINT('',(-13.,43.4,11.7));
#2738=CARTESIAN_POINT('',(-13.,42.5,11.7));
#2739=CARTESIAN_POINT('',(-13.,43.4,11.7));
#2740=CARTESIAN_POINT('Origin',(22.,43.4,11.7));
#2741=CARTESIAN_POINT('',(22.,43.4,11.7));
#2742=CARTESIAN_POINT('Origin',(4.5,42.95,11.7));
#2743=CARTESIAN_POINT('Origin',(-5.38347144640738E-15,44.245,12.));
#2744=CARTESIAN_POINT('',(-20.,48.,12.));
#2745=CARTESIAN_POINT('',(-22.,46.,12.));
#2746=CARTESIAN_POINT('',(-20.,48.,12.));
#2747=CARTESIAN_POINT('',(-22.,48.,12.));
#2748=CARTESIAN_POINT('',(-22.,48.,12.));
#2749=CARTESIAN_POINT('',(22.,48.,12.));
#2750=CARTESIAN_POINT('Origin',(-5.38347144640738E-15,44.245,12.));
#2751=CARTESIAN_POINT('',(20.,48.,12.));
#2752=CARTESIAN_POINT('',(22.,46.,12.));
#2753=CARTESIAN_POINT('',(22.,48.,12.));
#2754=CARTESIAN_POINT('Origin',(-2.,0.34,12.6));
#2755=CARTESIAN_POINT('',(-2.,0.34,12.6));
#2756=CARTESIAN_POINT('',(-2.,0.34,12.6));
#2757=CARTESIAN_POINT('',(-2.,3.7,16.8));
#2758=CARTESIAN_POINT('',(-2.,0.34,12.6));
#2759=CARTESIAN_POINT('',(-2.,3.7,16.8));
#2760=CARTESIAN_POINT('Origin',(-2.6087075645354,0.0124400288455462,12.6));
#2761=CARTESIAN_POINT('',(-11.,0.339999999999998,12.6));
#2762=CARTESIAN_POINT('',(-11.,-0.210000000000004,12.6));
#2763=CARTESIAN_POINT('',(-11.,0.339999999999998,12.6));
#2764=CARTESIAN_POINT('Origin',(-2.6087075645354,3.37244002884555,16.8));
#2765=CARTESIAN_POINT('',(-11.,3.7,16.8));
#2766=CARTESIAN_POINT('',(-11.,3.7,16.8));
#2767=CARTESIAN_POINT('',(-11.,3.15,16.8));
#2768=CARTESIAN_POINT('Origin',(-11.,-0.210000000000004,12.6));
#2769=CARTESIAN_POINT('',(-11.,0.339999999999998,12.6));
#2770=CARTESIAN_POINT('Origin',(-11.,0.339999999999998,12.6));
#2771=CARTESIAN_POINT('Origin',(22.,5.,11.7));
#2772=CARTESIAN_POINT('',(-13.,5.,11.7));
#2773=CARTESIAN_POINT('',(-13.,5.,11.7));
#2774=CARTESIAN_POINT('',(22.,5.,11.7));
#2775=CARTESIAN_POINT('Origin',(4.50000000000001,1.25,12.5));
#2776=CARTESIAN_POINT('',(22.,-2.5,12.5));
#2777=CARTESIAN_POINT('',(22.,-2.37499999999999,12.5));
#2778=CARTESIAN_POINT('',(-13.,-2.5,12.5));
#2779=CARTESIAN_POINT('',(13.25,-2.5,12.5));
#2780=CARTESIAN_POINT('',(-13.,5.,12.5));
#2781=CARTESIAN_POINT('Origin',(22.,-2.5,11.7));
#2782=CARTESIAN_POINT('',(22.,-2.5,5.85));
#2783=CARTESIAN_POINT('',(-13.,-2.5,11.7));
#2784=CARTESIAN_POINT('Origin',(22.,-6.,0.));
#2785=CARTESIAN_POINT('Origin',(-13.,-3.4,11.7));
#2786=CARTESIAN_POINT('',(-13.,-3.4,11.7));
#2787=CARTESIAN_POINT('',(-13.,-3.4,11.7));
#2788=CARTESIAN_POINT('',(-13.,-3.4,11.7));
#2789=CARTESIAN_POINT('Origin',(-13.,-2.5,11.7));
#2790=CARTESIAN_POINT('',(-13.,-2.5,11.7));
#2791=CARTESIAN_POINT('Origin',(4.50000000000001,-2.95,11.7));
#2792=CARTESIAN_POINT('Origin',(5.38347144640738E-15,-4.245,12.));
#2793=CARTESIAN_POINT('',(20.,-7.99999999999999,12.));
#2794=CARTESIAN_POINT('Origin',(5.38347144640738E-15,-4.245,12.));
#2795=CARTESIAN_POINT('',(-22.,-6.00000000000001,12.));
#2796=CARTESIAN_POINT('',(-22.,-6.00000000000001,12.));
#2797=CARTESIAN_POINT('',(-22.,-0.490000000000004,12.));
#2798=CARTESIAN_POINT('Origin',(-22.,-6.00000000000001,0.));
#2799=CARTESIAN_POINT('',(-22.,-6.00000000000001,0.));
#2800=CARTESIAN_POINT('Origin',(-22.,46.,0.));
#2801=CARTESIAN_POINT('',(-22.,48.,12.));
#2802=CARTESIAN_POINT('',(-22.,46.,0.));
#2803=CARTESIAN_POINT('Origin',(-20.,48.,0.));
#2804=CARTESIAN_POINT('',(-20.,48.,0.));
#2805=CARTESIAN_POINT('Origin',(20.,48.,0.));
#2806=CARTESIAN_POINT('',(20.,48.,0.));
#2807=CARTESIAN_POINT('Origin',(22.,46.,0.));
#2808=CARTESIAN_POINT('Origin',(20.,-7.99999999999999,0.));
#2809=UNCERTAINTY_MEASURE_WITH_UNIT(LENGTH_MEASURE(0.01),#2813,
'DISTANCE_ACCURACY_VALUE',
'Maximum model space distance between geometric entities at asserted c
onnectivities');
#2810=UNCERTAINTY_MEASURE_WITH_UNIT(LENGTH_MEASURE(0.01),#2813,
'DISTANCE_ACCURACY_VALUE',
'Maximum model space distance between geometric entities at asserted c
onnectivities');
#2811=(
GEOMETRIC_REPRESENTATION_CONTEXT(3)
GLOBAL_UNCERTAINTY_ASSIGNED_CONTEXT((#2809))
GLOBAL_UNIT_ASSIGNED_CONTEXT((#2813,#2815,#2816))
REPRESENTATION_CONTEXT('','3D')
);
#2812=(
GEOMETRIC_REPRESENTATION_CONTEXT(3)
GLOBAL_UNCERTAINTY_ASSIGNED_CONTEXT((#2810))
GLOBAL_UNIT_ASSIGNED_CONTEXT((#2813,#2815,#2816))
REPRESENTATION_CONTEXT('','3D')
);
#2813=(
LENGTH_UNIT()
NAMED_UNIT(*)
SI_UNIT(.MILLI.,.METRE.)
);
#2814=(
LENGTH_UNIT()
NAMED_UNIT(*)
SI_UNIT($,.METRE.)
);
#2815=(
NAMED_UNIT(*)
PLANE_ANGLE_UNIT()
SI_UNIT($,.RADIAN.)
);
#2816=(
NAMED_UNIT(*)
SI_UNIT($,.STERADIAN.)
SOLID_ANGLE_UNIT()
);
#2817=SHAPE_DEFINITION_REPRESENTATION(#2818,#2819);
#2818=PRODUCT_DEFINITION_SHAPE('',$,#2821);
#2819=SHAPE_REPRESENTATION('',(#1763),#2811);
#2820=PRODUCT_DEFINITION_CONTEXT('part definition',#2825,'design');
#2821=PRODUCT_DEFINITION('2026-10-03-14-01-59-090',
'Receiver_heat_stake_optimized',#2822,#2820);
#2822=PRODUCT_DEFINITION_FORMATION('',$,#2827);
#2823=PRODUCT_RELATED_PRODUCT_CATEGORY('Receiver_heat_stake_optimized',
'Receiver_heat_stake_optimized',(#2827));
#2824=APPLICATION_PROTOCOL_DEFINITION('international standard',
'automotive_design',2009,#2825);
#2825=APPLICATION_CONTEXT(
'Core Data for Automotive Mechanical Design Process');
#2826=PRODUCT_CONTEXT('part definition',#2825,'mechanical');
#2827=PRODUCT('2026-10-03-14-01-59-090','Receiver_heat_stake_optimized',
$,(#2826));
#2828=PRESENTATION_STYLE_ASSIGNMENT((#2830));
#2829=PRESENTATION_STYLE_ASSIGNMENT((#2831));
#2830=SURFACE_STYLE_USAGE(.BOTH.,#2832);
#2831=SURFACE_STYLE_USAGE(.BOTH.,#2833);
#2832=SURFACE_SIDE_STYLE('',(#2834));
#2833=SURFACE_SIDE_STYLE('',(#2835));
#2834=SURFACE_STYLE_FILL_AREA(#2836);
#2835=SURFACE_STYLE_FILL_AREA(#2837);
#2836=FILL_AREA_STYLE('\X2\94A2\X0\ - \X2\7F0E5149\X0\',(#2838));
#2837=FILL_AREA_STYLE('Receiver_heat_stake_optimized color',(#2839));
#2838=FILL_AREA_STYLE_COLOUR('\X2\94A2\X0\ - \X2\7F0E5149\X0\',#2840);
#2839=FILL_AREA_STYLE_COLOUR('Receiver_heat_stake_optimized color',#2841);
#2840=COLOUR_RGB('\X2\94A2\X0\ - \X2\7F0E5149\X0\',0.627450980392157,0.627450980392157,
0.627450980392157);
#2841=COLOUR_RGB('Receiver_heat_stake_optimized color',0.196078431372549,
0.352941176470588,0.450980392156863);
ENDSEC;
END-ISO-10303-21;
