ISO-10303-21;
HEADER;
/* Generated by software containing ST-Developer
 * from STEP Tools, Inc. (www.steptools.com) 
 */

FILE_DESCRIPTION(
/* description */ (''),
/* implementation_level */ '2;1');

FILE_NAME(
/* name */ 'receiver_M2_bolt.step',
/* time_stamp */ '2026-10-03T13:24:07+08:00',
/* author */ (''),
/* organization */ (''),
/* preprocessor_version */ 'ST-DEVELOPER v20.2',
/* originating_system */ 'Autodesk Translation Framework v15.15.0.0',
/* authorisation */ '');

FILE_SCHEMA (('AUTOMOTIVE_DESIGN { 1 0 10303 214 3 1 1 }'));
ENDSEC;

DATA;
#10=MECHANICAL_DESIGN_GEOMETRIC_PRESENTATION_REPRESENTATION('',(#13),#2554);
#11=SHAPE_REPRESENTATION_RELATIONSHIP('SRR','None',#2561,#12);
#12=ADVANCED_BREP_SHAPE_REPRESENTATION('',(#14),#2553);
#13=STYLED_ITEM('',(#2570),#14);
#14=MANIFOLD_SOLID_BREP('Receiver_M2_bolt_v2',#1596);
#15=FACE_BOUND('',#179,.T.);
#16=FACE_BOUND('',#185,.T.);
#17=FACE_BOUND('',#201,.T.);
#18=FACE_BOUND('',#202,.T.);
#19=FACE_BOUND('',#203,.T.);
#20=FACE_BOUND('',#204,.T.);
#21=FACE_BOUND('',#227,.T.);
#22=FACE_BOUND('',#229,.T.);
#23=FACE_BOUND('',#231,.T.);
#24=FACE_BOUND('',#261,.T.);
#25=FACE_BOUND('',#262,.T.);
#26=PLANE('',#1615);
#27=PLANE('',#1617);
#28=PLANE('',#1618);
#29=PLANE('',#1626);
#30=PLANE('',#1628);
#31=PLANE('',#1629);
#32=PLANE('',#1632);
#33=PLANE('',#1633);
#34=PLANE('',#1634);
#35=PLANE('',#1635);
#36=PLANE('',#1636);
#37=PLANE('',#1637);
#38=PLANE('',#1639);
#39=PLANE('',#1640);
#40=PLANE('',#1641);
#41=PLANE('',#1642);
#42=PLANE('',#1643);
#43=PLANE('',#1644);
#44=PLANE('',#1647);
#45=PLANE('',#1648);
#46=PLANE('',#1649);
#47=PLANE('',#1650);
#48=PLANE('',#1651);
#49=PLANE('',#1652);
#50=PLANE('',#1653);
#51=PLANE('',#1654);
#52=PLANE('',#1655);
#53=PLANE('',#1656);
#54=PLANE('',#1657);
#55=PLANE('',#1658);
#56=PLANE('',#1659);
#57=PLANE('',#1660);
#58=PLANE('',#1661);
#59=PLANE('',#1662);
#60=PLANE('',#1663);
#61=PLANE('',#1666);
#62=PLANE('',#1667);
#63=PLANE('',#1668);
#64=PLANE('',#1669);
#65=PLANE('',#1670);
#66=PLANE('',#1671);
#67=PLANE('',#1672);
#68=PLANE('',#1673);
#69=PLANE('',#1674);
#70=PLANE('',#1675);
#71=PLANE('',#1676);
#72=PLANE('',#1677);
#73=PLANE('',#1678);
#74=PLANE('',#1679);
#75=PLANE('',#1680);
#76=PLANE('',#1681);
#77=PLANE('',#1682);
#78=PLANE('',#1683);
#79=PLANE('',#1684);
#80=PLANE('',#1685);
#81=PLANE('',#1686);
#82=PLANE('',#1687);
#83=PLANE('',#1688);
#84=PLANE('',#1689);
#85=PLANE('',#1690);
#86=PLANE('',#1691);
#87=PLANE('',#1692);
#88=PLANE('',#1693);
#89=PLANE('',#1694);
#90=PLANE('',#1695);
#91=PLANE('',#1696);
#92=PLANE('',#1697);
#93=PLANE('',#1698);
#94=PLANE('',#1699);
#95=PLANE('',#1700);
#96=PLANE('',#1701);
#97=PLANE('',#1702);
#98=PLANE('',#1703);
#99=FACE_OUTER_BOUND('',#177,.T.);
#100=FACE_OUTER_BOUND('',#178,.T.);
#101=FACE_OUTER_BOUND('',#180,.T.);
#102=FACE_OUTER_BOUND('',#181,.T.);
#103=FACE_OUTER_BOUND('',#182,.T.);
#104=FACE_OUTER_BOUND('',#183,.T.);
#105=FACE_OUTER_BOUND('',#184,.T.);
#106=FACE_OUTER_BOUND('',#186,.T.);
#107=FACE_OUTER_BOUND('',#187,.T.);
#108=FACE_OUTER_BOUND('',#188,.T.);
#109=FACE_OUTER_BOUND('',#189,.T.);
#110=FACE_OUTER_BOUND('',#190,.T.);
#111=FACE_OUTER_BOUND('',#191,.T.);
#112=FACE_OUTER_BOUND('',#192,.T.);
#113=FACE_OUTER_BOUND('',#193,.T.);
#114=FACE_OUTER_BOUND('',#194,.T.);
#115=FACE_OUTER_BOUND('',#195,.T.);
#116=FACE_OUTER_BOUND('',#196,.T.);
#117=FACE_OUTER_BOUND('',#197,.T.);
#118=FACE_OUTER_BOUND('',#198,.T.);
#119=FACE_OUTER_BOUND('',#199,.T.);
#120=FACE_OUTER_BOUND('',#200,.T.);
#121=FACE_OUTER_BOUND('',#205,.T.);
#122=FACE_OUTER_BOUND('',#206,.T.);
#123=FACE_OUTER_BOUND('',#207,.T.);
#124=FACE_OUTER_BOUND('',#208,.T.);
#125=FACE_OUTER_BOUND('',#209,.T.);
#126=FACE_OUTER_BOUND('',#210,.T.);
#127=FACE_OUTER_BOUND('',#211,.T.);
#128=FACE_OUTER_BOUND('',#212,.T.);
#129=FACE_OUTER_BOUND('',#213,.T.);
#130=FACE_OUTER_BOUND('',#214,.T.);
#131=FACE_OUTER_BOUND('',#215,.T.);
#132=FACE_OUTER_BOUND('',#216,.T.);
#133=FACE_OUTER_BOUND('',#217,.T.);
#134=FACE_OUTER_BOUND('',#218,.T.);
#135=FACE_OUTER_BOUND('',#219,.T.);
#136=FACE_OUTER_BOUND('',#220,.T.);
#137=FACE_OUTER_BOUND('',#221,.T.);
#138=FACE_OUTER_BOUND('',#222,.T.);
#139=FACE_OUTER_BOUND('',#223,.T.);
#140=FACE_OUTER_BOUND('',#224,.T.);
#141=FACE_OUTER_BOUND('',#225,.T.);
#142=FACE_OUTER_BOUND('',#226,.T.);
#143=FACE_OUTER_BOUND('',#228,.T.);
#144=FACE_OUTER_BOUND('',#230,.T.);
#145=FACE_OUTER_BOUND('',#232,.T.);
#146=FACE_OUTER_BOUND('',#233,.T.);
#147=FACE_OUTER_BOUND('',#234,.T.);
#148=FACE_OUTER_BOUND('',#235,.T.);
#149=FACE_OUTER_BOUND('',#236,.T.);
#150=FACE_OUTER_BOUND('',#237,.T.);
#151=FACE_OUTER_BOUND('',#238,.T.);
#152=FACE_OUTER_BOUND('',#239,.T.);
#153=FACE_OUTER_BOUND('',#240,.T.);
#154=FACE_OUTER_BOUND('',#241,.T.);
#155=FACE_OUTER_BOUND('',#242,.T.);
#156=FACE_OUTER_BOUND('',#243,.T.);
#157=FACE_OUTER_BOUND('',#244,.T.);
#158=FACE_OUTER_BOUND('',#245,.T.);
#159=FACE_OUTER_BOUND('',#246,.T.);
#160=FACE_OUTER_BOUND('',#247,.T.);
#161=FACE_OUTER_BOUND('',#248,.T.);
#162=FACE_OUTER_BOUND('',#249,.T.);
#163=FACE_OUTER_BOUND('',#250,.T.);
#164=FACE_OUTER_BOUND('',#251,.T.);
#165=FACE_OUTER_BOUND('',#252,.T.);
#166=FACE_OUTER_BOUND('',#253,.T.);
#167=FACE_OUTER_BOUND('',#254,.T.);
#168=FACE_OUTER_BOUND('',#255,.T.);
#169=FACE_OUTER_BOUND('',#256,.T.);
#170=FACE_OUTER_BOUND('',#257,.T.);
#171=FACE_OUTER_BOUND('',#258,.T.);
#172=FACE_OUTER_BOUND('',#259,.T.);
#173=FACE_OUTER_BOUND('',#260,.T.);
#174=FACE_OUTER_BOUND('',#263,.T.);
#175=FACE_OUTER_BOUND('',#264,.T.);
#176=FACE_OUTER_BOUND('',#265,.T.);
#177=EDGE_LOOP('',(#1067,#1068,#1069,#1070,#1071,#1072,#1073,#1074));
#178=EDGE_LOOP('',(#1075));
#179=EDGE_LOOP('',(#1076));
#180=EDGE_LOOP('',(#1077,#1078,#1079,#1080,#1081,#1082,#1083));
#181=EDGE_LOOP('',(#1084,#1085,#1086,#1087));
#182=EDGE_LOOP('',(#1088,#1089,#1090,#1091));
#183=EDGE_LOOP('',(#1092,#1093,#1094,#1095,#1096,#1097,#1098,#1099));
#184=EDGE_LOOP('',(#1100));
#185=EDGE_LOOP('',(#1101));
#186=EDGE_LOOP('',(#1102,#1103,#1104,#1105,#1106,#1107,#1108,#1109,#1110,
#1111,#1112));
#187=EDGE_LOOP('',(#1113,#1114,#1115,#1116));
#188=EDGE_LOOP('',(#1117,#1118,#1119,#1120));
#189=EDGE_LOOP('',(#1121,#1122,#1123,#1124));
#190=EDGE_LOOP('',(#1125,#1126,#1127,#1128));
#191=EDGE_LOOP('',(#1129,#1130,#1131,#1132));
#192=EDGE_LOOP('',(#1133,#1134,#1135,#1136));
#193=EDGE_LOOP('',(#1137,#1138,#1139,#1140));
#194=EDGE_LOOP('',(#1141,#1142));
#195=EDGE_LOOP('',(#1143,#1144,#1145,#1146));
#196=EDGE_LOOP('',(#1147,#1148,#1149,#1150,#1151,#1152));
#197=EDGE_LOOP('',(#1153,#1154,#1155,#1156));
#198=EDGE_LOOP('',(#1157,#1158,#1159,#1160));
#199=EDGE_LOOP('',(#1161,#1162,#1163,#1164));
#200=EDGE_LOOP('',(#1165,#1166,#1167,#1168,#1169,#1170,#1171,#1172,#1173,
#1174,#1175,#1176,#1177,#1178,#1179,#1180));
#201=EDGE_LOOP('',(#1181));
#202=EDGE_LOOP('',(#1182));
#203=EDGE_LOOP('',(#1183,#1184,#1185,#1186));
#204=EDGE_LOOP('',(#1187,#1188,#1189,#1190,#1191,#1192,#1193));
#205=EDGE_LOOP('',(#1194,#1195,#1196,#1197));
#206=EDGE_LOOP('',(#1198,#1199,#1200,#1201));
#207=EDGE_LOOP('',(#1202,#1203,#1204,#1205));
#208=EDGE_LOOP('',(#1206,#1207,#1208,#1209,#1210,#1211));
#209=EDGE_LOOP('',(#1212,#1213,#1214,#1215,#1216,#1217));
#210=EDGE_LOOP('',(#1218,#1219,#1220,#1221,#1222,#1223));
#211=EDGE_LOOP('',(#1224,#1225,#1226,#1227));
#212=EDGE_LOOP('',(#1228,#1229,#1230,#1231));
#213=EDGE_LOOP('',(#1232,#1233,#1234,#1235,#1236,#1237));
#214=EDGE_LOOP('',(#1238,#1239,#1240,#1241));
#215=EDGE_LOOP('',(#1242,#1243,#1244,#1245));
#216=EDGE_LOOP('',(#1246,#1247,#1248,#1249));
#217=EDGE_LOOP('',(#1250,#1251,#1252,#1253,#1254,#1255));
#218=EDGE_LOOP('',(#1256,#1257,#1258,#1259,#1260,#1261));
#219=EDGE_LOOP('',(#1262,#1263,#1264,#1265));
#220=EDGE_LOOP('',(#1266,#1267,#1268,#1269));
#221=EDGE_LOOP('',(#1270,#1271,#1272,#1273,#1274,#1275,#1276,#1277,#1278,
#1279,#1280,#1281,#1282,#1283,#1284,#1285,#1286,#1287,#1288,#1289,#1290,
#1291,#1292,#1293));
#222=EDGE_LOOP('',(#1294,#1295,#1296,#1297,#1298,#1299));
#223=EDGE_LOOP('',(#1300,#1301,#1302,#1303));
#224=EDGE_LOOP('',(#1304,#1305,#1306,#1307,#1308,#1309));
#225=EDGE_LOOP('',(#1310,#1311,#1312,#1313));
#226=EDGE_LOOP('',(#1314,#1315,#1316,#1317,#1318,#1319,#1320,#1321));
#227=EDGE_LOOP('',(#1322,#1323,#1324,#1325));
#228=EDGE_LOOP('',(#1326,#1327,#1328,#1329,#1330,#1331,#1332,#1333,#1334,
#1335,#1336,#1337,#1338,#1339,#1340,#1341));
#229=EDGE_LOOP('',(#1342));
#230=EDGE_LOOP('',(#1343,#1344,#1345,#1346,#1347,#1348,#1349,#1350));
#231=EDGE_LOOP('',(#1351,#1352,#1353,#1354));
#232=EDGE_LOOP('',(#1355,#1356,#1357,#1358));
#233=EDGE_LOOP('',(#1359,#1360,#1361,#1362));
#234=EDGE_LOOP('',(#1363,#1364,#1365,#1366));
#235=EDGE_LOOP('',(#1367,#1368,#1369,#1370));
#236=EDGE_LOOP('',(#1371,#1372,#1373,#1374));
#237=EDGE_LOOP('',(#1375,#1376,#1377,#1378));
#238=EDGE_LOOP('',(#1379,#1380,#1381,#1382));
#239=EDGE_LOOP('',(#1383,#1384,#1385,#1386));
#240=EDGE_LOOP('',(#1387,#1388,#1389,#1390,#1391,#1392,#1393,#1394,#1395,
#1396,#1397,#1398,#1399,#1400,#1401,#1402));
#241=EDGE_LOOP('',(#1403,#1404,#1405,#1406));
#242=EDGE_LOOP('',(#1407,#1408,#1409,#1410,#1411,#1412,#1413,#1414));
#243=EDGE_LOOP('',(#1415,#1416,#1417,#1418));
#244=EDGE_LOOP('',(#1419,#1420,#1421));
#245=EDGE_LOOP('',(#1422,#1423,#1424));
#246=EDGE_LOOP('',(#1425,#1426,#1427,#1428));
#247=EDGE_LOOP('',(#1429,#1430,#1431,#1432));
#248=EDGE_LOOP('',(#1433,#1434,#1435,#1436));
#249=EDGE_LOOP('',(#1437,#1438,#1439,#1440));
#250=EDGE_LOOP('',(#1441,#1442,#1443,#1444));
#251=EDGE_LOOP('',(#1445,#1446,#1447,#1448));
#252=EDGE_LOOP('',(#1449,#1450,#1451,#1452,#1453,#1454,#1455,#1456));
#253=EDGE_LOOP('',(#1457,#1458,#1459,#1460));
#254=EDGE_LOOP('',(#1461,#1462,#1463,#1464));
#255=EDGE_LOOP('',(#1465,#1466,#1467,#1468));
#256=EDGE_LOOP('',(#1469,#1470,#1471,#1472,#1473,#1474,#1475,#1476));
#257=EDGE_LOOP('',(#1477,#1478,#1479));
#258=EDGE_LOOP('',(#1480,#1481,#1482));
#259=EDGE_LOOP('',(#1483,#1484,#1485,#1486));
#260=EDGE_LOOP('',(#1487,#1488,#1489,#1490,#1491,#1492,#1493,#1494));
#261=EDGE_LOOP('',(#1495,#1496,#1497));
#262=EDGE_LOOP('',(#1498,#1499,#1500));
#263=EDGE_LOOP('',(#1501,#1502,#1503,#1504));
#264=EDGE_LOOP('',(#1505,#1506,#1507,#1508));
#265=EDGE_LOOP('',(#1509,#1510,#1511,#1512));
#266=LINE('',#2106,#473);
#267=LINE('',#2110,#474);
#268=LINE('',#2114,#475);
#269=LINE('',#2121,#476);
#270=LINE('',#2123,#477);
#271=LINE('',#2125,#478);
#272=LINE('',#2127,#479);
#273=LINE('',#2128,#480);
#274=LINE('',#2131,#481);
#275=LINE('',#2132,#482);
#276=LINE('',#2136,#483);
#277=LINE('',#2141,#484);
#278=LINE('',#2145,#485);
#279=LINE('',#2149,#486);
#280=LINE('',#2156,#487);
#281=LINE('',#2158,#488);
#282=LINE('',#2160,#489);
#283=LINE('',#2162,#490);
#284=LINE('',#2164,#491);
#285=LINE('',#2166,#492);
#286=LINE('',#2168,#493);
#287=LINE('',#2170,#494);
#288=LINE('',#2171,#495);
#289=LINE('',#2174,#496);
#290=LINE('',#2175,#497);
#291=LINE('',#2179,#498);
#292=LINE('',#2183,#499);
#293=LINE('',#2185,#500);
#294=LINE('',#2187,#501);
#295=LINE('',#2188,#502);
#296=LINE('',#2191,#503);
#297=LINE('',#2193,#504);
#298=LINE('',#2194,#505);
#299=LINE('',#2197,#506);
#300=LINE('',#2199,#507);
#301=LINE('',#2200,#508);
#302=LINE('',#2202,#509);
#303=LINE('',#2203,#510);
#304=LINE('',#2209,#511);
#305=LINE('',#2213,#512);
#306=LINE('',#2215,#513);
#307=LINE('',#2217,#514);
#308=LINE('',#2218,#515);
#309=LINE('',#2221,#516);
#310=LINE('',#2222,#517);
#311=LINE('',#2224,#518);
#312=LINE('',#2225,#519);
#313=LINE('',#2228,#520);
#314=LINE('',#2230,#521);
#315=LINE('',#2231,#522);
#316=LINE('',#2233,#523);
#317=LINE('',#2234,#524);
#318=LINE('',#2239,#525);
#319=LINE('',#2241,#526);
#320=LINE('',#2243,#527);
#321=LINE('',#2245,#528);
#322=LINE('',#2247,#529);
#323=LINE('',#2249,#530);
#324=LINE('',#2251,#531);
#325=LINE('',#2253,#532);
#326=LINE('',#2255,#533);
#327=LINE('',#2257,#534);
#328=LINE('',#2259,#535);
#329=LINE('',#2261,#536);
#330=LINE('',#2263,#537);
#331=LINE('',#2265,#538);
#332=LINE('',#2267,#539);
#333=LINE('',#2268,#540);
#334=LINE('',#2275,#541);
#335=LINE('',#2276,#542);
#336=LINE('',#2277,#543);
#337=LINE('',#2281,#544);
#338=LINE('',#2282,#545);
#339=LINE('',#2283,#546);
#340=LINE('',#2285,#547);
#341=LINE('',#2288,#548);
#342=LINE('',#2290,#549);
#343=LINE('',#2292,#550);
#344=LINE('',#2293,#551);
#345=LINE('',#2296,#552);
#346=LINE('',#2298,#553);
#347=LINE('',#2300,#554);
#348=LINE('',#2301,#555);
#349=LINE('',#2304,#556);
#350=LINE('',#2306,#557);
#351=LINE('',#2307,#558);
#352=LINE('',#2308,#559);
#353=LINE('',#2310,#560);
#354=LINE('',#2314,#561);
#355=LINE('',#2316,#562);
#356=LINE('',#2318,#563);
#357=LINE('',#2319,#564);
#358=LINE('',#2322,#565);
#359=LINE('',#2324,#566);
#360=LINE('',#2325,#567);
#361=LINE('',#2328,#568);
#362=LINE('',#2330,#569);
#363=LINE('',#2331,#570);
#364=LINE('',#2334,#571);
#365=LINE('',#2336,#572);
#366=LINE('',#2337,#573);
#367=LINE('',#2340,#574);
#368=LINE('',#2342,#575);
#369=LINE('',#2343,#576);
#370=LINE('',#2346,#577);
#371=LINE('',#2348,#578);
#372=LINE('',#2350,#579);
#373=LINE('',#2351,#580);
#374=LINE('',#2354,#581);
#375=LINE('',#2356,#582);
#376=LINE('',#2358,#583);
#377=LINE('',#2359,#584);
#378=LINE('',#2362,#585);
#379=LINE('',#2363,#586);
#380=LINE('',#2365,#587);
#381=LINE('',#2367,#588);
#382=LINE('',#2369,#589);
#383=LINE('',#2371,#590);
#384=LINE('',#2372,#591);
#385=LINE('',#2374,#592);
#386=LINE('',#2376,#593);
#387=LINE('',#2378,#594);
#388=LINE('',#2380,#595);
#389=LINE('',#2382,#596);
#390=LINE('',#2384,#597);
#391=LINE('',#2386,#598);
#392=LINE('',#2388,#599);
#393=LINE('',#2389,#600);
#394=LINE('',#2392,#601);
#395=LINE('',#2397,#602);
#396=LINE('',#2399,#603);
#397=LINE('',#2401,#604);
#398=LINE('',#2402,#605);
#399=LINE('',#2404,#606);
#400=LINE('',#2406,#607);
#401=LINE('',#2408,#608);
#402=LINE('',#2409,#609);
#403=LINE('',#2412,#610);
#404=LINE('',#2414,#611);
#405=LINE('',#2415,#612);
#406=LINE('',#2418,#613);
#407=LINE('',#2420,#614);
#408=LINE('',#2422,#615);
#409=LINE('',#2424,#616);
#410=LINE('',#2425,#617);
#411=LINE('',#2428,#618);
#412=LINE('',#2430,#619);
#413=LINE('',#2432,#620);
#414=LINE('',#2433,#621);
#415=LINE('',#2436,#622);
#416=LINE('',#2437,#623);
#417=LINE('',#2438,#624);
#418=LINE('',#2440,#625);
#419=LINE('',#2442,#626);
#420=LINE('',#2443,#627);
#421=LINE('',#2445,#628);
#422=LINE('',#2446,#629);
#423=LINE('',#2449,#630);
#424=LINE('',#2451,#631);
#425=LINE('',#2452,#632);
#426=LINE('',#2453,#633);
#427=LINE('',#2456,#634);
#428=LINE('',#2458,#635);
#429=LINE('',#2460,#636);
#430=LINE('',#2461,#637);
#431=LINE('',#2464,#638);
#432=LINE('',#2466,#639);
#433=LINE('',#2467,#640);
#434=LINE('',#2470,#641);
#435=LINE('',#2471,#642);
#436=LINE('',#2474,#643);
#437=LINE('',#2475,#644);
#438=LINE('',#2477,#645);
#439=LINE('',#2481,#646);
#440=LINE('',#2483,#647);
#441=LINE('',#2484,#648);
#442=LINE('',#2486,#649);
#443=LINE('',#2488,#650);
#444=LINE('',#2490,#651);
#445=LINE('',#2492,#652);
#446=LINE('',#2493,#653);
#447=LINE('',#2495,#654);
#448=LINE('',#2496,#655);
#449=LINE('',#2497,#656);
#450=LINE('',#2499,#657);
#451=LINE('',#2501,#658);
#452=LINE('',#2505,#659);
#453=LINE('',#2506,#660);
#454=LINE('',#2508,#661);
#455=LINE('',#2511,#662);
#456=LINE('',#2513,#663);
#457=LINE('',#2514,#664);
#458=LINE('',#2517,#665);
#459=LINE('',#2518,#666);
#460=LINE('',#2521,#667);
#461=LINE('',#2522,#668);
#462=LINE('',#2524,#669);
#463=LINE('',#2529,#670);
#464=LINE('',#2530,#671);
#465=LINE('',#2531,#672);
#466=LINE('',#2533,#673);
#467=LINE('',#2536,#674);
#468=LINE('',#2539,#675);
#469=LINE('',#2542,#676);
#470=LINE('',#2543,#677);
#471=LINE('',#2545,#678);
#472=LINE('',#2547,#679);
#473=VECTOR('',#1710,2.25);
#474=VECTOR('',#1713,10.);
#475=VECTOR('',#1716,10.);
#476=VECTOR('',#1725,10.);
#477=VECTOR('',#1726,10.);
#478=VECTOR('',#1727,10.);
#479=VECTOR('',#1728,10.);
#480=VECTOR('',#1729,10.);
#481=VECTOR('',#1732,10.);
#482=VECTOR('',#1733,10.);
#483=VECTOR('',#1738,1.2);
#484=VECTOR('',#1743,2.25);
#485=VECTOR('',#1746,10.);
#486=VECTOR('',#1749,10.);
#487=VECTOR('',#1758,10.);
#488=VECTOR('',#1759,10.);
#489=VECTOR('',#1760,10.);
#490=VECTOR('',#1761,10.);
#491=VECTOR('',#1762,10.);
#492=VECTOR('',#1763,10.);
#493=VECTOR('',#1764,10.);
#494=VECTOR('',#1765,10.);
#495=VECTOR('',#1766,10.);
#496=VECTOR('',#1769,10.);
#497=VECTOR('',#1770,10.);
#498=VECTOR('',#1775,1.2);
#499=VECTOR('',#1778,10.);
#500=VECTOR('',#1779,10.);
#501=VECTOR('',#1780,10.);
#502=VECTOR('',#1781,10.);
#503=VECTOR('',#1784,10.);
#504=VECTOR('',#1785,10.);
#505=VECTOR('',#1786,10.);
#506=VECTOR('',#1789,10.);
#507=VECTOR('',#1790,10.);
#508=VECTOR('',#1791,10.);
#509=VECTOR('',#1794,10.);
#510=VECTOR('',#1795,10.);
#511=VECTOR('',#1802,10.);
#512=VECTOR('',#1805,10.);
#513=VECTOR('',#1806,10.);
#514=VECTOR('',#1807,10.);
#515=VECTOR('',#1808,10.);
#516=VECTOR('',#1811,10.);
#517=VECTOR('',#1812,10.);
#518=VECTOR('',#1813,10.);
#519=VECTOR('',#1814,10.);
#520=VECTOR('',#1817,10.);
#521=VECTOR('',#1818,10.);
#522=VECTOR('',#1819,10.);
#523=VECTOR('',#1822,10.);
#524=VECTOR('',#1823,10.);
#525=VECTOR('',#1828,10.);
#526=VECTOR('',#1829,10.);
#527=VECTOR('',#1830,10.);
#528=VECTOR('',#1831,10.);
#529=VECTOR('',#1832,10.);
#530=VECTOR('',#1833,10.);
#531=VECTOR('',#1834,10.);
#532=VECTOR('',#1835,10.);
#533=VECTOR('',#1836,10.);
#534=VECTOR('',#1837,10.);
#535=VECTOR('',#1838,10.);
#536=VECTOR('',#1839,10.);
#537=VECTOR('',#1840,10.);
#538=VECTOR('',#1841,10.);
#539=VECTOR('',#1842,10.);
#540=VECTOR('',#1843,10.);
#541=VECTOR('',#1850,10.);
#542=VECTOR('',#1851,10.);
#543=VECTOR('',#1852,10.);
#544=VECTOR('',#1855,10.);
#545=VECTOR('',#1856,10.);
#546=VECTOR('',#1857,10.);
#547=VECTOR('',#1860,10.);
#548=VECTOR('',#1863,10.);
#549=VECTOR('',#1864,10.);
#550=VECTOR('',#1865,10.);
#551=VECTOR('',#1866,10.);
#552=VECTOR('',#1869,10.);
#553=VECTOR('',#1870,10.);
#554=VECTOR('',#1871,10.);
#555=VECTOR('',#1872,10.);
#556=VECTOR('',#1875,10.);
#557=VECTOR('',#1876,10.);
#558=VECTOR('',#1877,10.);
#559=VECTOR('',#1878,10.);
#560=VECTOR('',#1881,10.);
#561=VECTOR('',#1884,10.);
#562=VECTOR('',#1885,10.);
#563=VECTOR('',#1886,10.);
#564=VECTOR('',#1887,10.);
#565=VECTOR('',#1890,10.);
#566=VECTOR('',#1891,10.);
#567=VECTOR('',#1892,10.);
#568=VECTOR('',#1895,10.);
#569=VECTOR('',#1896,10.);
#570=VECTOR('',#1897,10.);
#571=VECTOR('',#1900,10.);
#572=VECTOR('',#1901,10.);
#573=VECTOR('',#1902,10.);
#574=VECTOR('',#1905,10.);
#575=VECTOR('',#1906,10.);
#576=VECTOR('',#1907,10.);
#577=VECTOR('',#1910,10.);
#578=VECTOR('',#1911,10.);
#579=VECTOR('',#1912,10.);
#580=VECTOR('',#1913,10.);
#581=VECTOR('',#1916,10.);
#582=VECTOR('',#1917,10.);
#583=VECTOR('',#1918,10.);
#584=VECTOR('',#1919,10.);
#585=VECTOR('',#1922,10.);
#586=VECTOR('',#1923,10.);
#587=VECTOR('',#1926,10.);
#588=VECTOR('',#1929,10.);
#589=VECTOR('',#1930,10.);
#590=VECTOR('',#1931,10.);
#591=VECTOR('',#1932,10.);
#592=VECTOR('',#1933,10.);
#593=VECTOR('',#1934,10.);
#594=VECTOR('',#1935,10.);
#595=VECTOR('',#1936,10.);
#596=VECTOR('',#1937,10.);
#597=VECTOR('',#1938,10.);
#598=VECTOR('',#1939,10.);
#599=VECTOR('',#1940,10.);
#600=VECTOR('',#1941,10.);
#601=VECTOR('',#1944,7.5);
#602=VECTOR('',#1949,10.);
#603=VECTOR('',#1950,10.);
#604=VECTOR('',#1951,10.);
#605=VECTOR('',#1952,10.);
#606=VECTOR('',#1955,10.);
#607=VECTOR('',#1956,10.);
#608=VECTOR('',#1957,10.);
#609=VECTOR('',#1958,10.);
#610=VECTOR('',#1961,10.);
#611=VECTOR('',#1962,10.);
#612=VECTOR('',#1963,10.);
#613=VECTOR('',#1966,10.);
#614=VECTOR('',#1967,10.);
#615=VECTOR('',#1968,10.);
#616=VECTOR('',#1969,10.);
#617=VECTOR('',#1970,10.);
#618=VECTOR('',#1971,10.);
#619=VECTOR('',#1972,10.);
#620=VECTOR('',#1973,10.);
#621=VECTOR('',#1974,10.);
#622=VECTOR('',#1977,10.);
#623=VECTOR('',#1978,10.);
#624=VECTOR('',#1979,10.);
#625=VECTOR('',#1980,10.);
#626=VECTOR('',#1981,10.);
#627=VECTOR('',#1982,10.);
#628=VECTOR('',#1983,10.);
#629=VECTOR('',#1984,10.);
#630=VECTOR('',#1987,10.);
#631=VECTOR('',#1988,10.);
#632=VECTOR('',#1989,10.);
#633=VECTOR('',#1990,10.);
#634=VECTOR('',#1991,10.);
#635=VECTOR('',#1992,10.);
#636=VECTOR('',#1993,10.);
#637=VECTOR('',#1994,10.);
#638=VECTOR('',#1997,10.);
#639=VECTOR('',#1998,10.);
#640=VECTOR('',#1999,10.);
#641=VECTOR('',#2002,10.);
#642=VECTOR('',#2003,10.);
#643=VECTOR('',#2006,10.);
#644=VECTOR('',#2007,10.);
#645=VECTOR('',#2010,10.);
#646=VECTOR('',#2015,10.);
#647=VECTOR('',#2016,10.);
#648=VECTOR('',#2017,10.);
#649=VECTOR('',#2020,10.);
#650=VECTOR('',#2023,10.);
#651=VECTOR('',#2026,10.);
#652=VECTOR('',#2027,10.);
#653=VECTOR('',#2028,10.);
#654=VECTOR('',#2029,10.);
#655=VECTOR('',#2030,10.);
#656=VECTOR('',#2031,10.);
#657=VECTOR('',#2034,10.);
#658=VECTOR('',#2037,10.);
#659=VECTOR('',#2042,10.);
#660=VECTOR('',#2043,10.);
#661=VECTOR('',#2046,10.);
#662=VECTOR('',#2049,10.);
#663=VECTOR('',#2050,10.);
#664=VECTOR('',#2051,10.);
#665=VECTOR('',#2054,10.);
#666=VECTOR('',#2055,10.);
#667=VECTOR('',#2058,10.);
#668=VECTOR('',#2059,10.);
#669=VECTOR('',#2062,10.);
#670=VECTOR('',#2069,10.);
#671=VECTOR('',#2070,10.);
#672=VECTOR('',#2071,10.);
#673=VECTOR('',#2074,10.);
#674=VECTOR('',#2079,10.);
#675=VECTOR('',#2084,10.);
#676=VECTOR('',#2087,10.);
#677=VECTOR('',#2088,10.);
#678=VECTOR('',#2091,10.);
#679=VECTOR('',#2094,10.);
#680=CIRCLE('',#1611,2.25);
#681=CIRCLE('',#1612,2.25);
#682=CIRCLE('',#1613,2.25);
#683=CIRCLE('',#1614,2.25);
#684=CIRCLE('',#1616,1.2);
#685=CIRCLE('',#1620,1.2);
#686=CIRCLE('',#1622,2.25);
#687=CIRCLE('',#1623,2.25);
#688=CIRCLE('',#1624,2.25);
#689=CIRCLE('',#1625,2.25);
#690=CIRCLE('',#1627,1.2);
#691=CIRCLE('',#1631,1.2);
#692=CIRCLE('',#1638,7.5);
#693=CIRCLE('',#1645,7.5);
#694=CIRCLE('',#1646,7.5);
#695=CIRCLE('',#1665,7.5);
#696=VERTEX_POINT('',#2103);
#697=VERTEX_POINT('',#2105);
#698=VERTEX_POINT('',#2107);
#699=VERTEX_POINT('',#2109);
#700=VERTEX_POINT('',#2111);
#701=VERTEX_POINT('',#2113);
#702=VERTEX_POINT('',#2117);
#703=VERTEX_POINT('',#2120);
#704=VERTEX_POINT('',#2122);
#705=VERTEX_POINT('',#2124);
#706=VERTEX_POINT('',#2126);
#707=VERTEX_POINT('',#2130);
#708=VERTEX_POINT('',#2134);
#709=VERTEX_POINT('',#2138);
#710=VERTEX_POINT('',#2140);
#711=VERTEX_POINT('',#2142);
#712=VERTEX_POINT('',#2144);
#713=VERTEX_POINT('',#2146);
#714=VERTEX_POINT('',#2148);
#715=VERTEX_POINT('',#2152);
#716=VERTEX_POINT('',#2155);
#717=VERTEX_POINT('',#2157);
#718=VERTEX_POINT('',#2159);
#719=VERTEX_POINT('',#2161);
#720=VERTEX_POINT('',#2163);
#721=VERTEX_POINT('',#2165);
#722=VERTEX_POINT('',#2167);
#723=VERTEX_POINT('',#2169);
#724=VERTEX_POINT('',#2173);
#725=VERTEX_POINT('',#2177);
#726=VERTEX_POINT('',#2181);
#727=VERTEX_POINT('',#2182);
#728=VERTEX_POINT('',#2184);
#729=VERTEX_POINT('',#2186);
#730=VERTEX_POINT('',#2190);
#731=VERTEX_POINT('',#2192);
#732=VERTEX_POINT('',#2196);
#733=VERTEX_POINT('',#2198);
#734=VERTEX_POINT('',#2206);
#735=VERTEX_POINT('',#2207);
#736=VERTEX_POINT('',#2211);
#737=VERTEX_POINT('',#2212);
#738=VERTEX_POINT('',#2214);
#739=VERTEX_POINT('',#2216);
#740=VERTEX_POINT('',#2220);
#741=VERTEX_POINT('',#2223);
#742=VERTEX_POINT('',#2227);
#743=VERTEX_POINT('',#2229);
#744=VERTEX_POINT('',#2237);
#745=VERTEX_POINT('',#2238);
#746=VERTEX_POINT('',#2240);
#747=VERTEX_POINT('',#2242);
#748=VERTEX_POINT('',#2244);
#749=VERTEX_POINT('',#2246);
#750=VERTEX_POINT('',#2248);
#751=VERTEX_POINT('',#2250);
#752=VERTEX_POINT('',#2252);
#753=VERTEX_POINT('',#2254);
#754=VERTEX_POINT('',#2256);
#755=VERTEX_POINT('',#2258);
#756=VERTEX_POINT('',#2260);
#757=VERTEX_POINT('',#2262);
#758=VERTEX_POINT('',#2264);
#759=VERTEX_POINT('',#2266);
#760=VERTEX_POINT('',#2269);
#761=VERTEX_POINT('',#2273);
#762=VERTEX_POINT('',#2274);
#763=VERTEX_POINT('',#2279);
#764=VERTEX_POINT('',#2280);
#765=VERTEX_POINT('',#2287);
#766=VERTEX_POINT('',#2289);
#767=VERTEX_POINT('',#2291);
#768=VERTEX_POINT('',#2295);
#769=VERTEX_POINT('',#2297);
#770=VERTEX_POINT('',#2299);
#771=VERTEX_POINT('',#2303);
#772=VERTEX_POINT('',#2305);
#773=VERTEX_POINT('',#2312);
#774=VERTEX_POINT('',#2313);
#775=VERTEX_POINT('',#2315);
#776=VERTEX_POINT('',#2317);
#777=VERTEX_POINT('',#2321);
#778=VERTEX_POINT('',#2323);
#779=VERTEX_POINT('',#2327);
#780=VERTEX_POINT('',#2329);
#781=VERTEX_POINT('',#2333);
#782=VERTEX_POINT('',#2335);
#783=VERTEX_POINT('',#2339);
#784=VERTEX_POINT('',#2341);
#785=VERTEX_POINT('',#2345);
#786=VERTEX_POINT('',#2347);
#787=VERTEX_POINT('',#2349);
#788=VERTEX_POINT('',#2353);
#789=VERTEX_POINT('',#2355);
#790=VERTEX_POINT('',#2357);
#791=VERTEX_POINT('',#2361);
#792=VERTEX_POINT('',#2368);
#793=VERTEX_POINT('',#2370);
#794=VERTEX_POINT('',#2373);
#795=VERTEX_POINT('',#2375);
#796=VERTEX_POINT('',#2377);
#797=VERTEX_POINT('',#2379);
#798=VERTEX_POINT('',#2381);
#799=VERTEX_POINT('',#2383);
#800=VERTEX_POINT('',#2385);
#801=VERTEX_POINT('',#2387);
#802=VERTEX_POINT('',#2391);
#803=VERTEX_POINT('',#2395);
#804=VERTEX_POINT('',#2396);
#805=VERTEX_POINT('',#2398);
#806=VERTEX_POINT('',#2400);
#807=VERTEX_POINT('',#2405);
#808=VERTEX_POINT('',#2407);
#809=VERTEX_POINT('',#2411);
#810=VERTEX_POINT('',#2413);
#811=VERTEX_POINT('',#2417);
#812=VERTEX_POINT('',#2419);
#813=VERTEX_POINT('',#2421);
#814=VERTEX_POINT('',#2423);
#815=VERTEX_POINT('',#2426);
#816=VERTEX_POINT('',#2427);
#817=VERTEX_POINT('',#2429);
#818=VERTEX_POINT('',#2431);
#819=VERTEX_POINT('',#2435);
#820=VERTEX_POINT('',#2439);
#821=VERTEX_POINT('',#2441);
#822=VERTEX_POINT('',#2444);
#823=VERTEX_POINT('',#2448);
#824=VERTEX_POINT('',#2450);
#825=VERTEX_POINT('',#2454);
#826=VERTEX_POINT('',#2455);
#827=VERTEX_POINT('',#2457);
#828=VERTEX_POINT('',#2459);
#829=VERTEX_POINT('',#2463);
#830=VERTEX_POINT('',#2465);
#831=VERTEX_POINT('',#2469);
#832=VERTEX_POINT('',#2473);
#833=VERTEX_POINT('',#2480);
#834=VERTEX_POINT('',#2482);
#835=VERTEX_POINT('',#2491);
#836=VERTEX_POINT('',#2494);
#837=VERTEX_POINT('',#2504);
#838=VERTEX_POINT('',#2510);
#839=VERTEX_POINT('',#2512);
#840=VERTEX_POINT('',#2516);
#841=VERTEX_POINT('',#2520);
#842=VERTEX_POINT('',#2528);
#843=VERTEX_POINT('',#2541);
#844=EDGE_CURVE('',#696,#696,#680,.T.);
#845=EDGE_CURVE('',#696,#697,#266,.T.);
#846=EDGE_CURVE('',#698,#697,#681,.T.);
#847=EDGE_CURVE('',#699,#698,#267,.T.);
#848=EDGE_CURVE('',#700,#699,#682,.T.);
#849=EDGE_CURVE('',#701,#700,#268,.T.);
#850=EDGE_CURVE('',#697,#701,#683,.T.);
#851=EDGE_CURVE('',#702,#702,#684,.T.);
#852=EDGE_CURVE('',#701,#703,#269,.T.);
#853=EDGE_CURVE('',#704,#703,#270,.T.);
#854=EDGE_CURVE('',#704,#705,#271,.T.);
#855=EDGE_CURVE('',#705,#706,#272,.T.);
#856=EDGE_CURVE('',#706,#698,#273,.T.);
#857=EDGE_CURVE('',#707,#700,#274,.T.);
#858=EDGE_CURVE('',#703,#707,#275,.T.);
#859=EDGE_CURVE('',#708,#708,#685,.T.);
#860=EDGE_CURVE('',#708,#702,#276,.T.);
#861=EDGE_CURVE('',#709,#709,#686,.T.);
#862=EDGE_CURVE('',#709,#710,#277,.T.);
#863=EDGE_CURVE('',#711,#710,#687,.T.);
#864=EDGE_CURVE('',#712,#711,#278,.T.);
#865=EDGE_CURVE('',#713,#712,#688,.T.);
#866=EDGE_CURVE('',#714,#713,#279,.T.);
#867=EDGE_CURVE('',#710,#714,#689,.T.);
#868=EDGE_CURVE('',#715,#715,#690,.T.);
#869=EDGE_CURVE('',#714,#716,#280,.T.);
#870=EDGE_CURVE('',#716,#717,#281,.T.);
#871=EDGE_CURVE('',#717,#718,#282,.T.);
#872=EDGE_CURVE('',#718,#719,#283,.T.);
#873=EDGE_CURVE('',#719,#720,#284,.T.);
#874=EDGE_CURVE('',#720,#721,#285,.T.);
#875=EDGE_CURVE('',#721,#722,#286,.T.);
#876=EDGE_CURVE('',#723,#722,#287,.T.);
#877=EDGE_CURVE('',#723,#711,#288,.T.);
#878=EDGE_CURVE('',#724,#713,#289,.T.);
#879=EDGE_CURVE('',#716,#724,#290,.T.);
#880=EDGE_CURVE('',#725,#725,#691,.T.);
#881=EDGE_CURVE('',#725,#715,#291,.T.);
#882=EDGE_CURVE('',#726,#727,#292,.T.);
#883=EDGE_CURVE('',#727,#728,#293,.T.);
#884=EDGE_CURVE('',#729,#728,#294,.T.);
#885=EDGE_CURVE('',#726,#729,#295,.T.);
#886=EDGE_CURVE('',#730,#726,#296,.T.);
#887=EDGE_CURVE('',#731,#729,#297,.T.);
#888=EDGE_CURVE('',#730,#731,#298,.T.);
#889=EDGE_CURVE('',#732,#730,#299,.T.);
#890=EDGE_CURVE('',#733,#731,#300,.T.);
#891=EDGE_CURVE('',#732,#733,#301,.T.);
#892=EDGE_CURVE('',#727,#732,#302,.T.);
#893=EDGE_CURVE('',#728,#733,#303,.T.);
#894=EDGE_CURVE('',#734,#735,#692,.T.);
#895=EDGE_CURVE('',#735,#734,#304,.T.);
#896=EDGE_CURVE('',#736,#737,#305,.T.);
#897=EDGE_CURVE('',#737,#738,#306,.T.);
#898=EDGE_CURVE('',#739,#738,#307,.T.);
#899=EDGE_CURVE('',#736,#739,#308,.T.);
#900=EDGE_CURVE('',#740,#736,#309,.T.);
#901=EDGE_CURVE('',#734,#739,#310,.T.);
#902=EDGE_CURVE('',#741,#735,#311,.T.);
#903=EDGE_CURVE('',#740,#741,#312,.T.);
#904=EDGE_CURVE('',#742,#740,#313,.T.);
#905=EDGE_CURVE('',#743,#741,#314,.T.);
#906=EDGE_CURVE('',#742,#743,#315,.T.);
#907=EDGE_CURVE('',#737,#742,#316,.T.);
#908=EDGE_CURVE('',#738,#743,#317,.T.);
#909=EDGE_CURVE('',#744,#745,#318,.T.);
#910=EDGE_CURVE('',#745,#746,#319,.T.);
#911=EDGE_CURVE('',#746,#747,#320,.T.);
#912=EDGE_CURVE('',#748,#747,#321,.T.);
#913=EDGE_CURVE('',#749,#748,#322,.T.);
#914=EDGE_CURVE('',#750,#749,#323,.T.);
#915=EDGE_CURVE('',#751,#750,#324,.T.);
#916=EDGE_CURVE('',#752,#751,#325,.T.);
#917=EDGE_CURVE('',#752,#753,#326,.T.);
#918=EDGE_CURVE('',#753,#754,#327,.T.);
#919=EDGE_CURVE('',#754,#755,#328,.T.);
#920=EDGE_CURVE('',#756,#755,#329,.T.);
#921=EDGE_CURVE('',#757,#756,#330,.T.);
#922=EDGE_CURVE('',#758,#757,#331,.T.);
#923=EDGE_CURVE('',#759,#758,#332,.T.);
#924=EDGE_CURVE('',#744,#759,#333,.T.);
#925=EDGE_CURVE('',#735,#760,#693,.T.);
#926=EDGE_CURVE('',#760,#734,#694,.T.);
#927=EDGE_CURVE('',#761,#762,#334,.T.);
#928=EDGE_CURVE('',#745,#761,#335,.T.);
#929=EDGE_CURVE('',#762,#744,#336,.T.);
#930=EDGE_CURVE('',#763,#764,#337,.T.);
#931=EDGE_CURVE('',#747,#763,#338,.T.);
#932=EDGE_CURVE('',#746,#764,#339,.T.);
#933=EDGE_CURVE('',#764,#761,#340,.T.);
#934=EDGE_CURVE('',#765,#763,#341,.T.);
#935=EDGE_CURVE('',#766,#765,#342,.T.);
#936=EDGE_CURVE('',#766,#767,#343,.T.);
#937=EDGE_CURVE('',#748,#767,#344,.T.);
#938=EDGE_CURVE('',#759,#768,#345,.T.);
#939=EDGE_CURVE('',#768,#769,#346,.T.);
#940=EDGE_CURVE('',#769,#770,#347,.T.);
#941=EDGE_CURVE('',#762,#770,#348,.T.);
#942=EDGE_CURVE('',#771,#718,#349,.T.);
#943=EDGE_CURVE('',#772,#771,#350,.T.);
#944=EDGE_CURVE('',#755,#772,#351,.T.);
#945=EDGE_CURVE('',#754,#719,#352,.T.);
#946=EDGE_CURVE('',#753,#720,#353,.T.);
#947=EDGE_CURVE('',#773,#774,#354,.T.);
#948=EDGE_CURVE('',#775,#773,#355,.T.);
#949=EDGE_CURVE('',#776,#775,#356,.T.);
#950=EDGE_CURVE('',#776,#774,#357,.T.);
#951=EDGE_CURVE('',#777,#752,#358,.T.);
#952=EDGE_CURVE('',#778,#777,#359,.T.);
#953=EDGE_CURVE('',#721,#778,#360,.T.);
#954=EDGE_CURVE('',#774,#779,#361,.T.);
#955=EDGE_CURVE('',#780,#776,#362,.T.);
#956=EDGE_CURVE('',#779,#780,#363,.T.);
#957=EDGE_CURVE('',#781,#773,#364,.T.);
#958=EDGE_CURVE('',#782,#781,#365,.T.);
#959=EDGE_CURVE('',#775,#782,#366,.T.);
#960=EDGE_CURVE('',#780,#783,#367,.T.);
#961=EDGE_CURVE('',#784,#783,#368,.T.);
#962=EDGE_CURVE('',#779,#784,#369,.T.);
#963=EDGE_CURVE('',#751,#785,#370,.T.);
#964=EDGE_CURVE('',#785,#786,#371,.T.);
#965=EDGE_CURVE('',#786,#787,#372,.T.);
#966=EDGE_CURVE('',#777,#787,#373,.T.);
#967=EDGE_CURVE('',#788,#772,#374,.T.);
#968=EDGE_CURVE('',#789,#788,#375,.T.);
#969=EDGE_CURVE('',#789,#790,#376,.T.);
#970=EDGE_CURVE('',#756,#790,#377,.T.);
#971=EDGE_CURVE('',#791,#778,#378,.T.);
#972=EDGE_CURVE('',#722,#791,#379,.T.);
#973=EDGE_CURVE('',#787,#791,#380,.T.);
#974=EDGE_CURVE('',#770,#788,#381,.T.);
#975=EDGE_CURVE('',#771,#792,#382,.T.);
#976=EDGE_CURVE('',#792,#793,#383,.T.);
#977=EDGE_CURVE('',#793,#781,#384,.T.);
#978=EDGE_CURVE('',#784,#794,#385,.T.);
#979=EDGE_CURVE('',#794,#795,#386,.T.);
#980=EDGE_CURVE('',#795,#796,#387,.T.);
#981=EDGE_CURVE('',#796,#797,#388,.T.);
#982=EDGE_CURVE('',#797,#798,#389,.T.);
#983=EDGE_CURVE('',#798,#799,#390,.T.);
#984=EDGE_CURVE('',#799,#800,#391,.T.);
#985=EDGE_CURVE('',#800,#801,#392,.T.);
#986=EDGE_CURVE('',#801,#765,#393,.T.);
#987=EDGE_CURVE('',#760,#802,#394,.T.);
#988=EDGE_CURVE('',#802,#802,#695,.T.);
#989=EDGE_CURVE('',#803,#804,#395,.T.);
#990=EDGE_CURVE('',#805,#803,#396,.T.);
#991=EDGE_CURVE('',#806,#805,#397,.T.);
#992=EDGE_CURVE('',#806,#804,#398,.T.);
#993=EDGE_CURVE('',#796,#803,#399,.T.);
#994=EDGE_CURVE('',#807,#795,#400,.T.);
#995=EDGE_CURVE('',#808,#807,#401,.T.);
#996=EDGE_CURVE('',#805,#808,#402,.T.);
#997=EDGE_CURVE('',#809,#807,#403,.T.);
#998=EDGE_CURVE('',#810,#809,#404,.T.);
#999=EDGE_CURVE('',#808,#810,#405,.T.);
#1000=EDGE_CURVE('',#811,#804,#406,.T.);
#1001=EDGE_CURVE('',#812,#811,#407,.T.);
#1002=EDGE_CURVE('',#812,#813,#408,.T.);
#1003=EDGE_CURVE('',#813,#814,#409,.T.);
#1004=EDGE_CURVE('',#814,#797,#410,.T.);
#1005=EDGE_CURVE('',#815,#816,#411,.T.);
#1006=EDGE_CURVE('',#816,#817,#412,.T.);
#1007=EDGE_CURVE('',#817,#818,#413,.T.);
#1008=EDGE_CURVE('',#818,#815,#414,.T.);
#1009=EDGE_CURVE('',#699,#819,#415,.T.);
#1010=EDGE_CURVE('',#819,#812,#416,.T.);
#1011=EDGE_CURVE('',#811,#806,#417,.T.);
#1012=EDGE_CURVE('',#810,#820,#418,.T.);
#1013=EDGE_CURVE('',#820,#821,#419,.T.);
#1014=EDGE_CURVE('',#821,#724,#420,.T.);
#1015=EDGE_CURVE('',#712,#822,#421,.T.);
#1016=EDGE_CURVE('',#822,#707,#422,.T.);
#1017=EDGE_CURVE('',#823,#794,#423,.T.);
#1018=EDGE_CURVE('',#823,#824,#424,.T.);
#1019=EDGE_CURVE('',#824,#821,#425,.T.);
#1020=EDGE_CURVE('',#820,#809,#426,.T.);
#1021=EDGE_CURVE('',#825,#826,#427,.T.);
#1022=EDGE_CURVE('',#826,#827,#428,.T.);
#1023=EDGE_CURVE('',#827,#828,#429,.T.);
#1024=EDGE_CURVE('',#828,#825,#430,.T.);
#1025=EDGE_CURVE('',#816,#829,#431,.T.);
#1026=EDGE_CURVE('',#829,#830,#432,.T.);
#1027=EDGE_CURVE('',#817,#830,#433,.T.);
#1028=EDGE_CURVE('',#831,#815,#434,.T.);
#1029=EDGE_CURVE('',#829,#831,#435,.T.);
#1030=EDGE_CURVE('',#830,#832,#436,.T.);
#1031=EDGE_CURVE('',#832,#818,#437,.T.);
#1032=EDGE_CURVE('',#831,#832,#438,.T.);
#1033=EDGE_CURVE('',#833,#813,#439,.T.);
#1034=EDGE_CURVE('',#834,#833,#440,.T.);
#1035=EDGE_CURVE('',#814,#834,#441,.T.);
#1036=EDGE_CURVE('',#706,#819,#442,.T.);
#1037=EDGE_CURVE('',#834,#798,#443,.T.);
#1038=EDGE_CURVE('',#822,#723,#444,.T.);
#1039=EDGE_CURVE('',#786,#835,#445,.T.);
#1040=EDGE_CURVE('',#750,#835,#446,.T.);
#1041=EDGE_CURVE('',#749,#836,#447,.T.);
#1042=EDGE_CURVE('',#836,#766,#448,.T.);
#1043=EDGE_CURVE('',#801,#704,#449,.T.);
#1044=EDGE_CURVE('',#833,#799,#450,.T.);
#1045=EDGE_CURVE('',#705,#800,#451,.T.);
#1046=EDGE_CURVE('',#768,#837,#452,.T.);
#1047=EDGE_CURVE('',#769,#837,#453,.T.);
#1048=EDGE_CURVE('',#836,#767,#454,.T.);
#1049=EDGE_CURVE('',#838,#826,#455,.T.);
#1050=EDGE_CURVE('',#838,#839,#456,.T.);
#1051=EDGE_CURVE('',#839,#827,#457,.T.);
#1052=EDGE_CURVE('',#825,#840,#458,.T.);
#1053=EDGE_CURVE('',#840,#838,#459,.T.);
#1054=EDGE_CURVE('',#841,#839,#460,.T.);
#1055=EDGE_CURVE('',#828,#841,#461,.T.);
#1056=EDGE_CURVE('',#840,#841,#462,.T.);
#1057=EDGE_CURVE('',#842,#782,#463,.T.);
#1058=EDGE_CURVE('',#824,#842,#464,.T.);
#1059=EDGE_CURVE('',#783,#823,#465,.T.);
#1060=EDGE_CURVE('',#842,#793,#466,.T.);
#1061=EDGE_CURVE('',#717,#792,#467,.T.);
#1062=EDGE_CURVE('',#785,#835,#468,.T.);
#1063=EDGE_CURVE('',#843,#790,#469,.T.);
#1064=EDGE_CURVE('',#843,#789,#470,.T.);
#1065=EDGE_CURVE('',#757,#843,#471,.T.);
#1066=EDGE_CURVE('',#758,#837,#472,.T.);
#1067=ORIENTED_EDGE('',*,*,#844,.F.);
#1068=ORIENTED_EDGE('',*,*,#845,.T.);
#1069=ORIENTED_EDGE('',*,*,#846,.F.);
#1070=ORIENTED_EDGE('',*,*,#847,.F.);
#1071=ORIENTED_EDGE('',*,*,#848,.F.);
#1072=ORIENTED_EDGE('',*,*,#849,.F.);
#1073=ORIENTED_EDGE('',*,*,#850,.F.);
#1074=ORIENTED_EDGE('',*,*,#845,.F.);
#1075=ORIENTED_EDGE('',*,*,#844,.T.);
#1076=ORIENTED_EDGE('',*,*,#851,.F.);
#1077=ORIENTED_EDGE('',*,*,#846,.T.);
#1078=ORIENTED_EDGE('',*,*,#850,.T.);
#1079=ORIENTED_EDGE('',*,*,#852,.T.);
#1080=ORIENTED_EDGE('',*,*,#853,.F.);
#1081=ORIENTED_EDGE('',*,*,#854,.T.);
#1082=ORIENTED_EDGE('',*,*,#855,.T.);
#1083=ORIENTED_EDGE('',*,*,#856,.T.);
#1084=ORIENTED_EDGE('',*,*,#849,.T.);
#1085=ORIENTED_EDGE('',*,*,#857,.F.);
#1086=ORIENTED_EDGE('',*,*,#858,.F.);
#1087=ORIENTED_EDGE('',*,*,#852,.F.);
#1088=ORIENTED_EDGE('',*,*,#859,.F.);
#1089=ORIENTED_EDGE('',*,*,#860,.T.);
#1090=ORIENTED_EDGE('',*,*,#851,.T.);
#1091=ORIENTED_EDGE('',*,*,#860,.F.);
#1092=ORIENTED_EDGE('',*,*,#861,.F.);
#1093=ORIENTED_EDGE('',*,*,#862,.T.);
#1094=ORIENTED_EDGE('',*,*,#863,.F.);
#1095=ORIENTED_EDGE('',*,*,#864,.F.);
#1096=ORIENTED_EDGE('',*,*,#865,.F.);
#1097=ORIENTED_EDGE('',*,*,#866,.F.);
#1098=ORIENTED_EDGE('',*,*,#867,.F.);
#1099=ORIENTED_EDGE('',*,*,#862,.F.);
#1100=ORIENTED_EDGE('',*,*,#861,.T.);
#1101=ORIENTED_EDGE('',*,*,#868,.F.);
#1102=ORIENTED_EDGE('',*,*,#863,.T.);
#1103=ORIENTED_EDGE('',*,*,#867,.T.);
#1104=ORIENTED_EDGE('',*,*,#869,.T.);
#1105=ORIENTED_EDGE('',*,*,#870,.T.);
#1106=ORIENTED_EDGE('',*,*,#871,.T.);
#1107=ORIENTED_EDGE('',*,*,#872,.T.);
#1108=ORIENTED_EDGE('',*,*,#873,.T.);
#1109=ORIENTED_EDGE('',*,*,#874,.T.);
#1110=ORIENTED_EDGE('',*,*,#875,.T.);
#1111=ORIENTED_EDGE('',*,*,#876,.F.);
#1112=ORIENTED_EDGE('',*,*,#877,.T.);
#1113=ORIENTED_EDGE('',*,*,#866,.T.);
#1114=ORIENTED_EDGE('',*,*,#878,.F.);
#1115=ORIENTED_EDGE('',*,*,#879,.F.);
#1116=ORIENTED_EDGE('',*,*,#869,.F.);
#1117=ORIENTED_EDGE('',*,*,#880,.F.);
#1118=ORIENTED_EDGE('',*,*,#881,.T.);
#1119=ORIENTED_EDGE('',*,*,#868,.T.);
#1120=ORIENTED_EDGE('',*,*,#881,.F.);
#1121=ORIENTED_EDGE('',*,*,#882,.T.);
#1122=ORIENTED_EDGE('',*,*,#883,.T.);
#1123=ORIENTED_EDGE('',*,*,#884,.F.);
#1124=ORIENTED_EDGE('',*,*,#885,.F.);
#1125=ORIENTED_EDGE('',*,*,#886,.T.);
#1126=ORIENTED_EDGE('',*,*,#885,.T.);
#1127=ORIENTED_EDGE('',*,*,#887,.F.);
#1128=ORIENTED_EDGE('',*,*,#888,.F.);
#1129=ORIENTED_EDGE('',*,*,#889,.T.);
#1130=ORIENTED_EDGE('',*,*,#888,.T.);
#1131=ORIENTED_EDGE('',*,*,#890,.F.);
#1132=ORIENTED_EDGE('',*,*,#891,.F.);
#1133=ORIENTED_EDGE('',*,*,#892,.T.);
#1134=ORIENTED_EDGE('',*,*,#891,.T.);
#1135=ORIENTED_EDGE('',*,*,#893,.F.);
#1136=ORIENTED_EDGE('',*,*,#883,.F.);
#1137=ORIENTED_EDGE('',*,*,#892,.F.);
#1138=ORIENTED_EDGE('',*,*,#882,.F.);
#1139=ORIENTED_EDGE('',*,*,#886,.F.);
#1140=ORIENTED_EDGE('',*,*,#889,.F.);
#1141=ORIENTED_EDGE('',*,*,#894,.T.);
#1142=ORIENTED_EDGE('',*,*,#895,.T.);
#1143=ORIENTED_EDGE('',*,*,#896,.T.);
#1144=ORIENTED_EDGE('',*,*,#897,.T.);
#1145=ORIENTED_EDGE('',*,*,#898,.F.);
#1146=ORIENTED_EDGE('',*,*,#899,.F.);
#1147=ORIENTED_EDGE('',*,*,#900,.T.);
#1148=ORIENTED_EDGE('',*,*,#899,.T.);
#1149=ORIENTED_EDGE('',*,*,#901,.F.);
#1150=ORIENTED_EDGE('',*,*,#895,.F.);
#1151=ORIENTED_EDGE('',*,*,#902,.F.);
#1152=ORIENTED_EDGE('',*,*,#903,.F.);
#1153=ORIENTED_EDGE('',*,*,#904,.T.);
#1154=ORIENTED_EDGE('',*,*,#903,.T.);
#1155=ORIENTED_EDGE('',*,*,#905,.F.);
#1156=ORIENTED_EDGE('',*,*,#906,.F.);
#1157=ORIENTED_EDGE('',*,*,#907,.T.);
#1158=ORIENTED_EDGE('',*,*,#906,.T.);
#1159=ORIENTED_EDGE('',*,*,#908,.F.);
#1160=ORIENTED_EDGE('',*,*,#897,.F.);
#1161=ORIENTED_EDGE('',*,*,#907,.F.);
#1162=ORIENTED_EDGE('',*,*,#896,.F.);
#1163=ORIENTED_EDGE('',*,*,#900,.F.);
#1164=ORIENTED_EDGE('',*,*,#904,.F.);
#1165=ORIENTED_EDGE('',*,*,#909,.T.);
#1166=ORIENTED_EDGE('',*,*,#910,.T.);
#1167=ORIENTED_EDGE('',*,*,#911,.T.);
#1168=ORIENTED_EDGE('',*,*,#912,.F.);
#1169=ORIENTED_EDGE('',*,*,#913,.F.);
#1170=ORIENTED_EDGE('',*,*,#914,.F.);
#1171=ORIENTED_EDGE('',*,*,#915,.F.);
#1172=ORIENTED_EDGE('',*,*,#916,.F.);
#1173=ORIENTED_EDGE('',*,*,#917,.T.);
#1174=ORIENTED_EDGE('',*,*,#918,.T.);
#1175=ORIENTED_EDGE('',*,*,#919,.T.);
#1176=ORIENTED_EDGE('',*,*,#920,.F.);
#1177=ORIENTED_EDGE('',*,*,#921,.F.);
#1178=ORIENTED_EDGE('',*,*,#922,.F.);
#1179=ORIENTED_EDGE('',*,*,#923,.F.);
#1180=ORIENTED_EDGE('',*,*,#924,.F.);
#1181=ORIENTED_EDGE('',*,*,#859,.T.);
#1182=ORIENTED_EDGE('',*,*,#880,.T.);
#1183=ORIENTED_EDGE('',*,*,#884,.T.);
#1184=ORIENTED_EDGE('',*,*,#893,.T.);
#1185=ORIENTED_EDGE('',*,*,#890,.T.);
#1186=ORIENTED_EDGE('',*,*,#887,.T.);
#1187=ORIENTED_EDGE('',*,*,#901,.T.);
#1188=ORIENTED_EDGE('',*,*,#898,.T.);
#1189=ORIENTED_EDGE('',*,*,#908,.T.);
#1190=ORIENTED_EDGE('',*,*,#905,.T.);
#1191=ORIENTED_EDGE('',*,*,#902,.T.);
#1192=ORIENTED_EDGE('',*,*,#925,.T.);
#1193=ORIENTED_EDGE('',*,*,#926,.T.);
#1194=ORIENTED_EDGE('',*,*,#927,.F.);
#1195=ORIENTED_EDGE('',*,*,#928,.F.);
#1196=ORIENTED_EDGE('',*,*,#909,.F.);
#1197=ORIENTED_EDGE('',*,*,#929,.F.);
#1198=ORIENTED_EDGE('',*,*,#930,.F.);
#1199=ORIENTED_EDGE('',*,*,#931,.F.);
#1200=ORIENTED_EDGE('',*,*,#911,.F.);
#1201=ORIENTED_EDGE('',*,*,#932,.T.);
#1202=ORIENTED_EDGE('',*,*,#933,.F.);
#1203=ORIENTED_EDGE('',*,*,#932,.F.);
#1204=ORIENTED_EDGE('',*,*,#910,.F.);
#1205=ORIENTED_EDGE('',*,*,#928,.T.);
#1206=ORIENTED_EDGE('',*,*,#931,.T.);
#1207=ORIENTED_EDGE('',*,*,#934,.F.);
#1208=ORIENTED_EDGE('',*,*,#935,.F.);
#1209=ORIENTED_EDGE('',*,*,#936,.T.);
#1210=ORIENTED_EDGE('',*,*,#937,.F.);
#1211=ORIENTED_EDGE('',*,*,#912,.T.);
#1212=ORIENTED_EDGE('',*,*,#929,.T.);
#1213=ORIENTED_EDGE('',*,*,#924,.T.);
#1214=ORIENTED_EDGE('',*,*,#938,.T.);
#1215=ORIENTED_EDGE('',*,*,#939,.T.);
#1216=ORIENTED_EDGE('',*,*,#940,.T.);
#1217=ORIENTED_EDGE('',*,*,#941,.F.);
#1218=ORIENTED_EDGE('',*,*,#872,.F.);
#1219=ORIENTED_EDGE('',*,*,#942,.F.);
#1220=ORIENTED_EDGE('',*,*,#943,.F.);
#1221=ORIENTED_EDGE('',*,*,#944,.F.);
#1222=ORIENTED_EDGE('',*,*,#919,.F.);
#1223=ORIENTED_EDGE('',*,*,#945,.T.);
#1224=ORIENTED_EDGE('',*,*,#873,.F.);
#1225=ORIENTED_EDGE('',*,*,#945,.F.);
#1226=ORIENTED_EDGE('',*,*,#918,.F.);
#1227=ORIENTED_EDGE('',*,*,#946,.T.);
#1228=ORIENTED_EDGE('',*,*,#947,.F.);
#1229=ORIENTED_EDGE('',*,*,#948,.F.);
#1230=ORIENTED_EDGE('',*,*,#949,.F.);
#1231=ORIENTED_EDGE('',*,*,#950,.T.);
#1232=ORIENTED_EDGE('',*,*,#874,.F.);
#1233=ORIENTED_EDGE('',*,*,#946,.F.);
#1234=ORIENTED_EDGE('',*,*,#917,.F.);
#1235=ORIENTED_EDGE('',*,*,#951,.F.);
#1236=ORIENTED_EDGE('',*,*,#952,.F.);
#1237=ORIENTED_EDGE('',*,*,#953,.F.);
#1238=ORIENTED_EDGE('',*,*,#954,.F.);
#1239=ORIENTED_EDGE('',*,*,#950,.F.);
#1240=ORIENTED_EDGE('',*,*,#955,.F.);
#1241=ORIENTED_EDGE('',*,*,#956,.F.);
#1242=ORIENTED_EDGE('',*,*,#957,.F.);
#1243=ORIENTED_EDGE('',*,*,#958,.F.);
#1244=ORIENTED_EDGE('',*,*,#959,.F.);
#1245=ORIENTED_EDGE('',*,*,#948,.T.);
#1246=ORIENTED_EDGE('',*,*,#956,.T.);
#1247=ORIENTED_EDGE('',*,*,#960,.T.);
#1248=ORIENTED_EDGE('',*,*,#961,.F.);
#1249=ORIENTED_EDGE('',*,*,#962,.F.);
#1250=ORIENTED_EDGE('',*,*,#951,.T.);
#1251=ORIENTED_EDGE('',*,*,#916,.T.);
#1252=ORIENTED_EDGE('',*,*,#963,.T.);
#1253=ORIENTED_EDGE('',*,*,#964,.T.);
#1254=ORIENTED_EDGE('',*,*,#965,.T.);
#1255=ORIENTED_EDGE('',*,*,#966,.F.);
#1256=ORIENTED_EDGE('',*,*,#944,.T.);
#1257=ORIENTED_EDGE('',*,*,#967,.F.);
#1258=ORIENTED_EDGE('',*,*,#968,.F.);
#1259=ORIENTED_EDGE('',*,*,#969,.T.);
#1260=ORIENTED_EDGE('',*,*,#970,.F.);
#1261=ORIENTED_EDGE('',*,*,#920,.T.);
#1262=ORIENTED_EDGE('',*,*,#953,.T.);
#1263=ORIENTED_EDGE('',*,*,#971,.F.);
#1264=ORIENTED_EDGE('',*,*,#972,.F.);
#1265=ORIENTED_EDGE('',*,*,#875,.F.);
#1266=ORIENTED_EDGE('',*,*,#952,.T.);
#1267=ORIENTED_EDGE('',*,*,#966,.T.);
#1268=ORIENTED_EDGE('',*,*,#973,.T.);
#1269=ORIENTED_EDGE('',*,*,#971,.T.);
#1270=ORIENTED_EDGE('',*,*,#927,.T.);
#1271=ORIENTED_EDGE('',*,*,#941,.T.);
#1272=ORIENTED_EDGE('',*,*,#974,.T.);
#1273=ORIENTED_EDGE('',*,*,#967,.T.);
#1274=ORIENTED_EDGE('',*,*,#943,.T.);
#1275=ORIENTED_EDGE('',*,*,#975,.T.);
#1276=ORIENTED_EDGE('',*,*,#976,.T.);
#1277=ORIENTED_EDGE('',*,*,#977,.T.);
#1278=ORIENTED_EDGE('',*,*,#957,.T.);
#1279=ORIENTED_EDGE('',*,*,#947,.T.);
#1280=ORIENTED_EDGE('',*,*,#954,.T.);
#1281=ORIENTED_EDGE('',*,*,#962,.T.);
#1282=ORIENTED_EDGE('',*,*,#978,.T.);
#1283=ORIENTED_EDGE('',*,*,#979,.T.);
#1284=ORIENTED_EDGE('',*,*,#980,.T.);
#1285=ORIENTED_EDGE('',*,*,#981,.T.);
#1286=ORIENTED_EDGE('',*,*,#982,.T.);
#1287=ORIENTED_EDGE('',*,*,#983,.T.);
#1288=ORIENTED_EDGE('',*,*,#984,.T.);
#1289=ORIENTED_EDGE('',*,*,#985,.T.);
#1290=ORIENTED_EDGE('',*,*,#986,.T.);
#1291=ORIENTED_EDGE('',*,*,#934,.T.);
#1292=ORIENTED_EDGE('',*,*,#930,.T.);
#1293=ORIENTED_EDGE('',*,*,#933,.T.);
#1294=ORIENTED_EDGE('',*,*,#925,.F.);
#1295=ORIENTED_EDGE('',*,*,#894,.F.);
#1296=ORIENTED_EDGE('',*,*,#926,.F.);
#1297=ORIENTED_EDGE('',*,*,#987,.T.);
#1298=ORIENTED_EDGE('',*,*,#988,.F.);
#1299=ORIENTED_EDGE('',*,*,#987,.F.);
#1300=ORIENTED_EDGE('',*,*,#989,.F.);
#1301=ORIENTED_EDGE('',*,*,#990,.F.);
#1302=ORIENTED_EDGE('',*,*,#991,.F.);
#1303=ORIENTED_EDGE('',*,*,#992,.T.);
#1304=ORIENTED_EDGE('',*,*,#993,.F.);
#1305=ORIENTED_EDGE('',*,*,#980,.F.);
#1306=ORIENTED_EDGE('',*,*,#994,.F.);
#1307=ORIENTED_EDGE('',*,*,#995,.F.);
#1308=ORIENTED_EDGE('',*,*,#996,.F.);
#1309=ORIENTED_EDGE('',*,*,#990,.T.);
#1310=ORIENTED_EDGE('',*,*,#997,.F.);
#1311=ORIENTED_EDGE('',*,*,#998,.F.);
#1312=ORIENTED_EDGE('',*,*,#999,.F.);
#1313=ORIENTED_EDGE('',*,*,#995,.T.);
#1314=ORIENTED_EDGE('',*,*,#993,.T.);
#1315=ORIENTED_EDGE('',*,*,#989,.T.);
#1316=ORIENTED_EDGE('',*,*,#1000,.F.);
#1317=ORIENTED_EDGE('',*,*,#1001,.F.);
#1318=ORIENTED_EDGE('',*,*,#1002,.T.);
#1319=ORIENTED_EDGE('',*,*,#1003,.T.);
#1320=ORIENTED_EDGE('',*,*,#1004,.T.);
#1321=ORIENTED_EDGE('',*,*,#981,.F.);
#1322=ORIENTED_EDGE('',*,*,#1005,.T.);
#1323=ORIENTED_EDGE('',*,*,#1006,.T.);
#1324=ORIENTED_EDGE('',*,*,#1007,.T.);
#1325=ORIENTED_EDGE('',*,*,#1008,.T.);
#1326=ORIENTED_EDGE('',*,*,#848,.T.);
#1327=ORIENTED_EDGE('',*,*,#1009,.T.);
#1328=ORIENTED_EDGE('',*,*,#1010,.T.);
#1329=ORIENTED_EDGE('',*,*,#1001,.T.);
#1330=ORIENTED_EDGE('',*,*,#1011,.T.);
#1331=ORIENTED_EDGE('',*,*,#991,.T.);
#1332=ORIENTED_EDGE('',*,*,#996,.T.);
#1333=ORIENTED_EDGE('',*,*,#999,.T.);
#1334=ORIENTED_EDGE('',*,*,#1012,.T.);
#1335=ORIENTED_EDGE('',*,*,#1013,.T.);
#1336=ORIENTED_EDGE('',*,*,#1014,.T.);
#1337=ORIENTED_EDGE('',*,*,#878,.T.);
#1338=ORIENTED_EDGE('',*,*,#865,.T.);
#1339=ORIENTED_EDGE('',*,*,#1015,.T.);
#1340=ORIENTED_EDGE('',*,*,#1016,.T.);
#1341=ORIENTED_EDGE('',*,*,#857,.T.);
#1342=ORIENTED_EDGE('',*,*,#988,.T.);
#1343=ORIENTED_EDGE('',*,*,#997,.T.);
#1344=ORIENTED_EDGE('',*,*,#994,.T.);
#1345=ORIENTED_EDGE('',*,*,#979,.F.);
#1346=ORIENTED_EDGE('',*,*,#1017,.F.);
#1347=ORIENTED_EDGE('',*,*,#1018,.T.);
#1348=ORIENTED_EDGE('',*,*,#1019,.T.);
#1349=ORIENTED_EDGE('',*,*,#1013,.F.);
#1350=ORIENTED_EDGE('',*,*,#1020,.T.);
#1351=ORIENTED_EDGE('',*,*,#1021,.T.);
#1352=ORIENTED_EDGE('',*,*,#1022,.T.);
#1353=ORIENTED_EDGE('',*,*,#1023,.T.);
#1354=ORIENTED_EDGE('',*,*,#1024,.T.);
#1355=ORIENTED_EDGE('',*,*,#1006,.F.);
#1356=ORIENTED_EDGE('',*,*,#1025,.T.);
#1357=ORIENTED_EDGE('',*,*,#1026,.T.);
#1358=ORIENTED_EDGE('',*,*,#1027,.F.);
#1359=ORIENTED_EDGE('',*,*,#1005,.F.);
#1360=ORIENTED_EDGE('',*,*,#1028,.F.);
#1361=ORIENTED_EDGE('',*,*,#1029,.F.);
#1362=ORIENTED_EDGE('',*,*,#1025,.F.);
#1363=ORIENTED_EDGE('',*,*,#1007,.F.);
#1364=ORIENTED_EDGE('',*,*,#1027,.T.);
#1365=ORIENTED_EDGE('',*,*,#1030,.T.);
#1366=ORIENTED_EDGE('',*,*,#1031,.T.);
#1367=ORIENTED_EDGE('',*,*,#1029,.T.);
#1368=ORIENTED_EDGE('',*,*,#1032,.T.);
#1369=ORIENTED_EDGE('',*,*,#1030,.F.);
#1370=ORIENTED_EDGE('',*,*,#1026,.F.);
#1371=ORIENTED_EDGE('',*,*,#1008,.F.);
#1372=ORIENTED_EDGE('',*,*,#1031,.F.);
#1373=ORIENTED_EDGE('',*,*,#1032,.F.);
#1374=ORIENTED_EDGE('',*,*,#1028,.T.);
#1375=ORIENTED_EDGE('',*,*,#1003,.F.);
#1376=ORIENTED_EDGE('',*,*,#1033,.F.);
#1377=ORIENTED_EDGE('',*,*,#1034,.F.);
#1378=ORIENTED_EDGE('',*,*,#1035,.F.);
#1379=ORIENTED_EDGE('',*,*,#847,.T.);
#1380=ORIENTED_EDGE('',*,*,#856,.F.);
#1381=ORIENTED_EDGE('',*,*,#1036,.T.);
#1382=ORIENTED_EDGE('',*,*,#1009,.F.);
#1383=ORIENTED_EDGE('',*,*,#1035,.T.);
#1384=ORIENTED_EDGE('',*,*,#1037,.T.);
#1385=ORIENTED_EDGE('',*,*,#982,.F.);
#1386=ORIENTED_EDGE('',*,*,#1004,.F.);
#1387=ORIENTED_EDGE('',*,*,#853,.T.);
#1388=ORIENTED_EDGE('',*,*,#858,.T.);
#1389=ORIENTED_EDGE('',*,*,#1016,.F.);
#1390=ORIENTED_EDGE('',*,*,#1038,.T.);
#1391=ORIENTED_EDGE('',*,*,#876,.T.);
#1392=ORIENTED_EDGE('',*,*,#972,.T.);
#1393=ORIENTED_EDGE('',*,*,#973,.F.);
#1394=ORIENTED_EDGE('',*,*,#965,.F.);
#1395=ORIENTED_EDGE('',*,*,#1039,.T.);
#1396=ORIENTED_EDGE('',*,*,#1040,.F.);
#1397=ORIENTED_EDGE('',*,*,#914,.T.);
#1398=ORIENTED_EDGE('',*,*,#1041,.T.);
#1399=ORIENTED_EDGE('',*,*,#1042,.T.);
#1400=ORIENTED_EDGE('',*,*,#935,.T.);
#1401=ORIENTED_EDGE('',*,*,#986,.F.);
#1402=ORIENTED_EDGE('',*,*,#1043,.T.);
#1403=ORIENTED_EDGE('',*,*,#1034,.T.);
#1404=ORIENTED_EDGE('',*,*,#1044,.T.);
#1405=ORIENTED_EDGE('',*,*,#983,.F.);
#1406=ORIENTED_EDGE('',*,*,#1037,.F.);
#1407=ORIENTED_EDGE('',*,*,#984,.F.);
#1408=ORIENTED_EDGE('',*,*,#1044,.F.);
#1409=ORIENTED_EDGE('',*,*,#1033,.T.);
#1410=ORIENTED_EDGE('',*,*,#1002,.F.);
#1411=ORIENTED_EDGE('',*,*,#1010,.F.);
#1412=ORIENTED_EDGE('',*,*,#1036,.F.);
#1413=ORIENTED_EDGE('',*,*,#855,.F.);
#1414=ORIENTED_EDGE('',*,*,#1045,.T.);
#1415=ORIENTED_EDGE('',*,*,#985,.F.);
#1416=ORIENTED_EDGE('',*,*,#1045,.F.);
#1417=ORIENTED_EDGE('',*,*,#854,.F.);
#1418=ORIENTED_EDGE('',*,*,#1043,.F.);
#1419=ORIENTED_EDGE('',*,*,#1046,.T.);
#1420=ORIENTED_EDGE('',*,*,#1047,.F.);
#1421=ORIENTED_EDGE('',*,*,#939,.F.);
#1422=ORIENTED_EDGE('',*,*,#1048,.T.);
#1423=ORIENTED_EDGE('',*,*,#936,.F.);
#1424=ORIENTED_EDGE('',*,*,#1042,.F.);
#1425=ORIENTED_EDGE('',*,*,#1022,.F.);
#1426=ORIENTED_EDGE('',*,*,#1049,.F.);
#1427=ORIENTED_EDGE('',*,*,#1050,.T.);
#1428=ORIENTED_EDGE('',*,*,#1051,.T.);
#1429=ORIENTED_EDGE('',*,*,#1021,.F.);
#1430=ORIENTED_EDGE('',*,*,#1052,.T.);
#1431=ORIENTED_EDGE('',*,*,#1053,.T.);
#1432=ORIENTED_EDGE('',*,*,#1049,.T.);
#1433=ORIENTED_EDGE('',*,*,#1023,.F.);
#1434=ORIENTED_EDGE('',*,*,#1051,.F.);
#1435=ORIENTED_EDGE('',*,*,#1054,.F.);
#1436=ORIENTED_EDGE('',*,*,#1055,.F.);
#1437=ORIENTED_EDGE('',*,*,#1024,.F.);
#1438=ORIENTED_EDGE('',*,*,#1055,.T.);
#1439=ORIENTED_EDGE('',*,*,#1056,.F.);
#1440=ORIENTED_EDGE('',*,*,#1052,.F.);
#1441=ORIENTED_EDGE('',*,*,#1053,.F.);
#1442=ORIENTED_EDGE('',*,*,#1056,.T.);
#1443=ORIENTED_EDGE('',*,*,#1054,.T.);
#1444=ORIENTED_EDGE('',*,*,#1050,.F.);
#1445=ORIENTED_EDGE('',*,*,#864,.T.);
#1446=ORIENTED_EDGE('',*,*,#877,.F.);
#1447=ORIENTED_EDGE('',*,*,#1038,.F.);
#1448=ORIENTED_EDGE('',*,*,#1015,.F.);
#1449=ORIENTED_EDGE('',*,*,#959,.T.);
#1450=ORIENTED_EDGE('',*,*,#1057,.F.);
#1451=ORIENTED_EDGE('',*,*,#1058,.F.);
#1452=ORIENTED_EDGE('',*,*,#1018,.F.);
#1453=ORIENTED_EDGE('',*,*,#1059,.F.);
#1454=ORIENTED_EDGE('',*,*,#960,.F.);
#1455=ORIENTED_EDGE('',*,*,#955,.T.);
#1456=ORIENTED_EDGE('',*,*,#949,.T.);
#1457=ORIENTED_EDGE('',*,*,#958,.T.);
#1458=ORIENTED_EDGE('',*,*,#977,.F.);
#1459=ORIENTED_EDGE('',*,*,#1060,.F.);
#1460=ORIENTED_EDGE('',*,*,#1057,.T.);
#1461=ORIENTED_EDGE('',*,*,#1059,.T.);
#1462=ORIENTED_EDGE('',*,*,#1017,.T.);
#1463=ORIENTED_EDGE('',*,*,#978,.F.);
#1464=ORIENTED_EDGE('',*,*,#961,.T.);
#1465=ORIENTED_EDGE('',*,*,#942,.T.);
#1466=ORIENTED_EDGE('',*,*,#871,.F.);
#1467=ORIENTED_EDGE('',*,*,#1061,.T.);
#1468=ORIENTED_EDGE('',*,*,#975,.F.);
#1469=ORIENTED_EDGE('',*,*,#976,.F.);
#1470=ORIENTED_EDGE('',*,*,#1061,.F.);
#1471=ORIENTED_EDGE('',*,*,#870,.F.);
#1472=ORIENTED_EDGE('',*,*,#879,.T.);
#1473=ORIENTED_EDGE('',*,*,#1014,.F.);
#1474=ORIENTED_EDGE('',*,*,#1019,.F.);
#1475=ORIENTED_EDGE('',*,*,#1058,.T.);
#1476=ORIENTED_EDGE('',*,*,#1060,.T.);
#1477=ORIENTED_EDGE('',*,*,#1062,.T.);
#1478=ORIENTED_EDGE('',*,*,#1039,.F.);
#1479=ORIENTED_EDGE('',*,*,#964,.F.);
#1480=ORIENTED_EDGE('',*,*,#1063,.T.);
#1481=ORIENTED_EDGE('',*,*,#969,.F.);
#1482=ORIENTED_EDGE('',*,*,#1064,.F.);
#1483=ORIENTED_EDGE('',*,*,#921,.T.);
#1484=ORIENTED_EDGE('',*,*,#970,.T.);
#1485=ORIENTED_EDGE('',*,*,#1063,.F.);
#1486=ORIENTED_EDGE('',*,*,#1065,.F.);
#1487=ORIENTED_EDGE('',*,*,#974,.F.);
#1488=ORIENTED_EDGE('',*,*,#940,.F.);
#1489=ORIENTED_EDGE('',*,*,#1047,.T.);
#1490=ORIENTED_EDGE('',*,*,#1066,.F.);
#1491=ORIENTED_EDGE('',*,*,#922,.T.);
#1492=ORIENTED_EDGE('',*,*,#1065,.T.);
#1493=ORIENTED_EDGE('',*,*,#1064,.T.);
#1494=ORIENTED_EDGE('',*,*,#968,.T.);
#1495=ORIENTED_EDGE('',*,*,#992,.F.);
#1496=ORIENTED_EDGE('',*,*,#1011,.F.);
#1497=ORIENTED_EDGE('',*,*,#1000,.T.);
#1498=ORIENTED_EDGE('',*,*,#998,.T.);
#1499=ORIENTED_EDGE('',*,*,#1020,.F.);
#1500=ORIENTED_EDGE('',*,*,#1012,.F.);
#1501=ORIENTED_EDGE('',*,*,#923,.T.);
#1502=ORIENTED_EDGE('',*,*,#1066,.T.);
#1503=ORIENTED_EDGE('',*,*,#1046,.F.);
#1504=ORIENTED_EDGE('',*,*,#938,.F.);
#1505=ORIENTED_EDGE('',*,*,#913,.T.);
#1506=ORIENTED_EDGE('',*,*,#937,.T.);
#1507=ORIENTED_EDGE('',*,*,#1048,.F.);
#1508=ORIENTED_EDGE('',*,*,#1041,.F.);
#1509=ORIENTED_EDGE('',*,*,#915,.T.);
#1510=ORIENTED_EDGE('',*,*,#1040,.T.);
#1511=ORIENTED_EDGE('',*,*,#1062,.F.);
#1512=ORIENTED_EDGE('',*,*,#963,.F.);
#1513=CYLINDRICAL_SURFACE('',#1610,2.25);
#1514=CYLINDRICAL_SURFACE('',#1619,1.2);
#1515=CYLINDRICAL_SURFACE('',#1621,2.25);
#1516=CYLINDRICAL_SURFACE('',#1630,1.2);
#1517=CYLINDRICAL_SURFACE('',#1664,7.5);
#1518=ADVANCED_FACE('',(#99),#1513,.F.);
#1519=ADVANCED_FACE('',(#100,#15),#26,.T.);
#1520=ADVANCED_FACE('',(#101),#27,.T.);
#1521=ADVANCED_FACE('',(#102),#28,.F.);
#1522=ADVANCED_FACE('',(#103),#1514,.F.);
#1523=ADVANCED_FACE('',(#104),#1515,.F.);
#1524=ADVANCED_FACE('',(#105,#16),#29,.T.);
#1525=ADVANCED_FACE('',(#106),#30,.T.);
#1526=ADVANCED_FACE('',(#107),#31,.F.);
#1527=ADVANCED_FACE('',(#108),#1516,.F.);
#1528=ADVANCED_FACE('',(#109),#32,.T.);
#1529=ADVANCED_FACE('',(#110),#33,.T.);
#1530=ADVANCED_FACE('',(#111),#34,.T.);
#1531=ADVANCED_FACE('',(#112),#35,.T.);
#1532=ADVANCED_FACE('',(#113),#36,.F.);
#1533=ADVANCED_FACE('',(#114),#37,.T.);
#1534=ADVANCED_FACE('',(#115),#38,.T.);
#1535=ADVANCED_FACE('',(#116),#39,.T.);
#1536=ADVANCED_FACE('',(#117),#40,.T.);
#1537=ADVANCED_FACE('',(#118),#41,.T.);
#1538=ADVANCED_FACE('',(#119),#42,.F.);
#1539=ADVANCED_FACE('',(#120,#17,#18,#19,#20),#43,.F.);
#1540=ADVANCED_FACE('',(#121),#44,.F.);
#1541=ADVANCED_FACE('',(#122),#45,.F.);
#1542=ADVANCED_FACE('',(#123),#46,.F.);
#1543=ADVANCED_FACE('',(#124),#47,.T.);
#1544=ADVANCED_FACE('',(#125),#48,.T.);
#1545=ADVANCED_FACE('',(#126),#49,.F.);
#1546=ADVANCED_FACE('',(#127),#50,.F.);
#1547=ADVANCED_FACE('',(#128),#51,.F.);
#1548=ADVANCED_FACE('',(#129),#52,.F.);
#1549=ADVANCED_FACE('',(#130),#53,.F.);
#1550=ADVANCED_FACE('',(#131),#54,.F.);
#1551=ADVANCED_FACE('',(#132),#55,.F.);
#1552=ADVANCED_FACE('',(#133),#56,.T.);
#1553=ADVANCED_FACE('',(#134),#57,.T.);
#1554=ADVANCED_FACE('',(#135),#58,.F.);
#1555=ADVANCED_FACE('',(#136),#59,.T.);
#1556=ADVANCED_FACE('',(#137),#60,.T.);
#1557=ADVANCED_FACE('',(#138),#1517,.F.);
#1558=ADVANCED_FACE('',(#139),#61,.T.);
#1559=ADVANCED_FACE('',(#140),#62,.T.);
#1560=ADVANCED_FACE('',(#141),#63,.T.);
#1561=ADVANCED_FACE('',(#142,#21),#64,.T.);
#1562=ADVANCED_FACE('',(#143,#22),#65,.T.);
#1563=ADVANCED_FACE('',(#144,#23),#66,.T.);
#1564=ADVANCED_FACE('',(#145),#67,.T.);
#1565=ADVANCED_FACE('',(#146),#68,.F.);
#1566=ADVANCED_FACE('',(#147),#69,.T.);
#1567=ADVANCED_FACE('',(#148),#70,.T.);
#1568=ADVANCED_FACE('',(#149),#71,.T.);
#1569=ADVANCED_FACE('',(#150),#72,.F.);
#1570=ADVANCED_FACE('',(#151),#73,.F.);
#1571=ADVANCED_FACE('',(#152),#74,.T.);
#1572=ADVANCED_FACE('',(#153),#75,.T.);
#1573=ADVANCED_FACE('',(#154),#76,.F.);
#1574=ADVANCED_FACE('',(#155),#77,.F.);
#1575=ADVANCED_FACE('',(#156),#78,.F.);
#1576=ADVANCED_FACE('',(#157),#79,.F.);
#1577=ADVANCED_FACE('',(#158),#80,.F.);
#1578=ADVANCED_FACE('',(#159),#81,.F.);
#1579=ADVANCED_FACE('',(#160),#82,.F.);
#1580=ADVANCED_FACE('',(#161),#83,.T.);
#1581=ADVANCED_FACE('',(#162),#84,.F.);
#1582=ADVANCED_FACE('',(#163),#85,.F.);
#1583=ADVANCED_FACE('',(#164),#86,.F.);
#1584=ADVANCED_FACE('',(#165),#87,.F.);
#1585=ADVANCED_FACE('',(#166),#88,.F.);
#1586=ADVANCED_FACE('',(#167),#89,.T.);
#1587=ADVANCED_FACE('',(#168),#90,.F.);
#1588=ADVANCED_FACE('',(#169),#91,.F.);
#1589=ADVANCED_FACE('',(#170),#92,.F.);
#1590=ADVANCED_FACE('',(#171),#93,.F.);
#1591=ADVANCED_FACE('',(#172),#94,.T.);
#1592=ADVANCED_FACE('',(#173,#24,#25),#95,.T.);
#1593=ADVANCED_FACE('',(#174),#96,.T.);
#1594=ADVANCED_FACE('',(#175),#97,.T.);
#1595=ADVANCED_FACE('',(#176),#98,.T.);
#1596=CLOSED_SHELL('',(#1518,#1519,#1520,#1521,#1522,#1523,#1524,#1525,
#1526,#1527,#1528,#1529,#1530,#1531,#1532,#1533,#1534,#1535,#1536,#1537,
#1538,#1539,#1540,#1541,#1542,#1543,#1544,#1545,#1546,#1547,#1548,#1549,
#1550,#1551,#1552,#1553,#1554,#1555,#1556,#1557,#1558,#1559,#1560,#1561,
#1562,#1563,#1564,#1565,#1566,#1567,#1568,#1569,#1570,#1571,#1572,#1573,
#1574,#1575,#1576,#1577,#1578,#1579,#1580,#1581,#1582,#1583,#1584,#1585,
#1586,#1587,#1588,#1589,#1590,#1591,#1592,#1593,#1594,#1595));
#1597=DERIVED_UNIT_ELEMENT(#1599,1.);
#1598=DERIVED_UNIT_ELEMENT(#2556,-3.);
#1599=(
MASS_UNIT()
NAMED_UNIT(*)
SI_UNIT(.KILO.,.GRAM.)
);
#1600=DERIVED_UNIT((#1597,#1598));
#1601=MEASURE_REPRESENTATION_ITEM('density measure',
POSITIVE_RATIO_MEASURE(7850.),#1600);
#1602=PROPERTY_DEFINITION_REPRESENTATION(#1607,#1604);
#1603=PROPERTY_DEFINITION_REPRESENTATION(#1608,#1605);
#1604=REPRESENTATION('material name',(#1606),#2553);
#1605=REPRESENTATION('density',(#1601),#2553);
#1606=DESCRIPTIVE_REPRESENTATION_ITEM('\X2\94A2\X0\','\X2\94A2\X0\');
#1607=PROPERTY_DEFINITION('material property','material name',#2563);
#1608=PROPERTY_DEFINITION('material property','density of part',#2563);
#1609=AXIS2_PLACEMENT_3D('',#2101,#1704,#1705);
#1610=AXIS2_PLACEMENT_3D('',#2102,#1706,#1707);
#1611=AXIS2_PLACEMENT_3D('',#2104,#1708,#1709);
#1612=AXIS2_PLACEMENT_3D('',#2108,#1711,#1712);
#1613=AXIS2_PLACEMENT_3D('',#2112,#1714,#1715);
#1614=AXIS2_PLACEMENT_3D('',#2115,#1717,#1718);
#1615=AXIS2_PLACEMENT_3D('',#2116,#1719,#1720);
#1616=AXIS2_PLACEMENT_3D('',#2118,#1721,#1722);
#1617=AXIS2_PLACEMENT_3D('',#2119,#1723,#1724);
#1618=AXIS2_PLACEMENT_3D('',#2129,#1730,#1731);
#1619=AXIS2_PLACEMENT_3D('',#2133,#1734,#1735);
#1620=AXIS2_PLACEMENT_3D('',#2135,#1736,#1737);
#1621=AXIS2_PLACEMENT_3D('',#2137,#1739,#1740);
#1622=AXIS2_PLACEMENT_3D('',#2139,#1741,#1742);
#1623=AXIS2_PLACEMENT_3D('',#2143,#1744,#1745);
#1624=AXIS2_PLACEMENT_3D('',#2147,#1747,#1748);
#1625=AXIS2_PLACEMENT_3D('',#2150,#1750,#1751);
#1626=AXIS2_PLACEMENT_3D('',#2151,#1752,#1753);
#1627=AXIS2_PLACEMENT_3D('',#2153,#1754,#1755);
#1628=AXIS2_PLACEMENT_3D('',#2154,#1756,#1757);
#1629=AXIS2_PLACEMENT_3D('',#2172,#1767,#1768);
#1630=AXIS2_PLACEMENT_3D('',#2176,#1771,#1772);
#1631=AXIS2_PLACEMENT_3D('',#2178,#1773,#1774);
#1632=AXIS2_PLACEMENT_3D('',#2180,#1776,#1777);
#1633=AXIS2_PLACEMENT_3D('',#2189,#1782,#1783);
#1634=AXIS2_PLACEMENT_3D('',#2195,#1787,#1788);
#1635=AXIS2_PLACEMENT_3D('',#2201,#1792,#1793);
#1636=AXIS2_PLACEMENT_3D('',#2204,#1796,#1797);
#1637=AXIS2_PLACEMENT_3D('',#2205,#1798,#1799);
#1638=AXIS2_PLACEMENT_3D('',#2208,#1800,#1801);
#1639=AXIS2_PLACEMENT_3D('',#2210,#1803,#1804);
#1640=AXIS2_PLACEMENT_3D('',#2219,#1809,#1810);
#1641=AXIS2_PLACEMENT_3D('',#2226,#1815,#1816);
#1642=AXIS2_PLACEMENT_3D('',#2232,#1820,#1821);
#1643=AXIS2_PLACEMENT_3D('',#2235,#1824,#1825);
#1644=AXIS2_PLACEMENT_3D('',#2236,#1826,#1827);
#1645=AXIS2_PLACEMENT_3D('',#2270,#1844,#1845);
#1646=AXIS2_PLACEMENT_3D('',#2271,#1846,#1847);
#1647=AXIS2_PLACEMENT_3D('',#2272,#1848,#1849);
#1648=AXIS2_PLACEMENT_3D('',#2278,#1853,#1854);
#1649=AXIS2_PLACEMENT_3D('',#2284,#1858,#1859);
#1650=AXIS2_PLACEMENT_3D('',#2286,#1861,#1862);
#1651=AXIS2_PLACEMENT_3D('',#2294,#1867,#1868);
#1652=AXIS2_PLACEMENT_3D('',#2302,#1873,#1874);
#1653=AXIS2_PLACEMENT_3D('',#2309,#1879,#1880);
#1654=AXIS2_PLACEMENT_3D('',#2311,#1882,#1883);
#1655=AXIS2_PLACEMENT_3D('',#2320,#1888,#1889);
#1656=AXIS2_PLACEMENT_3D('',#2326,#1893,#1894);
#1657=AXIS2_PLACEMENT_3D('',#2332,#1898,#1899);
#1658=AXIS2_PLACEMENT_3D('',#2338,#1903,#1904);
#1659=AXIS2_PLACEMENT_3D('',#2344,#1908,#1909);
#1660=AXIS2_PLACEMENT_3D('',#2352,#1914,#1915);
#1661=AXIS2_PLACEMENT_3D('',#2360,#1920,#1921);
#1662=AXIS2_PLACEMENT_3D('',#2364,#1924,#1925);
#1663=AXIS2_PLACEMENT_3D('',#2366,#1927,#1928);
#1664=AXIS2_PLACEMENT_3D('',#2390,#1942,#1943);
#1665=AXIS2_PLACEMENT_3D('',#2393,#1945,#1946);
#1666=AXIS2_PLACEMENT_3D('',#2394,#1947,#1948);
#1667=AXIS2_PLACEMENT_3D('',#2403,#1953,#1954);
#1668=AXIS2_PLACEMENT_3D('',#2410,#1959,#1960);
#1669=AXIS2_PLACEMENT_3D('',#2416,#1964,#1965);
#1670=AXIS2_PLACEMENT_3D('',#2434,#1975,#1976);
#1671=AXIS2_PLACEMENT_3D('',#2447,#1985,#1986);
#1672=AXIS2_PLACEMENT_3D('',#2462,#1995,#1996);
#1673=AXIS2_PLACEMENT_3D('',#2468,#2000,#2001);
#1674=AXIS2_PLACEMENT_3D('',#2472,#2004,#2005);
#1675=AXIS2_PLACEMENT_3D('',#2476,#2008,#2009);
#1676=AXIS2_PLACEMENT_3D('',#2478,#2011,#2012);
#1677=AXIS2_PLACEMENT_3D('',#2479,#2013,#2014);
#1678=AXIS2_PLACEMENT_3D('',#2485,#2018,#2019);
#1679=AXIS2_PLACEMENT_3D('',#2487,#2021,#2022);
#1680=AXIS2_PLACEMENT_3D('',#2489,#2024,#2025);
#1681=AXIS2_PLACEMENT_3D('',#2498,#2032,#2033);
#1682=AXIS2_PLACEMENT_3D('',#2500,#2035,#2036);
#1683=AXIS2_PLACEMENT_3D('',#2502,#2038,#2039);
#1684=AXIS2_PLACEMENT_3D('',#2503,#2040,#2041);
#1685=AXIS2_PLACEMENT_3D('',#2507,#2044,#2045);
#1686=AXIS2_PLACEMENT_3D('',#2509,#2047,#2048);
#1687=AXIS2_PLACEMENT_3D('',#2515,#2052,#2053);
#1688=AXIS2_PLACEMENT_3D('',#2519,#2056,#2057);
#1689=AXIS2_PLACEMENT_3D('',#2523,#2060,#2061);
#1690=AXIS2_PLACEMENT_3D('',#2525,#2063,#2064);
#1691=AXIS2_PLACEMENT_3D('',#2526,#2065,#2066);
#1692=AXIS2_PLACEMENT_3D('',#2527,#2067,#2068);
#1693=AXIS2_PLACEMENT_3D('',#2532,#2072,#2073);
#1694=AXIS2_PLACEMENT_3D('',#2534,#2075,#2076);
#1695=AXIS2_PLACEMENT_3D('',#2535,#2077,#2078);
#1696=AXIS2_PLACEMENT_3D('',#2537,#2080,#2081);
#1697=AXIS2_PLACEMENT_3D('',#2538,#2082,#2083);
#1698=AXIS2_PLACEMENT_3D('',#2540,#2085,#2086);
#1699=AXIS2_PLACEMENT_3D('',#2544,#2089,#2090);
#1700=AXIS2_PLACEMENT_3D('',#2546,#2092,#2093);
#1701=AXIS2_PLACEMENT_3D('',#2548,#2095,#2096);
#1702=AXIS2_PLACEMENT_3D('',#2549,#2097,#2098);
#1703=AXIS2_PLACEMENT_3D('',#2550,#2099,#2100);
#1704=DIRECTION('axis',(0.,0.,1.));
#1705=DIRECTION('refdir',(1.,0.,0.));
#1706=DIRECTION('center_axis',(0.,0.,1.));
#1707=DIRECTION('ref_axis',(1.,0.,0.));
#1708=DIRECTION('center_axis',(0.,0.,1.));
#1709=DIRECTION('ref_axis',(1.,0.,0.));
#1710=DIRECTION('',(0.,0.,1.));
#1711=DIRECTION('center_axis',(0.,0.,-1.));
#1712=DIRECTION('ref_axis',(1.,0.,0.));
#1713=DIRECTION('',(0.,0.,-1.));
#1714=DIRECTION('center_axis',(0.,0.,-1.));
#1715=DIRECTION('ref_axis',(1.,0.,0.));
#1716=DIRECTION('',(0.,0.,1.));
#1717=DIRECTION('center_axis',(0.,0.,-1.));
#1718=DIRECTION('ref_axis',(1.,0.,0.));
#1719=DIRECTION('center_axis',(0.,0.,1.));
#1720=DIRECTION('ref_axis',(1.,0.,0.));
#1721=DIRECTION('center_axis',(0.,0.,1.));
#1722=DIRECTION('ref_axis',(1.,0.,0.));
#1723=DIRECTION('center_axis',(0.,0.,1.));
#1724=DIRECTION('ref_axis',(-2.22044604925031E-16,1.,0.));
#1725=DIRECTION('',(1.,2.22044604925031E-16,0.));
#1726=DIRECTION('',(2.22044604925031E-16,-1.,0.));
#1727=DIRECTION('',(-1.,-2.22044604925031E-16,0.));
#1728=DIRECTION('',(2.22044604925031E-16,-1.,0.));
#1729=DIRECTION('',(1.,2.22044604925031E-16,0.));
#1730=DIRECTION('center_axis',(2.22044604925031E-16,-1.,0.));
#1731=DIRECTION('ref_axis',(1.,2.22044604925031E-16,0.));
#1732=DIRECTION('',(-1.,-2.22044604925031E-16,0.));
#1733=DIRECTION('',(0.,0.,1.));
#1734=DIRECTION('center_axis',(0.,0.,1.));
#1735=DIRECTION('ref_axis',(1.,0.,0.));
#1736=DIRECTION('center_axis',(0.,0.,1.));
#1737=DIRECTION('ref_axis',(1.,0.,0.));
#1738=DIRECTION('',(0.,0.,1.));
#1739=DIRECTION('center_axis',(0.,0.,1.));
#1740=DIRECTION('ref_axis',(1.,0.,0.));
#1741=DIRECTION('center_axis',(0.,0.,1.));
#1742=DIRECTION('ref_axis',(1.,0.,0.));
#1743=DIRECTION('',(0.,0.,1.));
#1744=DIRECTION('center_axis',(0.,0.,-1.));
#1745=DIRECTION('ref_axis',(1.,0.,0.));
#1746=DIRECTION('',(0.,0.,-1.));
#1747=DIRECTION('center_axis',(0.,0.,-1.));
#1748=DIRECTION('ref_axis',(1.,0.,0.));
#1749=DIRECTION('',(0.,0.,1.));
#1750=DIRECTION('center_axis',(0.,0.,-1.));
#1751=DIRECTION('ref_axis',(1.,0.,0.));
#1752=DIRECTION('center_axis',(0.,0.,1.));
#1753=DIRECTION('ref_axis',(1.,0.,0.));
#1754=DIRECTION('center_axis',(0.,0.,1.));
#1755=DIRECTION('ref_axis',(1.,0.,0.));
#1756=DIRECTION('center_axis',(0.,0.,1.));
#1757=DIRECTION('ref_axis',(-2.22044604925031E-16,1.,0.));
#1758=DIRECTION('',(-1.,-2.22044604925031E-16,0.));
#1759=DIRECTION('',(2.22044604925031E-16,-1.,0.));
#1760=DIRECTION('',(1.,2.22044604925031E-16,0.));
#1761=DIRECTION('',(0.,1.,0.));
#1762=DIRECTION('',(1.,0.,0.));
#1763=DIRECTION('',(0.,-1.,0.));
#1764=DIRECTION('',(1.,2.22044604925031E-16,0.));
#1765=DIRECTION('',(2.22044604925031E-16,-1.,0.));
#1766=DIRECTION('',(-1.,-2.22044604925031E-16,0.));
#1767=DIRECTION('center_axis',(-2.22044604925031E-16,1.,0.));
#1768=DIRECTION('ref_axis',(-1.,-2.22044604925031E-16,0.));
#1769=DIRECTION('',(1.,2.22044604925031E-16,0.));
#1770=DIRECTION('',(0.,0.,1.));
#1771=DIRECTION('center_axis',(0.,0.,1.));
#1772=DIRECTION('ref_axis',(1.,0.,0.));
#1773=DIRECTION('center_axis',(0.,0.,1.));
#1774=DIRECTION('ref_axis',(1.,0.,0.));
#1775=DIRECTION('',(0.,0.,1.));
#1776=DIRECTION('center_axis',(0.,1.,0.));
#1777=DIRECTION('ref_axis',(-1.,0.,0.));
#1778=DIRECTION('',(-1.,0.,0.));
#1779=DIRECTION('',(0.,0.,1.));
#1780=DIRECTION('',(-1.,0.,0.));
#1781=DIRECTION('',(0.,0.,1.));
#1782=DIRECTION('center_axis',(1.,0.,0.));
#1783=DIRECTION('ref_axis',(0.,1.,0.));
#1784=DIRECTION('',(0.,1.,0.));
#1785=DIRECTION('',(0.,1.,0.));
#1786=DIRECTION('',(0.,0.,1.));
#1787=DIRECTION('center_axis',(0.,-1.,0.));
#1788=DIRECTION('ref_axis',(1.,0.,0.));
#1789=DIRECTION('',(1.,0.,0.));
#1790=DIRECTION('',(1.,0.,0.));
#1791=DIRECTION('',(0.,0.,1.));
#1792=DIRECTION('center_axis',(-1.,0.,0.));
#1793=DIRECTION('ref_axis',(0.,-1.,0.));
#1794=DIRECTION('',(0.,-1.,0.));
#1795=DIRECTION('',(0.,-1.,0.));
#1796=DIRECTION('center_axis',(0.,0.,1.));
#1797=DIRECTION('ref_axis',(1.,0.,0.));
#1798=DIRECTION('center_axis',(0.,0.,1.));
#1799=DIRECTION('ref_axis',(1.,0.,0.));
#1800=DIRECTION('center_axis',(0.,0.,1.));
#1801=DIRECTION('ref_axis',(-2.22044604925031E-16,1.,0.));
#1802=DIRECTION('',(0.,1.,0.));
#1803=DIRECTION('center_axis',(0.,1.,0.));
#1804=DIRECTION('ref_axis',(-1.,0.,0.));
#1805=DIRECTION('',(-1.,0.,0.));
#1806=DIRECTION('',(0.,0.,1.));
#1807=DIRECTION('',(-1.,0.,0.));
#1808=DIRECTION('',(0.,0.,1.));
#1809=DIRECTION('center_axis',(1.,0.,0.));
#1810=DIRECTION('ref_axis',(0.,1.,0.));
#1811=DIRECTION('',(0.,1.,0.));
#1812=DIRECTION('',(0.,1.,0.));
#1813=DIRECTION('',(0.,1.,0.));
#1814=DIRECTION('',(0.,0.,1.));
#1815=DIRECTION('center_axis',(0.,-1.,0.));
#1816=DIRECTION('ref_axis',(1.,0.,0.));
#1817=DIRECTION('',(1.,0.,0.));
#1818=DIRECTION('',(1.,0.,0.));
#1819=DIRECTION('',(0.,0.,1.));
#1820=DIRECTION('center_axis',(-1.,0.,0.));
#1821=DIRECTION('ref_axis',(0.,-1.,0.));
#1822=DIRECTION('',(0.,-1.,0.));
#1823=DIRECTION('',(0.,-1.,0.));
#1824=DIRECTION('center_axis',(0.,0.,1.));
#1825=DIRECTION('ref_axis',(1.,0.,0.));
#1826=DIRECTION('center_axis',(0.,0.,1.));
#1827=DIRECTION('ref_axis',(-2.22044604925031E-16,1.,0.));
#1828=DIRECTION('',(0.,-1.,0.));
#1829=DIRECTION('',(1.,0.,0.));
#1830=DIRECTION('',(0.,1.,0.));
#1831=DIRECTION('',(-1.,-2.22044604925031E-16,0.));
#1832=DIRECTION('',(-0.707106781186548,0.707106781186547,0.));
#1833=DIRECTION('',(-2.22044604925031E-16,1.,0.));
#1834=DIRECTION('',(0.707106781186548,0.707106781186547,0.));
#1835=DIRECTION('',(1.,2.22044604925031E-16,0.));
#1836=DIRECTION('',(0.,1.,0.));
#1837=DIRECTION('',(-1.,0.,0.));
#1838=DIRECTION('',(0.,-1.,0.));
#1839=DIRECTION('',(1.,2.22044604925031E-16,0.));
#1840=DIRECTION('',(0.707106781186548,-0.707106781186547,0.));
#1841=DIRECTION('',(2.22044604925031E-16,-1.,0.));
#1842=DIRECTION('',(-0.707106781186548,-0.707106781186547,0.));
#1843=DIRECTION('',(-1.,-2.22044604925031E-16,0.));
#1844=DIRECTION('center_axis',(0.,0.,1.));
#1845=DIRECTION('ref_axis',(-2.22044604925031E-16,1.,0.));
#1846=DIRECTION('center_axis',(0.,0.,1.));
#1847=DIRECTION('ref_axis',(-2.22044604925031E-16,1.,0.));
#1848=DIRECTION('center_axis',(-1.,0.,0.));
#1849=DIRECTION('ref_axis',(0.,-1.,0.));
#1850=DIRECTION('',(0.,1.,2.46933570586929E-30));
#1851=DIRECTION('',(0.,0.,1.));
#1852=DIRECTION('',(0.,0.,-1.));
#1853=DIRECTION('center_axis',(1.,0.,0.));
#1854=DIRECTION('ref_axis',(0.,1.,0.));
#1855=DIRECTION('',(0.,-1.,-2.46933570586929E-30));
#1856=DIRECTION('',(0.,0.,1.));
#1857=DIRECTION('',(0.,0.,1.));
#1858=DIRECTION('center_axis',(0.,-1.,0.));
#1859=DIRECTION('ref_axis',(1.,0.,0.));
#1860=DIRECTION('',(-1.,0.,6.99387906287907E-32));
#1861=DIRECTION('center_axis',(-2.22044604925031E-16,1.,0.));
#1862=DIRECTION('ref_axis',(-1.,-2.22044604925031E-16,0.));
#1863=DIRECTION('',(-1.,-2.22044604925031E-16,0.));
#1864=DIRECTION('',(0.,0.,1.));
#1865=DIRECTION('',(-1.,-2.22044604925031E-16,0.));
#1866=DIRECTION('',(0.,0.,1.));
#1867=DIRECTION('center_axis',(-2.22044604925031E-16,1.,0.));
#1868=DIRECTION('ref_axis',(-1.,-2.22044604925031E-16,0.));
#1869=DIRECTION('',(0.,0.,1.));
#1870=DIRECTION('',(-1.,-2.22044604925031E-16,0.));
#1871=DIRECTION('',(0.,0.,1.));
#1872=DIRECTION('',(-1.,-2.22044604925031E-16,0.));
#1873=DIRECTION('center_axis',(-1.,0.,0.));
#1874=DIRECTION('ref_axis',(0.,-1.,0.));
#1875=DIRECTION('',(0.,0.,-1.));
#1876=DIRECTION('',(0.,1.,2.46933570586929E-30));
#1877=DIRECTION('',(0.,0.,1.));
#1878=DIRECTION('',(0.,0.,1.));
#1879=DIRECTION('center_axis',(0.,1.,0.));
#1880=DIRECTION('ref_axis',(-1.,0.,0.));
#1881=DIRECTION('',(0.,0.,1.));
#1882=DIRECTION('center_axis',(0.,1.,0.));
#1883=DIRECTION('ref_axis',(-1.,0.,0.));
#1884=DIRECTION('',(1.,0.,-6.99387906287907E-32));
#1885=DIRECTION('',(0.,0.,1.));
#1886=DIRECTION('',(-1.,0.,0.));
#1887=DIRECTION('',(0.,0.,1.));
#1888=DIRECTION('center_axis',(1.,0.,0.));
#1889=DIRECTION('ref_axis',(0.,1.,0.));
#1890=DIRECTION('',(0.,0.,-1.));
#1891=DIRECTION('',(0.,-1.,-2.46933570586929E-30));
#1892=DIRECTION('',(0.,0.,1.));
#1893=DIRECTION('center_axis',(1.,0.,0.));
#1894=DIRECTION('ref_axis',(0.,1.,0.));
#1895=DIRECTION('',(0.,-1.,-2.46933570586929E-30));
#1896=DIRECTION('',(0.,1.,0.));
#1897=DIRECTION('',(0.,0.,-1.));
#1898=DIRECTION('center_axis',(-1.,0.,0.));
#1899=DIRECTION('ref_axis',(0.,-1.,0.));
#1900=DIRECTION('',(0.,1.,2.46933570586929E-30));
#1901=DIRECTION('',(0.,0.,1.));
#1902=DIRECTION('',(0.,-1.,0.));
#1903=DIRECTION('center_axis',(-2.22044604925031E-16,1.,0.));
#1904=DIRECTION('ref_axis',(-1.,-2.22044604925031E-16,0.));
#1905=DIRECTION('',(1.,2.22044604925031E-16,0.));
#1906=DIRECTION('',(0.,0.,-1.));
#1907=DIRECTION('',(1.,2.22044604925031E-16,-6.99387906287901E-32));
#1908=DIRECTION('center_axis',(2.22044604925031E-16,-1.,0.));
#1909=DIRECTION('ref_axis',(1.,2.22044604925031E-16,0.));
#1910=DIRECTION('',(0.,0.,1.));
#1911=DIRECTION('',(1.,2.22044604925031E-16,0.));
#1912=DIRECTION('',(0.,0.,1.));
#1913=DIRECTION('',(1.,2.22044604925031E-16,0.));
#1914=DIRECTION('center_axis',(2.22044604925031E-16,-1.,0.));
#1915=DIRECTION('ref_axis',(1.,2.22044604925031E-16,0.));
#1916=DIRECTION('',(1.,2.22044604925031E-16,0.));
#1917=DIRECTION('',(0.,0.,1.));
#1918=DIRECTION('',(1.,2.22044604925031E-16,0.));
#1919=DIRECTION('',(0.,0.,1.));
#1920=DIRECTION('center_axis',(2.22044604925031E-16,-1.,0.));
#1921=DIRECTION('ref_axis',(1.,2.22044604925031E-16,0.));
#1922=DIRECTION('',(-1.,-2.22044604925031E-16,6.99387906287901E-32));
#1923=DIRECTION('',(0.,0.,1.));
#1924=DIRECTION('center_axis',(6.99387906287907E-32,-2.46933570586929E-30,
1.));
#1925=DIRECTION('ref_axis',(-2.22044604925031E-16,1.,2.46933570586929E-30));
#1926=DIRECTION('',(-2.22044604925031E-16,1.,0.));
#1927=DIRECTION('center_axis',(6.99387906287907E-32,-2.46933570586929E-30,
1.));
#1928=DIRECTION('ref_axis',(-2.22044604925031E-16,1.,2.46933570586929E-30));
#1929=DIRECTION('',(2.22044604925031E-16,-1.,0.));
#1930=DIRECTION('',(-1.,-2.22044604925031E-16,6.99387906287901E-32));
#1931=DIRECTION('',(-2.22044604925031E-16,1.,1.57778123876112E-30));
#1932=DIRECTION('',(1.,2.22044604925031E-16,-6.99387906287901E-32));
#1933=DIRECTION('',(-2.22044604925031E-16,1.,0.));
#1934=DIRECTION('',(-1.,-2.22044604925031E-16,0.));
#1935=DIRECTION('',(-2.22044604925031E-16,1.,0.));
#1936=DIRECTION('',(1.,2.22044604925031E-16,0.));
#1937=DIRECTION('',(-2.22044604925031E-16,1.,0.));
#1938=DIRECTION('',(-1.,-2.22044604925031E-16,6.99387906287901E-32));
#1939=DIRECTION('',(-2.22044604925031E-16,1.,2.46933570586929E-30));
#1940=DIRECTION('',(1.,2.22044604925031E-16,-6.99387906287901E-32));
#1941=DIRECTION('',(-2.22044604925031E-16,1.,0.));
#1942=DIRECTION('center_axis',(0.,0.,1.));
#1943=DIRECTION('ref_axis',(-2.22044604925031E-16,1.,0.));
#1944=DIRECTION('',(0.,0.,1.));
#1945=DIRECTION('center_axis',(0.,0.,-1.));
#1946=DIRECTION('ref_axis',(-2.22044604925031E-16,1.,0.));
#1947=DIRECTION('center_axis',(-2.22044604925031E-16,1.,0.));
#1948=DIRECTION('ref_axis',(-1.,-2.22044604925031E-16,0.));
#1949=DIRECTION('',(-1.,-2.22044604925031E-16,0.));
#1950=DIRECTION('',(0.,0.,1.));
#1951=DIRECTION('',(1.,2.22044604925031E-16,0.));
#1952=DIRECTION('',(0.,0.,1.));
#1953=DIRECTION('center_axis',(1.,2.22044604925031E-16,0.));
#1954=DIRECTION('ref_axis',(-2.22044604925031E-16,1.,0.));
#1955=DIRECTION('',(-1.38710165032846E-16,0.624695047554425,-0.78086880944303));
#1956=DIRECTION('',(-1.38710165032846E-16,0.624695047554425,0.78086880944303));
#1957=DIRECTION('',(0.,0.,1.));
#1958=DIRECTION('',(2.22044604925031E-16,-1.,0.));
#1959=DIRECTION('center_axis',(2.22044604925031E-16,-1.,0.));
#1960=DIRECTION('ref_axis',(1.,2.22044604925031E-16,0.));
#1961=DIRECTION('',(1.,2.22044604925031E-16,0.));
#1962=DIRECTION('',(0.,0.,1.));
#1963=DIRECTION('',(-1.,-2.22044604925031E-16,0.));
#1964=DIRECTION('center_axis',(1.73387706291057E-16,-0.78086880944303,-0.624695047554425));
#1965=DIRECTION('ref_axis',(1.38710165032846E-16,-0.624695047554425,0.78086880944303));
#1966=DIRECTION('',(1.38710165032846E-16,-0.624695047554425,0.78086880944303));
#1967=DIRECTION('',(-1.,-2.22044604925031E-16,0.));
#1968=DIRECTION('',(1.38710165032846E-16,-0.624695047554425,0.78086880944303));
#1969=DIRECTION('',(1.,2.22044604925031E-16,0.));
#1970=DIRECTION('',(1.38710165032846E-16,-0.624695047554425,0.78086880944303));
#1971=DIRECTION('',(-1.,-2.22044604925026E-16,-6.02402814457572E-30));
#1972=DIRECTION('',(1.38710165032846E-16,-0.624695047554425,0.78086880944303));
#1973=DIRECTION('',(1.,2.22044604925024E-16,9.32387719413367E-30));
#1974=DIRECTION('',(9.9814680006574E-15,0.624695047554425,-0.78086880944303));
#1975=DIRECTION('center_axis',(0.,0.,1.));
#1976=DIRECTION('ref_axis',(-2.22044604925031E-16,1.,0.));
#1977=DIRECTION('',(-1.,-2.22044604925031E-16,0.));
#1978=DIRECTION('',(-2.22044604925031E-16,1.,0.));
#1979=DIRECTION('',(2.22044604925031E-16,-1.,0.));
#1980=DIRECTION('',(2.22044604925031E-16,-1.,0.));
#1981=DIRECTION('',(1.,2.22044604925031E-16,0.));
#1982=DIRECTION('',(-2.22044604925031E-16,1.,0.));
#1983=DIRECTION('',(1.,2.22044604925031E-16,0.));
#1984=DIRECTION('',(-2.22044604925031E-16,1.,0.));
#1985=DIRECTION('center_axis',(-1.73387706291057E-16,0.78086880944303,-0.624695047554425));
#1986=DIRECTION('ref_axis',(1.38710165032846E-16,-0.624695047554425,-0.78086880944303));
#1987=DIRECTION('',(-1.38710165032846E-16,0.624695047554425,0.78086880944303));
#1988=DIRECTION('',(-1.,-2.22044604925031E-16,0.));
#1989=DIRECTION('',(1.38710165032846E-16,-0.624695047554425,-0.78086880944303));
#1990=DIRECTION('',(-1.38710165032846E-16,0.624695047554425,0.78086880944303));
#1991=DIRECTION('',(1.,2.22044604925036E-16,6.02402814457572E-30));
#1992=DIRECTION('',(-1.02588883307231E-14,0.624695047554425,0.78086880944303));
#1993=DIRECTION('',(-1.,-2.22044604925039E-16,-9.32387719413367E-30));
#1994=DIRECTION('',(1.38710165032846E-16,-0.624695047554425,-0.78086880944303));
#1995=DIRECTION('center_axis',(-1.,-2.22044604925031E-16,0.));
#1996=DIRECTION('ref_axis',(0.,0.,1.));
#1997=DIRECTION('',(2.22044604925031E-16,-1.,0.));
#1998=DIRECTION('',(1.38710165032846E-16,-0.624695047554425,0.78086880944303));
#1999=DIRECTION('',(2.22044604925031E-16,-1.,0.));
#2000=DIRECTION('center_axis',(-6.02402814457582E-30,4.20838110470755E-28,
1.));
#2001=DIRECTION('ref_axis',(-2.22044604925031E-16,1.,-4.20838110470755E-28));
#2002=DIRECTION('',(0.998421713112782,0.0561612213625944,0.));
#2003=DIRECTION('',(1.,2.22044604925031E-16,0.));
#2004=DIRECTION('center_axis',(-9.32387719413382E-30,6.68528143808279E-28,
1.));
#2005=DIRECTION('ref_axis',(-2.22044604925031E-16,1.,-6.68528143808279E-28));
#2006=DIRECTION('',(1.,2.22044604925031E-16,0.));
#2007=DIRECTION('',(0.998421713112782,0.0561612213625947,0.));
#2008=DIRECTION('center_axis',(1.73387706291057E-16,-0.78086880944303,-0.624695047554425));
#2009=DIRECTION('ref_axis',(1.38710165032846E-16,-0.624695047554425,0.78086880944303));
#2010=DIRECTION('',(1.38710165032846E-16,-0.624695047554425,0.78086880944303));
#2011=DIRECTION('center_axis',(0.0438815604408655,-0.780116630059826,-0.624093304047861));
#2012=DIRECTION('ref_axis',(1.38710165032846E-16,-0.624695047554424,0.78086880944303));
#2013=DIRECTION('center_axis',(0.,0.,1.));
#2014=DIRECTION('ref_axis',(-2.22044604925031E-16,1.,0.));
#2015=DIRECTION('',(2.22044604925031E-16,-1.,0.));
#2016=DIRECTION('',(-1.,-2.22044604925031E-16,0.));
#2017=DIRECTION('',(-2.22044604925031E-16,1.,0.));
#2018=DIRECTION('center_axis',(2.22044604925031E-16,-1.,0.));
#2019=DIRECTION('ref_axis',(1.,2.22044604925031E-16,0.));
#2020=DIRECTION('',(0.,0.,1.));
#2021=DIRECTION('center_axis',(1.,2.22044604925031E-16,0.));
#2022=DIRECTION('ref_axis',(-2.22044604925031E-16,1.,0.));
#2023=DIRECTION('',(0.,0.,1.));
#2024=DIRECTION('center_axis',(1.,2.22044604925031E-16,0.));
#2025=DIRECTION('ref_axis',(-2.22044604925031E-16,1.,0.));
#2026=DIRECTION('',(0.,0.,-1.));
#2027=DIRECTION('',(-2.22044604925031E-16,1.,0.));
#2028=DIRECTION('',(0.,0.,1.));
#2029=DIRECTION('',(0.,0.,1.));
#2030=DIRECTION('',(-2.22044604925031E-16,1.,0.));
#2031=DIRECTION('',(0.,0.,-1.));
#2032=DIRECTION('center_axis',(2.22044604925031E-16,-1.,0.));
#2033=DIRECTION('ref_axis',(1.,2.22044604925031E-16,0.));
#2034=DIRECTION('',(0.,0.,1.));
#2035=DIRECTION('center_axis',(-1.,-2.22044604925031E-16,0.));
#2036=DIRECTION('ref_axis',(2.22044604925031E-16,-1.,0.));
#2037=DIRECTION('',(0.,0.,1.));
#2038=DIRECTION('center_axis',(-2.22044604925031E-16,1.,0.));
#2039=DIRECTION('ref_axis',(-1.,-2.22044604925031E-16,0.));
#2040=DIRECTION('center_axis',(1.21632679354427E-32,-4.20128018656601E-30,
1.));
#2041=DIRECTION('ref_axis',(-2.22044604925031E-16,1.,4.20128018656601E-30));
#2042=DIRECTION('',(-0.707106781186548,-0.707106781186547,0.));
#2043=DIRECTION('',(2.22044604925031E-16,-1.,0.));
#2044=DIRECTION('center_axis',(1.21632679354427E-32,-4.20128018656601E-30,
1.));
#2045=DIRECTION('ref_axis',(-2.22044604925031E-16,1.,4.20128018656601E-30));
#2046=DIRECTION('',(-0.707106781186548,0.707106781186547,0.));
#2047=DIRECTION('center_axis',(-0.0438815604408652,-0.780116630059826,0.624093304047861));
#2048=DIRECTION('ref_axis',(-1.38710165032846E-16,0.624695047554424,0.78086880944303));
#2049=DIRECTION('',(0.998421713112782,-0.0561612213625939,0.));
#2050=DIRECTION('',(-1.38710165032846E-16,0.624695047554425,0.78086880944303));
#2051=DIRECTION('',(0.998421713112782,-0.0561612213625942,0.));
#2052=DIRECTION('center_axis',(-6.02402814457563E-30,-4.20838110470755E-28,
1.));
#2053=DIRECTION('ref_axis',(-2.22044604925031E-16,1.,4.20838110470755E-28));
#2054=DIRECTION('',(-2.22044604925031E-16,1.,0.));
#2055=DIRECTION('',(1.,2.22044604925031E-16,0.));
#2056=DIRECTION('center_axis',(-9.32387719413353E-30,-6.68528143808279E-28,
1.));
#2057=DIRECTION('ref_axis',(-2.22044604925031E-16,1.,6.68528143808279E-28));
#2058=DIRECTION('',(1.,2.22044604925031E-16,0.));
#2059=DIRECTION('',(-2.22044604925031E-16,1.,0.));
#2060=DIRECTION('center_axis',(1.,2.22044604925031E-16,0.));
#2061=DIRECTION('ref_axis',(0.,0.,-1.));
#2062=DIRECTION('',(-1.38710165032846E-16,0.624695047554425,0.78086880944303));
#2063=DIRECTION('center_axis',(1.73387706291057E-16,-0.78086880944303,0.624695047554425));
#2064=DIRECTION('ref_axis',(-1.38710165032846E-16,0.624695047554425,0.78086880944303));
#2065=DIRECTION('center_axis',(-2.22044604925031E-16,1.,0.));
#2066=DIRECTION('ref_axis',(-1.,-2.22044604925031E-16,0.));
#2067=DIRECTION('center_axis',(0.,0.,1.));
#2068=DIRECTION('ref_axis',(-2.22044604925031E-16,1.,0.));
#2069=DIRECTION('',(1.,2.22044604925031E-16,0.));
#2070=DIRECTION('',(2.22044604925031E-16,-1.,0.));
#2071=DIRECTION('',(-2.22044604925031E-16,1.,0.));
#2072=DIRECTION('center_axis',(-2.22044604925031E-16,1.,0.));
#2073=DIRECTION('ref_axis',(-1.,-2.22044604925031E-16,0.));
#2074=DIRECTION('',(0.,0.,1.));
#2075=DIRECTION('center_axis',(1.,2.22044604925031E-16,0.));
#2076=DIRECTION('ref_axis',(-2.22044604925031E-16,1.,0.));
#2077=DIRECTION('center_axis',(2.22044604925031E-16,-1.,0.));
#2078=DIRECTION('ref_axis',(1.,2.22044604925031E-16,0.));
#2079=DIRECTION('',(0.,0.,1.));
#2080=DIRECTION('center_axis',(-1.,-2.22044604925031E-16,0.));
#2081=DIRECTION('ref_axis',(2.22044604925031E-16,-1.,0.));
#2082=DIRECTION('center_axis',(1.21632679354432E-32,-6.41934736580893E-30,
1.));
#2083=DIRECTION('ref_axis',(-2.22044604925031E-16,1.,6.41934736580893E-30));
#2084=DIRECTION('',(0.707106781186548,0.707106781186547,0.));
#2085=DIRECTION('center_axis',(1.21632679354432E-32,-6.41934736580893E-30,
1.));
#2086=DIRECTION('ref_axis',(-2.22044604925031E-16,1.,6.41934736580893E-30));
#2087=DIRECTION('',(0.707106781186548,-0.707106781186547,0.));
#2088=DIRECTION('',(2.22044604925031E-16,-1.,0.));
#2089=DIRECTION('center_axis',(-0.707106781186547,-0.707106781186548,0.));
#2090=DIRECTION('ref_axis',(0.707106781186548,-0.707106781186547,0.));
#2091=DIRECTION('',(0.,0.,1.));
#2092=DIRECTION('center_axis',(-1.,-2.22044604925031E-16,0.));
#2093=DIRECTION('ref_axis',(2.22044604925031E-16,-1.,0.));
#2094=DIRECTION('',(0.,0.,1.));
#2095=DIRECTION('center_axis',(-0.707106781186547,0.707106781186548,0.));
#2096=DIRECTION('ref_axis',(-0.707106781186548,-0.707106781186547,0.));
#2097=DIRECTION('center_axis',(0.707106781186547,0.707106781186548,0.));
#2098=DIRECTION('ref_axis',(-0.707106781186548,0.707106781186547,0.));
#2099=DIRECTION('center_axis',(0.707106781186547,-0.707106781186548,0.));
#2100=DIRECTION('ref_axis',(0.707106781186548,0.707106781186547,0.));
#2101=CARTESIAN_POINT('',(0.,0.,0.));
#2102=CARTESIAN_POINT('Origin',(0.,16.,5.3));
#2103=CARTESIAN_POINT('',(-2.25,16.,5.3));
#2104=CARTESIAN_POINT('Origin',(0.,16.,5.3));
#2105=CARTESIAN_POINT('',(-2.25,16.,6.7));
#2106=CARTESIAN_POINT('',(-2.25,16.,5.3));
#2107=CARTESIAN_POINT('',(-2.01556443707464,15.,6.7));
#2108=CARTESIAN_POINT('Origin',(0.,16.,6.7));
#2109=CARTESIAN_POINT('',(-2.01556443707464,15.,7.));
#2110=CARTESIAN_POINT('',(-2.01556443707464,15.,5.3));
#2111=CARTESIAN_POINT('',(2.01556443707464,15.,7.));
#2112=CARTESIAN_POINT('Origin',(0.,16.,7.));
#2113=CARTESIAN_POINT('',(2.01556443707464,15.,6.7));
#2114=CARTESIAN_POINT('',(2.01556443707464,15.,5.3));
#2115=CARTESIAN_POINT('Origin',(0.,16.,6.7));
#2116=CARTESIAN_POINT('Origin',(0.,16.,5.3));
#2117=CARTESIAN_POINT('',(-1.2,16.,5.3));
#2118=CARTESIAN_POINT('Origin',(0.,16.,5.3));
#2119=CARTESIAN_POINT('Origin',(4.5,22.95,6.7));
#2120=CARTESIAN_POINT('',(22.,15.,6.7));
#2121=CARTESIAN_POINT('',(-13.,15.,6.7));
#2122=CARTESIAN_POINT('',(22.,23.4,6.7));
#2123=CARTESIAN_POINT('',(22.,-3.625,6.7));
#2124=CARTESIAN_POINT('',(-13.,23.4,6.7));
#2125=CARTESIAN_POINT('',(22.,23.4,6.7));
#2126=CARTESIAN_POINT('',(-13.,15.,6.7));
#2127=CARTESIAN_POINT('',(-13.,22.5,6.7));
#2128=CARTESIAN_POINT('',(-13.,15.,6.7));
#2129=CARTESIAN_POINT('Origin',(-13.,15.,6.7));
#2130=CARTESIAN_POINT('',(22.,15.,7.));
#2131=CARTESIAN_POINT('',(-6.5,15.,7.));
#2132=CARTESIAN_POINT('',(22.,15.,3.35));
#2133=CARTESIAN_POINT('Origin',(0.,16.,0.));
#2134=CARTESIAN_POINT('',(-1.2,16.,0.));
#2135=CARTESIAN_POINT('Origin',(0.,16.,0.));
#2136=CARTESIAN_POINT('',(-1.2,16.,0.));
#2137=CARTESIAN_POINT('Origin',(0.,-16.,5.3));
#2138=CARTESIAN_POINT('',(-2.25,-16.,5.3));
#2139=CARTESIAN_POINT('Origin',(0.,-16.,5.3));
#2140=CARTESIAN_POINT('',(-2.25,-16.,6.7));
#2141=CARTESIAN_POINT('',(-2.25,-16.,5.3));
#2142=CARTESIAN_POINT('',(2.01556443707464,-15.,6.7));
#2143=CARTESIAN_POINT('Origin',(0.,-16.,6.7));
#2144=CARTESIAN_POINT('',(2.01556443707464,-15.,7.));
#2145=CARTESIAN_POINT('',(2.01556443707464,-15.,5.3));
#2146=CARTESIAN_POINT('',(-2.01556443707464,-15.,7.));
#2147=CARTESIAN_POINT('Origin',(0.,-16.,7.));
#2148=CARTESIAN_POINT('',(-2.01556443707464,-15.,6.7));
#2149=CARTESIAN_POINT('',(-2.01556443707464,-15.,5.3));
#2150=CARTESIAN_POINT('Origin',(0.,-16.,6.7));
#2151=CARTESIAN_POINT('Origin',(0.,-16.,5.3));
#2152=CARTESIAN_POINT('',(-1.2,-16.,5.3));
#2153=CARTESIAN_POINT('Origin',(0.,-16.,5.3));
#2154=CARTESIAN_POINT('Origin',(4.50000000000001,-22.95,6.7));
#2155=CARTESIAN_POINT('',(-13.,-15.,6.7));
#2156=CARTESIAN_POINT('',(22.,-15.,6.7));
#2157=CARTESIAN_POINT('',(-13.,-23.4,6.7));
#2158=CARTESIAN_POINT('',(-13.,-22.5,6.7));
#2159=CARTESIAN_POINT('',(7.8,-23.4,6.7));
#2160=CARTESIAN_POINT('',(-13.,-23.4,6.7));
#2161=CARTESIAN_POINT('',(7.8,-21.95,6.7));
#2162=CARTESIAN_POINT('',(7.8,-22.45,6.7));
#2163=CARTESIAN_POINT('',(11.4,-21.95,6.7));
#2164=CARTESIAN_POINT('',(7.95,-21.95,6.7));
#2165=CARTESIAN_POINT('',(11.4,-23.4,6.7));
#2166=CARTESIAN_POINT('',(11.4,-25.475,6.7));
#2167=CARTESIAN_POINT('',(22.,-23.4,6.7));
#2168=CARTESIAN_POINT('',(-13.,-23.4,6.7));
#2169=CARTESIAN_POINT('',(22.,-15.,6.7));
#2170=CARTESIAN_POINT('',(22.,-22.375,6.7));
#2171=CARTESIAN_POINT('',(22.,-15.,6.7));
#2172=CARTESIAN_POINT('Origin',(22.,-15.,6.7));
#2173=CARTESIAN_POINT('',(-13.,-15.,7.));
#2174=CARTESIAN_POINT('',(11.,-15.,7.));
#2175=CARTESIAN_POINT('',(-13.,-15.,6.7));
#2176=CARTESIAN_POINT('Origin',(0.,-16.,0.));
#2177=CARTESIAN_POINT('',(-1.2,-16.,0.));
#2178=CARTESIAN_POINT('Origin',(0.,-16.,0.));
#2179=CARTESIAN_POINT('',(-1.2,-16.,0.));
#2180=CARTESIAN_POINT('Origin',(10.5,20.,-2.1));
#2181=CARTESIAN_POINT('',(10.5,20.,-2.1));
#2182=CARTESIAN_POINT('',(8.3,20.,-2.1));
#2183=CARTESIAN_POINT('',(10.5,20.,-2.1));
#2184=CARTESIAN_POINT('',(8.3,20.,0.));
#2185=CARTESIAN_POINT('',(8.3,20.,-2.1));
#2186=CARTESIAN_POINT('',(10.5,20.,0.));
#2187=CARTESIAN_POINT('',(5.25,20.,0.));
#2188=CARTESIAN_POINT('',(10.5,20.,-2.1));
#2189=CARTESIAN_POINT('Origin',(10.5,-20.,-2.1));
#2190=CARTESIAN_POINT('',(10.5,-20.,-2.1));
#2191=CARTESIAN_POINT('',(10.5,-20.,-2.1));
#2192=CARTESIAN_POINT('',(10.5,-20.,0.));
#2193=CARTESIAN_POINT('',(10.5,-10.,0.));
#2194=CARTESIAN_POINT('',(10.5,-20.,-2.1));
#2195=CARTESIAN_POINT('Origin',(8.3,-20.,-2.1));
#2196=CARTESIAN_POINT('',(8.3,-20.,-2.1));
#2197=CARTESIAN_POINT('',(8.3,-20.,-2.1));
#2198=CARTESIAN_POINT('',(8.3,-20.,0.));
#2199=CARTESIAN_POINT('',(4.15,-20.,0.));
#2200=CARTESIAN_POINT('',(8.3,-20.,-2.1));
#2201=CARTESIAN_POINT('Origin',(8.3,20.,-2.1));
#2202=CARTESIAN_POINT('',(8.3,20.,-2.1));
#2203=CARTESIAN_POINT('',(8.3,10.,0.));
#2204=CARTESIAN_POINT('Origin',(9.4,0.,-2.1));
#2205=CARTESIAN_POINT('Origin',(-7.4,0.,0.));
#2206=CARTESIAN_POINT('',(-6.3,4.06939798987516,0.));
#2207=CARTESIAN_POINT('',(-6.3,-4.06939798987516,0.));
#2208=CARTESIAN_POINT('Origin',(0.,0.,0.));
#2209=CARTESIAN_POINT('',(-6.3,-20.,0.));
#2210=CARTESIAN_POINT('Origin',(-6.3,20.,-2.1));
#2211=CARTESIAN_POINT('',(-6.3,20.,-2.1));
#2212=CARTESIAN_POINT('',(-8.5,20.,-2.1));
#2213=CARTESIAN_POINT('',(-6.3,20.,-2.1));
#2214=CARTESIAN_POINT('',(-8.5,20.,0.));
#2215=CARTESIAN_POINT('',(-8.5,20.,-2.1));
#2216=CARTESIAN_POINT('',(-6.3,20.,0.));
#2217=CARTESIAN_POINT('',(-3.15,20.,0.));
#2218=CARTESIAN_POINT('',(-6.3,20.,-2.1));
#2219=CARTESIAN_POINT('Origin',(-6.3,-20.,-2.1));
#2220=CARTESIAN_POINT('',(-6.3,-20.,-2.1));
#2221=CARTESIAN_POINT('',(-6.3,-20.,-2.1));
#2222=CARTESIAN_POINT('',(-6.3,-10.,0.));
#2223=CARTESIAN_POINT('',(-6.3,-20.,0.));
#2224=CARTESIAN_POINT('',(-6.3,-10.,0.));
#2225=CARTESIAN_POINT('',(-6.3,-20.,-2.1));
#2226=CARTESIAN_POINT('Origin',(-8.5,-20.,-2.1));
#2227=CARTESIAN_POINT('',(-8.5,-20.,-2.1));
#2228=CARTESIAN_POINT('',(-8.5,-20.,-2.1));
#2229=CARTESIAN_POINT('',(-8.5,-20.,0.));
#2230=CARTESIAN_POINT('',(-4.25,-20.,0.));
#2231=CARTESIAN_POINT('',(-8.5,-20.,-2.1));
#2232=CARTESIAN_POINT('Origin',(-8.5,20.,-2.1));
#2233=CARTESIAN_POINT('',(-8.5,20.,-2.1));
#2234=CARTESIAN_POINT('',(-8.5,10.,0.));
#2235=CARTESIAN_POINT('Origin',(-7.4,0.,-2.1));
#2236=CARTESIAN_POINT('Origin',(0.,0.,0.));
#2237=CARTESIAN_POINT('',(7.8,28.,0.));
#2238=CARTESIAN_POINT('',(7.8,25.95,0.));
#2239=CARTESIAN_POINT('',(7.8,14.,0.));
#2240=CARTESIAN_POINT('',(11.4,25.95,0.));
#2241=CARTESIAN_POINT('',(3.9,25.95,0.));
#2242=CARTESIAN_POINT('',(11.4,28.,0.));
#2243=CARTESIAN_POINT('',(11.4,12.975,0.));
#2244=CARTESIAN_POINT('',(20.,28.,0.));
#2245=CARTESIAN_POINT('',(20.,28.,0.));
#2246=CARTESIAN_POINT('',(22.,26.,0.));
#2247=CARTESIAN_POINT('',(22.,26.,0.));
#2248=CARTESIAN_POINT('',(22.,-26.,0.));
#2249=CARTESIAN_POINT('',(22.,-26.,0.));
#2250=CARTESIAN_POINT('',(20.,-28.,0.));
#2251=CARTESIAN_POINT('',(20.,-28.,0.));
#2252=CARTESIAN_POINT('',(11.4,-28.,0.));
#2253=CARTESIAN_POINT('',(-20.,-28.,0.));
#2254=CARTESIAN_POINT('',(11.4,-21.95,0.));
#2255=CARTESIAN_POINT('',(11.4,-14.,0.));
#2256=CARTESIAN_POINT('',(7.8,-21.95,0.));
#2257=CARTESIAN_POINT('',(5.7,-21.95,0.));
#2258=CARTESIAN_POINT('',(7.8,-28.,0.));
#2259=CARTESIAN_POINT('',(7.8,-10.975,0.));
#2260=CARTESIAN_POINT('',(-20.,-28.,0.));
#2261=CARTESIAN_POINT('',(-20.,-28.,0.));
#2262=CARTESIAN_POINT('',(-22.,-26.,0.));
#2263=CARTESIAN_POINT('',(-22.,-26.,0.));
#2264=CARTESIAN_POINT('',(-22.,26.,0.));
#2265=CARTESIAN_POINT('',(-22.,26.,0.));
#2266=CARTESIAN_POINT('',(-20.,28.,0.));
#2267=CARTESIAN_POINT('',(-20.,28.,0.));
#2268=CARTESIAN_POINT('',(20.,28.,0.));
#2269=CARTESIAN_POINT('',(2.58381963629825E-15,-7.5,0.));
#2270=CARTESIAN_POINT('Origin',(0.,0.,0.));
#2271=CARTESIAN_POINT('Origin',(0.,0.,0.));
#2272=CARTESIAN_POINT('Origin',(7.8,28.,0.));
#2273=CARTESIAN_POINT('',(7.8,25.95,12.2));
#2274=CARTESIAN_POINT('',(7.8,28.,12.2));
#2275=CARTESIAN_POINT('',(7.8,25.0825,12.2));
#2276=CARTESIAN_POINT('',(7.8,25.95,0.));
#2277=CARTESIAN_POINT('',(7.8,28.,0.));
#2278=CARTESIAN_POINT('Origin',(11.4,25.95,0.));
#2279=CARTESIAN_POINT('',(11.4,28.,12.2));
#2280=CARTESIAN_POINT('',(11.4,25.95,12.2));
#2281=CARTESIAN_POINT('',(11.4,24.0575,12.2));
#2282=CARTESIAN_POINT('',(11.4,28.,0.));
#2283=CARTESIAN_POINT('',(11.4,25.95,0.));
#2284=CARTESIAN_POINT('Origin',(7.8,25.95,0.));
#2285=CARTESIAN_POINT('',(3.9,25.95,12.2));
#2286=CARTESIAN_POINT('Origin',(20.,28.,0.));
#2287=CARTESIAN_POINT('',(22.,28.,12.2));
#2288=CARTESIAN_POINT('',(22.,28.,12.2));
#2289=CARTESIAN_POINT('',(22.,28.,7.));
#2290=CARTESIAN_POINT('',(22.,28.,7.));
#2291=CARTESIAN_POINT('',(20.,28.,7.));
#2292=CARTESIAN_POINT('',(22.,28.,7.));
#2293=CARTESIAN_POINT('',(20.,28.,0.));
#2294=CARTESIAN_POINT('Origin',(20.,28.,0.));
#2295=CARTESIAN_POINT('',(-20.,28.,7.));
#2296=CARTESIAN_POINT('',(-20.,28.,0.));
#2297=CARTESIAN_POINT('',(-22.,28.,7.));
#2298=CARTESIAN_POINT('',(22.,28.,7.));
#2299=CARTESIAN_POINT('',(-22.,28.,12.2));
#2300=CARTESIAN_POINT('',(-22.,28.,7.));
#2301=CARTESIAN_POINT('',(22.,28.,12.2));
#2302=CARTESIAN_POINT('Origin',(7.8,-21.95,0.));
#2303=CARTESIAN_POINT('',(7.8,-23.4,12.2));
#2304=CARTESIAN_POINT('',(7.8,-23.4,3.35));
#2305=CARTESIAN_POINT('',(7.8,-28.,12.2));
#2306=CARTESIAN_POINT('',(7.8,0.1075,12.2));
#2307=CARTESIAN_POINT('',(7.8,-28.,0.));
#2308=CARTESIAN_POINT('',(7.8,-21.95,0.));
#2309=CARTESIAN_POINT('Origin',(11.4,-21.95,0.));
#2310=CARTESIAN_POINT('',(11.4,-21.95,0.));
#2311=CARTESIAN_POINT('Origin',(11.4,-21.95,0.));
#2312=CARTESIAN_POINT('',(7.8,-21.95,12.2));
#2313=CARTESIAN_POINT('',(11.4,-21.95,12.2));
#2314=CARTESIAN_POINT('',(5.7,-21.95,12.2));
#2315=CARTESIAN_POINT('',(7.8,-21.95,7.5));
#2316=CARTESIAN_POINT('',(7.8,-21.95,0.));
#2317=CARTESIAN_POINT('',(11.4,-21.95,7.5));
#2318=CARTESIAN_POINT('',(7.95,-21.95,7.5));
#2319=CARTESIAN_POINT('',(11.4,-21.95,0.));
#2320=CARTESIAN_POINT('Origin',(11.4,-28.,0.));
#2321=CARTESIAN_POINT('',(11.4,-28.,12.2));
#2322=CARTESIAN_POINT('',(11.4,-28.,0.));
#2323=CARTESIAN_POINT('',(11.4,-23.4,12.2));
#2324=CARTESIAN_POINT('',(11.4,-2.9175,12.2));
#2325=CARTESIAN_POINT('',(11.4,-23.4,3.35));
#2326=CARTESIAN_POINT('Origin',(11.4,-28.,0.));
#2327=CARTESIAN_POINT('',(11.4,-22.5,12.2));
#2328=CARTESIAN_POINT('',(11.4,-2.9175,12.2));
#2329=CARTESIAN_POINT('',(11.4,-22.5,7.5));
#2330=CARTESIAN_POINT('',(11.4,-23.375,7.5));
#2331=CARTESIAN_POINT('',(11.4,-22.5,3.35));
#2332=CARTESIAN_POINT('Origin',(7.8,-21.95,0.));
#2333=CARTESIAN_POINT('',(7.8,-22.5,12.2));
#2334=CARTESIAN_POINT('',(7.8,0.1075,12.2));
#2335=CARTESIAN_POINT('',(7.8,-22.5,7.5));
#2336=CARTESIAN_POINT('',(7.8,-22.5,3.35));
#2337=CARTESIAN_POINT('',(7.8,-20.35,7.5));
#2338=CARTESIAN_POINT('Origin',(22.,-22.5,6.7));
#2339=CARTESIAN_POINT('',(22.,-22.5,7.5));
#2340=CARTESIAN_POINT('',(13.25,-22.5,7.5));
#2341=CARTESIAN_POINT('',(22.,-22.5,12.2));
#2342=CARTESIAN_POINT('',(22.,-22.5,3.35));
#2343=CARTESIAN_POINT('',(11.,-22.5,12.2));
#2344=CARTESIAN_POINT('Origin',(-20.,-28.,0.));
#2345=CARTESIAN_POINT('',(20.,-28.,7.));
#2346=CARTESIAN_POINT('',(20.,-28.,0.));
#2347=CARTESIAN_POINT('',(22.,-28.,7.));
#2348=CARTESIAN_POINT('',(-22.,-28.,7.));
#2349=CARTESIAN_POINT('',(22.,-28.,12.2));
#2350=CARTESIAN_POINT('',(22.,-28.,7.));
#2351=CARTESIAN_POINT('',(-22.,-28.,12.2));
#2352=CARTESIAN_POINT('Origin',(-20.,-28.,0.));
#2353=CARTESIAN_POINT('',(-22.,-28.,12.2));
#2354=CARTESIAN_POINT('',(-22.,-28.,12.2));
#2355=CARTESIAN_POINT('',(-22.,-28.,7.));
#2356=CARTESIAN_POINT('',(-22.,-28.,7.));
#2357=CARTESIAN_POINT('',(-20.,-28.,7.));
#2358=CARTESIAN_POINT('',(-22.,-28.,7.));
#2359=CARTESIAN_POINT('',(-20.,-28.,0.));
#2360=CARTESIAN_POINT('Origin',(-13.,-23.4,6.7));
#2361=CARTESIAN_POINT('',(22.,-23.4,12.2));
#2362=CARTESIAN_POINT('',(-6.49999999999999,-23.4,12.2));
#2363=CARTESIAN_POINT('',(22.,-23.4,3.35));
#2364=CARTESIAN_POINT('Origin',(-4.92161866816332E-15,22.165,12.2));
#2365=CARTESIAN_POINT('',(22.,-28.,12.2));
#2366=CARTESIAN_POINT('Origin',(-4.92161866816332E-15,22.165,12.2));
#2367=CARTESIAN_POINT('',(-22.,28.,12.2));
#2368=CARTESIAN_POINT('',(-13.,-23.4,12.2));
#2369=CARTESIAN_POINT('',(-6.49999999999999,-23.4,12.2));
#2370=CARTESIAN_POINT('',(-13.,-22.5,12.2));
#2371=CARTESIAN_POINT('',(-13.,-22.3325,12.2));
#2372=CARTESIAN_POINT('',(11.,-22.5,12.2));
#2373=CARTESIAN_POINT('',(22.,-16.33,12.2));
#2374=CARTESIAN_POINT('',(22.,-28.,12.2));
#2375=CARTESIAN_POINT('',(-19.4,-16.33,12.2));
#2376=CARTESIAN_POINT('',(22.,-16.33,12.2));
#2377=CARTESIAN_POINT('',(-19.4,16.33,12.2));
#2378=CARTESIAN_POINT('',(-19.4,-16.5,12.2));
#2379=CARTESIAN_POINT('',(22.,16.33,12.2));
#2380=CARTESIAN_POINT('',(-22.,16.33,12.2));
#2381=CARTESIAN_POINT('',(22.,22.5,12.2));
#2382=CARTESIAN_POINT('',(22.,16.33,12.2));
#2383=CARTESIAN_POINT('',(-13.,22.5,12.2));
#2384=CARTESIAN_POINT('',(-6.5,22.5,12.2));
#2385=CARTESIAN_POINT('',(-13.,23.4,12.2));
#2386=CARTESIAN_POINT('',(-13.,22.7825,12.2));
#2387=CARTESIAN_POINT('',(22.,23.4,12.2));
#2388=CARTESIAN_POINT('',(11.,23.4,12.2));
#2389=CARTESIAN_POINT('',(22.,16.33,12.2));
#2390=CARTESIAN_POINT('Origin',(0.,0.,0.));
#2391=CARTESIAN_POINT('',(2.58381963629825E-15,-7.5,7.));
#2392=CARTESIAN_POINT('',(2.58381963629825E-15,-7.5,0.));
#2393=CARTESIAN_POINT('Origin',(0.,0.,7.));
#2394=CARTESIAN_POINT('Origin',(-19.4,16.5,7.));
#2395=CARTESIAN_POINT('',(-19.4,16.5,11.9875));
#2396=CARTESIAN_POINT('',(-22.,16.5,11.9875));
#2397=CARTESIAN_POINT('',(-20.7,16.5,11.9875));
#2398=CARTESIAN_POINT('',(-19.4,16.5,7.));
#2399=CARTESIAN_POINT('',(-19.4,16.5,7.));
#2400=CARTESIAN_POINT('',(-22.,16.5,7.));
#2401=CARTESIAN_POINT('',(-9.7,16.5,7.));
#2402=CARTESIAN_POINT('',(-22.,16.5,7.));
#2403=CARTESIAN_POINT('Origin',(-19.4,-16.5,7.));
#2404=CARTESIAN_POINT('',(-19.4,13.2724390243902,16.0219512195122));
#2405=CARTESIAN_POINT('',(-19.4,-16.5,11.9875));
#2406=CARTESIAN_POINT('',(-19.4,-19.7114634146341,7.97317073170732));
#2407=CARTESIAN_POINT('',(-19.4,-16.5,7.));
#2408=CARTESIAN_POINT('',(-19.4,-16.5,7.));
#2409=CARTESIAN_POINT('',(-19.4,-8.25,7.));
#2410=CARTESIAN_POINT('Origin',(-22.,-16.5,7.));
#2411=CARTESIAN_POINT('',(-22.,-16.5,11.9875));
#2412=CARTESIAN_POINT('',(3.66373598126302E-15,-16.5,11.9875));
#2413=CARTESIAN_POINT('',(-22.,-16.5,7.));
#2414=CARTESIAN_POINT('',(-22.,-16.5,7.));
#2415=CARTESIAN_POINT('',(-11.,-16.5,7.));
#2416=CARTESIAN_POINT('Origin',(-22.,20.49,7.));
#2417=CARTESIAN_POINT('',(-22.,20.49,7.));
#2418=CARTESIAN_POINT('',(-22.,20.49,7.));
#2419=CARTESIAN_POINT('',(-13.,20.49,7.));
#2420=CARTESIAN_POINT('',(-11.,20.49,7.));
#2421=CARTESIAN_POINT('',(-13.,20.09,7.5));
#2422=CARTESIAN_POINT('',(-13.,20.9553658536585,6.41829268292683));
#2423=CARTESIAN_POINT('',(22.,20.09,7.5));
#2424=CARTESIAN_POINT('',(-8.75,20.09,7.5));
#2425=CARTESIAN_POINT('',(22.,20.49,7.));
#2426=CARTESIAN_POINT('',(4.22222222222219,20.01,7.6));
#2427=CARTESIAN_POINT('',(-11.,20.01,7.6));
#2428=CARTESIAN_POINT('',(-12.3043537822677,20.01,7.6));
#2429=CARTESIAN_POINT('',(-11.,16.65,11.8));
#2430=CARTESIAN_POINT('',(-11.,20.2890243902439,7.25121951219512));
#2431=CARTESIAN_POINT('',(4.22222222222216,16.65,11.8));
#2432=CARTESIAN_POINT('',(-12.3043537822677,16.65,11.8));
#2433=CARTESIAN_POINT('',(4.22222222222223,20.1817073170731,7.38536585365868));
#2434=CARTESIAN_POINT('Origin',(0.,0.,7.));
#2435=CARTESIAN_POINT('',(-13.,15.,7.));
#2436=CARTESIAN_POINT('',(-6.5,15.,7.));
#2437=CARTESIAN_POINT('',(-13.,11.25,7.));
#2438=CARTESIAN_POINT('',(-22.,26.,7.));
#2439=CARTESIAN_POINT('',(-22.,-20.49,7.));
#2440=CARTESIAN_POINT('',(-22.,26.,7.));
#2441=CARTESIAN_POINT('',(-13.,-20.49,7.));
#2442=CARTESIAN_POINT('',(11.,-20.49,7.));
#2443=CARTESIAN_POINT('',(-13.,-7.5,7.));
#2444=CARTESIAN_POINT('',(22.,-15.,7.));
#2445=CARTESIAN_POINT('',(11.,-15.,7.));
#2446=CARTESIAN_POINT('',(22.,-26.,7.));
#2447=CARTESIAN_POINT('Origin',(22.,-20.49,7.));
#2448=CARTESIAN_POINT('',(22.,-20.09,7.5));
#2449=CARTESIAN_POINT('',(22.,-20.49,7.));
#2450=CARTESIAN_POINT('',(-13.,-20.09,7.5));
#2451=CARTESIAN_POINT('',(13.25,-20.09,7.5));
#2452=CARTESIAN_POINT('',(-13.,-19.4919512195122,8.24756097560976));
#2453=CARTESIAN_POINT('',(-22.,-20.49,7.));
#2454=CARTESIAN_POINT('',(-11.,-20.01,7.6));
#2455=CARTESIAN_POINT('',(4.2222222222222,-20.01,7.6));
#2456=CARTESIAN_POINT('',(9.6956462177323,-20.01,7.6));
#2457=CARTESIAN_POINT('',(4.22222222222217,-16.65,11.8));
#2458=CARTESIAN_POINT('',(4.22222222222222,-20.1817073170732,7.38536585365849));
#2459=CARTESIAN_POINT('',(-11.,-16.65,11.8));
#2460=CARTESIAN_POINT('',(9.6956462177323,-16.65,11.8));
#2461=CARTESIAN_POINT('',(-11.,-20.2890243902439,7.25121951219512));
#2462=CARTESIAN_POINT('Origin',(-11.,20.21,7.6));
#2463=CARTESIAN_POINT('',(-11.,19.66,7.6));
#2464=CARTESIAN_POINT('',(-11.,20.21,7.6));
#2465=CARTESIAN_POINT('',(-11.,16.3,11.8));
#2466=CARTESIAN_POINT('',(-11.,19.66,7.6));
#2467=CARTESIAN_POINT('',(-11.,16.85,11.8));
#2468=CARTESIAN_POINT('Origin',(-2.60870756453541,19.9875599711545,7.6));
#2469=CARTESIAN_POINT('',(-2.,19.66,7.6));
#2470=CARTESIAN_POINT('',(-2.,19.66,7.6));
#2471=CARTESIAN_POINT('',(-11.,19.66,7.6));
#2472=CARTESIAN_POINT('Origin',(-2.60870756453541,16.6275599711545,11.8));
#2473=CARTESIAN_POINT('',(-2.,16.3,11.8));
#2474=CARTESIAN_POINT('',(-11.,16.3,11.8));
#2475=CARTESIAN_POINT('',(-2.,16.3,11.8));
#2476=CARTESIAN_POINT('Origin',(-11.,19.66,7.6));
#2477=CARTESIAN_POINT('',(-2.,19.66,7.6));
#2478=CARTESIAN_POINT('Origin',(-2.,19.66,7.6));
#2479=CARTESIAN_POINT('Origin',(4.5,18.75,7.5));
#2480=CARTESIAN_POINT('',(-13.,22.5,7.5));
#2481=CARTESIAN_POINT('',(-13.,22.5,7.5));
#2482=CARTESIAN_POINT('',(22.,22.5,7.5));
#2483=CARTESIAN_POINT('',(-4.25,22.5,7.5));
#2484=CARTESIAN_POINT('',(22.,-3.625,7.5));
#2485=CARTESIAN_POINT('Origin',(-13.,15.,6.7));
#2486=CARTESIAN_POINT('',(-13.,15.,6.7));
#2487=CARTESIAN_POINT('Origin',(22.,-26.,0.));
#2488=CARTESIAN_POINT('',(22.,22.5,3.35));
#2489=CARTESIAN_POINT('Origin',(22.,-26.,0.));
#2490=CARTESIAN_POINT('',(22.,-15.,3.35));
#2491=CARTESIAN_POINT('',(22.,-26.,7.));
#2492=CARTESIAN_POINT('',(22.,-28.,7.));
#2493=CARTESIAN_POINT('',(22.,-26.,0.));
#2494=CARTESIAN_POINT('',(22.,26.,7.));
#2495=CARTESIAN_POINT('',(22.,26.,0.));
#2496=CARTESIAN_POINT('',(22.,20.49,7.));
#2497=CARTESIAN_POINT('',(22.,23.4,3.35));
#2498=CARTESIAN_POINT('Origin',(-13.,22.5,6.7));
#2499=CARTESIAN_POINT('',(-13.,22.5,6.7));
#2500=CARTESIAN_POINT('Origin',(-13.,23.4,6.7));
#2501=CARTESIAN_POINT('',(-13.,23.4,6.7));
#2502=CARTESIAN_POINT('Origin',(22.,23.4,6.7));
#2503=CARTESIAN_POINT('Origin',(-5.38347144640738E-15,24.245,7.));
#2504=CARTESIAN_POINT('',(-22.,26.,7.));
#2505=CARTESIAN_POINT('',(-20.,28.,7.));
#2506=CARTESIAN_POINT('',(-22.,28.,7.));
#2507=CARTESIAN_POINT('Origin',(-5.38347144640738E-15,24.245,7.));
#2508=CARTESIAN_POINT('',(22.,26.,7.));
#2509=CARTESIAN_POINT('Origin',(-2.,-19.66,7.6));
#2510=CARTESIAN_POINT('',(-2.,-19.66,7.6));
#2511=CARTESIAN_POINT('',(-2.,-19.66,7.6));
#2512=CARTESIAN_POINT('',(-2.,-16.3,11.8));
#2513=CARTESIAN_POINT('',(-2.,-19.66,7.6));
#2514=CARTESIAN_POINT('',(-2.,-16.3,11.8));
#2515=CARTESIAN_POINT('Origin',(-2.6087075645354,-19.9875599711545,7.6));
#2516=CARTESIAN_POINT('',(-11.,-19.66,7.6));
#2517=CARTESIAN_POINT('',(-11.,-20.21,7.6));
#2518=CARTESIAN_POINT('',(-11.,-19.66,7.6));
#2519=CARTESIAN_POINT('Origin',(-2.6087075645354,-16.6275599711545,11.8));
#2520=CARTESIAN_POINT('',(-11.,-16.3,11.8));
#2521=CARTESIAN_POINT('',(-11.,-16.3,11.8));
#2522=CARTESIAN_POINT('',(-11.,-16.85,11.8));
#2523=CARTESIAN_POINT('Origin',(-11.,-20.21,7.6));
#2524=CARTESIAN_POINT('',(-11.,-19.66,7.6));
#2525=CARTESIAN_POINT('Origin',(-11.,-19.66,7.6));
#2526=CARTESIAN_POINT('Origin',(22.,-15.,6.7));
#2527=CARTESIAN_POINT('Origin',(4.50000000000001,-18.75,7.5));
#2528=CARTESIAN_POINT('',(-13.,-22.5,7.5));
#2529=CARTESIAN_POINT('',(13.25,-22.5,7.5));
#2530=CARTESIAN_POINT('',(-13.,-15.,7.5));
#2531=CARTESIAN_POINT('',(22.,-22.375,7.5));
#2532=CARTESIAN_POINT('Origin',(22.,-22.5,6.7));
#2533=CARTESIAN_POINT('',(-13.,-22.5,6.7));
#2534=CARTESIAN_POINT('Origin',(22.,-26.,0.));
#2535=CARTESIAN_POINT('Origin',(-13.,-23.4,6.7));
#2536=CARTESIAN_POINT('',(-13.,-23.4,6.7));
#2537=CARTESIAN_POINT('Origin',(-13.,-22.5,6.7));
#2538=CARTESIAN_POINT('Origin',(5.38347144640738E-15,-24.245,7.));
#2539=CARTESIAN_POINT('',(20.,-28.,7.));
#2540=CARTESIAN_POINT('Origin',(5.38347144640738E-15,-24.245,7.));
#2541=CARTESIAN_POINT('',(-22.,-26.,7.));
#2542=CARTESIAN_POINT('',(-22.,-26.,7.));
#2543=CARTESIAN_POINT('',(-22.,-20.49,7.));
#2544=CARTESIAN_POINT('Origin',(-22.,-26.,0.));
#2545=CARTESIAN_POINT('',(-22.,-26.,0.));
#2546=CARTESIAN_POINT('Origin',(-22.,26.,0.));
#2547=CARTESIAN_POINT('',(-22.,26.,0.));
#2548=CARTESIAN_POINT('Origin',(-20.,28.,0.));
#2549=CARTESIAN_POINT('Origin',(22.,26.,0.));
#2550=CARTESIAN_POINT('Origin',(20.,-28.,0.));
#2551=UNCERTAINTY_MEASURE_WITH_UNIT(LENGTH_MEASURE(0.01),#2555,
'DISTANCE_ACCURACY_VALUE',
'Maximum model space distance between geometric entities at asserted c
onnectivities');
#2552=UNCERTAINTY_MEASURE_WITH_UNIT(LENGTH_MEASURE(0.01),#2555,
'DISTANCE_ACCURACY_VALUE',
'Maximum model space distance between geometric entities at asserted c
onnectivities');
#2553=(
GEOMETRIC_REPRESENTATION_CONTEXT(3)
GLOBAL_UNCERTAINTY_ASSIGNED_CONTEXT((#2551))
GLOBAL_UNIT_ASSIGNED_CONTEXT((#2555,#2557,#2558))
REPRESENTATION_CONTEXT('','3D')
);
#2554=(
GEOMETRIC_REPRESENTATION_CONTEXT(3)
GLOBAL_UNCERTAINTY_ASSIGNED_CONTEXT((#2552))
GLOBAL_UNIT_ASSIGNED_CONTEXT((#2555,#2557,#2558))
REPRESENTATION_CONTEXT('','3D')
);
#2555=(
LENGTH_UNIT()
NAMED_UNIT(*)
SI_UNIT(.MILLI.,.METRE.)
);
#2556=(
LENGTH_UNIT()
NAMED_UNIT(*)
SI_UNIT($,.METRE.)
);
#2557=(
NAMED_UNIT(*)
PLANE_ANGLE_UNIT()
SI_UNIT($,.RADIAN.)
);
#2558=(
NAMED_UNIT(*)
SI_UNIT($,.STERADIAN.)
SOLID_ANGLE_UNIT()
);
#2559=SHAPE_DEFINITION_REPRESENTATION(#2560,#2561);
#2560=PRODUCT_DEFINITION_SHAPE('',$,#2563);
#2561=SHAPE_REPRESENTATION('',(#1609),#2553);
#2562=PRODUCT_DEFINITION_CONTEXT('part definition',#2567,'design');
#2563=PRODUCT_DEFINITION('2026-10-03-13-24-07-491',
'Receiver_M2_bolt_v2',#2564,#2562);
#2564=PRODUCT_DEFINITION_FORMATION('',$,#2569);
#2565=PRODUCT_RELATED_PRODUCT_CATEGORY('Receiver_M2_bolt_v2',
'Receiver_M2_bolt_v2',(#2569));
#2566=APPLICATION_PROTOCOL_DEFINITION('international standard',
'automotive_design',2009,#2567);
#2567=APPLICATION_CONTEXT(
'Core Data for Automotive Mechanical Design Process');
#2568=PRODUCT_CONTEXT('part definition',#2567,'mechanical');
#2569=PRODUCT('2026-10-03-13-24-07-491','Receiver_M2_bolt_v2',$,(#2568));
#2570=PRESENTATION_STYLE_ASSIGNMENT((#2571));
#2571=SURFACE_STYLE_USAGE(.BOTH.,#2572);
#2572=SURFACE_SIDE_STYLE('',(#2573));
#2573=SURFACE_STYLE_FILL_AREA(#2574);
#2574=FILL_AREA_STYLE('\X2\94A2\X0\ - \X2\7F0E5149\X0\',(#2575));
#2575=FILL_AREA_STYLE_COLOUR('\X2\94A2\X0\ - \X2\7F0E5149\X0\',#2576);
#2576=COLOUR_RGB('\X2\94A2\X0\ - \X2\7F0E5149\X0\',0.627450980392157,0.627450980392157,
0.627450980392157);
ENDSEC;
END-ISO-10303-21;
